{
    "parent": "item/handheld",
    "textures": {
        "layer0": "items/diamond_axe"
    },
	"overrides": [
		{
		   "predicate": {
		      "damaged": 1,
		      "damage": 0.00
		   },
		   "model": "item/diamond_axe_org"
		},
		{
		   "predicate": {
		      "damaged": 0,
		      "damage": 0.00128
		   },
		   "model": "item/p30"
		},
		{
		   "predicate": {
		      "damaged": 0,
		      "damage": 0.00192
		   },
		   "model": "item/pkp"
		},
		{
		   "predicate": {
		      "damaged": 0,
		      "damage": 0.0025
		   },
		   "model": "item/mp5"
		},
		{
		   "predicate": {
		      "damaged": 0,
		      "damage": 0.0032
		   },
		   "model": "item/ak47"
		},
		{
		   "predicate": {
		      "damaged": 0,
		      "damage": 0.0038
		   },
		   "model": "item/ak47u"
		},
		{
		   "predicate": {
		      "damaged": 0,
		      "damage": 0.0044
		   },
		   "model": "item/m16"
		},
		{
		   "predicate": {
		      "damaged": 0,
		      "damage": 0.0051
		   },
		   "model": "item/remmington"
		},
		{
		   "predicate": {
		      "damaged": 0,
		      "damage": 0.0057
		   },
		   "model": "item/fnfal"
		},
		{
		   "predicate": {
		      "damaged": 0,
		      "damage": 0.0064
		   },
		   "model": "item/rpg"
		},
		{
		   "predicate": {
		      "damaged": 0,
		      "damage": 0.007
		   },
		   "model": "item/ump"
		},
		{
		   "predicate": {
		      "damaged": 0,
		      "damage": 0.0076
		   },
		   "model": "item/sw1911"
		},
		{
		   "predicate": {
		      "damaged": 0,
		      "damage": 0.0083
		   },
		   "model": "item/m40"
		},
		{
		   "predicate": {
		      "damaged": 0,
		      "damage": 0.0085
		   },
		   "model": "item/ammo556"
		},
		{
		   "predicate": {
		      "damaged": 0,
		      "damage": 0.0091
		   },
		   "model": "item/ammo9mm"
		},
		{
		   "predicate": {
		      "damaged": 0,
		      "damage": 0.0098
		   },
		   "model": "item/ammoshotgun"
		},
		{
		   "predicate": {
		      "damaged": 0,
		      "damage": 0.0104
		   },
		   "model": "item/ammorpg"
		},
		{
		   "predicate": {
		      "damaged": 0,
		      "damage": 0.011
		   },
		   "model": "item/enfield"
		},
		{
		   "predicate": {
		      "damaged": 0,
		      "damage": 0.0120
		   },
		   "model": "item/henry"
		},
		{
		   "predicate": {
		      "damaged": 0,
		      "damage": 0.0126
		   },
		   "model": "item/mouser"
		},
		{
		   "predicate": {
		      "damaged": 0,
		      "damage": 0.0131
		   },
		   "model": "item/aiming"
		},
		{
		   "predicate": {
		      "damaged": 0,
		      "damage": 0.0137
		   },
		   "model": "item/grenade"
		},
		{
		   "predicate": {
		      "damaged": 0,
		      "damage": 0.0143
		   },
		   "model": "item/dragunov"
		},
		{
		   "predicate": {
		      "damaged": 0,
		      "damage": 0.0149
		   },
		   "model": "item/spas"
		},
		{
		   "predicate": {
		      "damaged": 0,
		      "damage": 0.0155
		   },
		   "model": "item/assaultmask"
		},
		{
		   "predicate": {
		      "damaged": 0,
		      "damage": 0.0161
		   },
		   "model": "item/aa12"
		},
		{
		   "predicate": {
		      "damaged": 0,
		      "damage": 0.0237
		   },
		   "model": "item/medkit"
		},
		{
		   "predicate": {
		      "damaged": 0,
		      "damage": 0.0243
		   },
		   "model": "item/magnum"
		},
		{
		   "predicate": {
		      "damaged": 0,
		      "damage": 0.0249
		   },
		   "model": "item/awp"
		},
		{
		   "predicate": {
		      "damaged": 0,
		      "damage": 0.0255
		   },
		   "model": "item/smokegrenade"
		},
		{
		   "predicate": {
		      "damaged": 0,
		      "damage": 0.0261
		   },
		   "model": "item/flashbang"
		},
		{
		   "predicate": {
		      "damaged": 0,
		      "damage": 0.0267
		   },
		   "model": "item/p30sil"
		},
		{
		   "predicate": {
		      "damaged": 0,
		      "damage": 0.0273
		   },
		   "model": "item/awp2"
		},
		{
		   "predicate": {
		      "damaged": 0,
		      "damage": 0.0280
		   },
		   "model": "item/m4a1s"
		},
		{
		   "predicate": {
		      "damaged": 0,
		      "damage": 0.0286
		   },
		   "model": "item/rpk"
		},
		{
		   "predicate": {
		      "damaged": 0,
		      "damage": 0.0292
		   },
		   "model": "item/sg553"
		},
		{
		   "predicate": {
		      "damaged": 0,
		      "damage": 0.0298
		   },
		   "model": "item/fivesevenfive"
		},
		{
		   "predicate": {
		      "damaged": 0,
		      "damage": 0.0304
		   },
		   "model": "item/dp27"
		},
		{
		   "predicate": {
		      "damaged": 0,
		      "damage": 0.0310
		   },
		   "model": "item/incendarygrenade"
		},
		{
		   "predicate": {
		      "damaged": 0,
		      "damage": 0.0316
		   },
		   "model": "item/homingrpg"
		},
		{
		   "predicate": {
		      "damaged": 0,
		      "damage": 0.0322
		   },
		   "model": "item/ammomusketball"
		},
		{
		   "predicate": {
		      "damaged": 0,
		      "damage": 0.0328
		   },
		   "model": "item/musketpistol"
		},
		{
		   "predicate": {
		      "damaged": 0,
		      "damage": 0.0339
		   },
		   "model": "item/ammofusion"
		},
		{
		   "predicate": {
		      "damaged": 0,
		      "damage": 0.0345
		   },
		   "model": "item/lazerrifle"
		},
		{
		   "predicate": {
		      "damaged": 0,
		      "damage": 0.0351
		   },
		   "model": "item/fatman"
		},
		{
		   "predicate": {
		      "damaged": 0,
		      "damage": 0.0357
		   },
		   "model": "item/ammomininuke"
		},
		{
		   "predicate": {
		      "damaged": 0,
		      "damage": 0.0363
		   },
		   "model": "item/fo10mm"
		},
		{
		   "predicate": {
		      "damaged": 0,
		      "damage": 0.0370
		   },
		   "model": "item/instituterifle"
		},
		{
		   "predicate": {
		      "damaged": 0,
		      "damage": 0.0376
		   },
		   "model": "item/ncrmask"
		},
		{
		   "predicate": {
		      "damaged": 0,
		      "damage": 0.0382
		   },
		   "model": "item/skimask"
		},
		{
		   "predicate": {
		      "damaged": 0,
		      "damage": 0.0388
		   },
		   "model": "item/ushankahat"
		},
		{
		   "predicate": {
		      "damaged": 0,
		      "damage": 0.0394
		   },
		   "model": "item/kevlarmk1angle4"
		},
		{
		   "predicate": {
		      "damaged": 0,
		      "damage": 0.0400
		   },
		   "model": "item/musketrifle"
		},
		{
		   "predicate": {
		      "damaged": 0,
		      "damage": 0.0406
		   },
		   "model": "item/aliens"
		},
		{
		   "predicate": {
		      "damaged": 0,
		      "damage": 0.0412
		   },
		   "model": "item/auto9"
		},
		{
		   "predicate": {
		      "damaged": 0,
		      "damage": 0.0418
		   },
		   "model": "item/arcgun"
		},
		{
		   "predicate": {
		      "damaged": 0,
		      "damage": 0.0424
		   },
		   "model": "item/halo"
		},
		{
		   "predicate": {
		      "damaged": 0,
		      "damage": 0.0430
		   },
		   "model": "item/needler"
		},
		{
		   "predicate": {
		      "damaged": 0,
		      "damage": 0.0442
		   },
		   "model": "item/thatgun"
		},
		{
		   "predicate": {
		      "damaged": 0,
		      "damage": 0.0448
		   },
		   "model": "item/lightsaberblue"
		},
		{
		   "predicate": {
		      "damaged": 0,
		      "damage": 0.0454
		   },
		   "model": "item/lightsaberred"
		},
		{
		   "predicate": {
		      "damaged": 0,
		      "damage": 0.0460
		   },
		   "model": "item/swblaster"
		},
		{
		   "predicate": {
		      "damaged": 0,
		      "damage": 0.0466
		   },
		   "model": "item/overwatchpulsegun"
		},
		{
		   "predicate": {
		      "damaged": 0,
		      "damage": 0.0472
		   },
		   "model": "item/vera"
		},
		{
		   "predicate": {
		      "damaged": 0,
		      "damage": 0.0478
		   },
		   "model": "item/mac10"
		},
		{
		   "predicate": {
		      "damaged": 0,
		      "damage": 0.0484
		   },
		   "model": "item/uzi"
		},
		{
		   "predicate": {
		      "damaged": 0,
		      "damage": 0.0490
		   },
		   "model": "item/skorpion"
		},
		{
		   "predicate": {
		      "damaged": 0,
		      "damage": 0.0496
		   },
		   "model": "item/sks"
		},
		{
		   "predicate": {
		      "damaged": 0,
		      "damage": 0.0502
		   },
		   "model": "item/ammo762"
		},
		{
		   "predicate": {
		      "damaged": 0,
		      "damage": 0.0508
		   },
		   "model": "item/tankisbase"
		},
		{
		   "predicate": {
		      "damaged": 0,
		      "damage": 0.0514
		   },
		   "model": "item/moskvitch"
		},
		{
		   "predicate": {
		      "damaged": 0,
		      "damage": 0.0520
		   },
		   "model": "item/ladaniva"
		},
		{
		   "predicate": {
		      "damaged": 0,
		      "damage": 0.0526
		   },
		   "model": "item/jeep"
		},
		{
		   "predicate": {
		      "damaged": 0,
		      "damage": 0.0538
		   },
		   "model": "item/heli"
		},
		{
		   "predicate": {
		      "damaged": 0,
		      "damage": 0.0544
		   },
		   "model": "item/trolly"
		},
		{
		   "predicate": {
		      "damaged": 0,
		      "damage": 0.0550
		   },
		   "model": "item/civilboat1"
		},
		{
		   "predicate": {
		      "damaged": 0,
		      "damage": 0.0556
		   },
		   "model": "item/mig1"
		},
		{
		   "predicate": {
		      "damaged": 0,
		      "damage": 0.0562
		   },
		   "model": "item/polikarpov"
		},
		{
		   "predicate": {
		      "damaged": 0,
		      "damage": 0.0568
		   },
		   "model": "item/cadillac62"
		},
		{
		   "predicate": {
		      "damaged": 0,
		      "damage": 0.0574
		   },
		   "model": "item/ammo50cal"
		},
		{
		   "predicate": {
		      "damaged": 0,
		      "damage": 0.0580
		   },
		   "model": "item/barrett"
		},
		{
		   "predicate": {
		      "damaged": 0,
		      "damage": 0.0586
		   },
		   "model": "item/motorcycle"
		},
		{
		   "predicate": {
		      "damaged": 0,
		      "damage": 0.0592
		   },
		   "model": "item/makarov"
		},
		{
		   "predicate": {
		      "damaged": 0,
		      "damage": 0.0598
		   },
		   "model": "item/truck"
		},
		{
		   "predicate": {
		      "damaged": 0,
		      "damage": 0.0604
		   },
		   "model": "item/shoppingcart"
		},
		{
		   "predicate": {
		      "damaged": 0,
		      "damage": 0.0610
		   },
		   "model": "item/policeveh"
		},
		{
		   "predicate": {
		      "damaged": 0,
		      "damage": 0.0616
		   },
		   "model": "item/unmarkedvan"
		},
		{
		   "predicate": {
		      "damaged": 0,
		      "damage": 0.0622
		   },
		   "model": "item/ppsh41"
		},
		{
		   "predicate": {
		      "damaged": 0,
		      "damage": 0.0634
		   },
		   "model": "item/ammo40m"
		},
		{
		   "predicate": {
		      "damaged": 0,
		      "damage": 0.0640
		   },
		   "model": "item/m79"
		},
		{
		   "predicate": {
		      "damaged": 0,
		      "damage": 0.0646
		   },
		   "model": "item/minigun"
		},
		{
		   "predicate": {
		      "damaged": 0,
		      "damage": 0.0652
		   },
		   "model": "item/mark19"
		},
		{
		   "predicate": {
		      "damaged": 0,
		      "damage": 0.0658
		   },
		   "model": "item/asval"
		},
		{
		   "predicate": {
		      "damaged": 0,
		      "damage": 0.0664
		   },
		   "model": "item/bus"
		},
		{
		   "predicate": {
		      "damaged": 0,
		      "damage": 0.0670
		   },
		   "model": "item/fnp90"
		},
		{
		   "predicate": {
		      "damaged": 0,
		      "damage": 0.0676
		   },
		   "model": "item/kar98k"
		},
		{
		   "predicate": {
		      "damaged": 0,
		      "damage": 0.0682
		   },
		   "model": "item/mp40"
		},
		{
		   "predicate": {
		      "damaged": 0,
		      "damage": 0.0688
		   },
		   "model": "item/stg44"
		},
		{
		   "predicate": {
		      "damaged": 0,
		      "damage": 0.0694
		   },
		   "model": "item/sawshotgun"
		},
		{
		   "predicate": {
		      "damaged": 0,
		      "damage": 0.0702
		   },
		   "model": "item/famas"
		},
		{
		   "predicate": {
		      "damaged": 0,
		      "damage": 0.0710
		   },
		   "model": "item/b2plane"
		},
		{
		   "predicate": {
		      "damaged": 0,
		      "damage": 0.0716
		   },
		   "model": "item/privateplane"
		},
		{
		   "predicate": {
		      "damaged": 0,
		      "damage": 0.0722
		   },
		   "model": "item/flamer"
		},
		{
		   "predicate": {
		      "damaged": 0,
		      "damage": 0.0728
		   },
		   "model": "item/ambulance"
		},
		{
		   "predicate": {
		      "damaged": 0,
		      "damage": 0.0734
		   },
		   "model": "item/swspeederbike"
		},
		{
		   "predicate": {
		      "damaged": 0,
		      "damage": 0.0740
		   },
		   "model": "item/swlandspeeder"
		},
		{
		   "predicate": {
		      "damaged": 0,
		      "damage": 0.0746
		   },
		   "model": "item/stengun"
		},
		{
		   "predicate": {
		      "damaged": 0,
		      "damage": 0.0752
		   },
		   "model": "item/bumpercarred"
		},
		{
		   "predicate": {
		      "damaged": 0,
		      "damage": 0.0758
		   },
		   "model": "item/diamond_axe_org"
		}
	]
}