{
	"__comment": "HenryRifle Model Made by Zombie_Striker",
    "textures": {
        "0": "items/henryrifle"
    },
    "elements": [
        {
            "name": "stock",
            "from": [ 7.1, -2.0, 8.0 ], 
            "to": [ 8.9, 6.0, 11.0 ], 
            "rotation": { "origin": [ 8.0, 6.0, 10.0 ], "axis": "x", "angle": -45.0 },
            "faces": {
                "north": { "texture": "#0", "uv": [ 1.0, 7.0, 2.8, 15.0 ] },
                "east": { "texture": "#0", "uv": [ 1.0, 8.0, 4.0, 16.0 ] },
                "south": { "texture": "#0", "uv": [ 3.0, 8.0, 4.8, 16.0 ] },
                "west": { "texture": "#0", "uv": [ 2.0, 8.0, 5.0, 16.0 ] },
                "up": { "texture": "#0", "uv": [ 3.0, 12.0, 4.8, 15.0 ] },
                "down": { "texture": "#0", "uv": [ 2.0, 8.0, 3.8, 11.0 ] }
            }
        },
        {
            "name": "gold",
            "from": [ 7.0, 3.5, 5.5 ], 
            "to": [ 9.0, 6.5, 11.5 ], 
            "faces": {
                "north": { "texture": "#0", "uv": [ 11.0, 12.0, 13.0, 15.0 ] },
                "east": { "texture": "#0", "uv": [ 10.0, 10.0, 16.0, 13.0 ] },
                "south": { "texture": "#0", "uv": [ 12.0, 11.0, 14.0, 14.0 ] },
                "west": { "texture": "#0", "uv": [ 10.0, 12.0, 16.0, 15.0 ] },
                "up": { "texture": "#0", "uv": [ 13.0, 10.0, 15.0, 16.0 ] },
                "down": { "texture": "#0", "uv": [ 11.0, 10.0, 13.0, 16.0 ] }
            }
        },
        {
            "name": "barrel",
            "from": [ 7.5, 4.4, -10.0 ], 
            "to": [ 8.5, 6.4, 6.0 ], 
            "faces": {
                "north": { "texture": "#0", "uv": [ 0.0, 0.0, 1.0, 2.0 ] },
                "east": { "texture": "#0", "uv": [ 0.0, 0.0, 16.0, 2.0 ] },
                "south": { "texture": "#0", "uv": [ 0.0, 0.0, 1.0, 2.0 ] },
                "west": { "texture": "#0", "uv": [ 0.0, 0.0, 16.0, 2.0 ] },
                "up": { "texture": "#0", "uv": [ 8.0, 0.0, 9.0, 3.0 ] },
                "down": { "texture": "#0", "uv": [ 0.0, 0.0, 1.0, 3.0 ] }
            }
        },
        {
            "name": "trigger",
            "from": [ 7.5, 0.0, 4.0 ], 
            "to": [ 8.5, 6.0, 5.0 ], 
            "rotation": { "origin": [ 8.0, 8.0, 8.0 ], "axis": "x", "angle": -45.0 },
            "faces": {
                "north": { "texture": "#0", "uv": [ 0.0, 0.0, 1.0, 3.0 ] },
                "east": { "texture": "#0", "uv": [ 0.0, 0.0, 1.0, 3.0 ] },
                "south": { "texture": "#0", "uv": [ 0.0, 0.0, 1.0, 3.0 ] },
                "west": { "texture": "#0", "uv": [ 0.0, 0.0, 1.0, 3.0 ] },
                "up": { "texture": "#0", "uv": [ 0.0, 0.0, 1.0, 1.0 ] },
                "down": { "texture": "#0", "uv": [ 0.0, 0.0, 1.0, 1.0 ] }
            }
        },
        {
            "name": "backhandle",
            "from": [ 7.5, 4.0, 16.0 ], 
            "to": [ 8.5, 6.0, 17.0 ], 
            "rotation": { "origin": [ 8.0, 8.0, 8.0 ], "axis": "x", "angle": 45.0 },
            "faces": {
                "north": { "texture": "#0", "uv": [ 0.0, 0.0, 1.0, 2.0 ] },
                "east": { "texture": "#0", "uv": [ 0.0, 0.0, 1.0, 2.0 ] },
                "south": { "texture": "#0", "uv": [ 0.0, 0.0, 1.0, 2.0 ] },
                "west": { "texture": "#0", "uv": [ 0.0, 0.0, 1.0, 2.0 ] },
                "up": { "texture": "#0", "uv": [ 0.0, 0.0, 1.0, 1.0 ] },
                "down": { "texture": "#0", "uv": [ 0.0, 0.0, 1.0, 1.0 ] }
            }
        }
    ],
	"display": {
		"thirdperson_righthand": {
			"rotation":  [ -7, -2, -10 ],
			"translation":  [ 0, 4, -2 ],
			"scale":  [ 0.7, 0.7, 0.7]
		},
		"thirdperson_lefthand": {
			"rotation":  [ -7, 1, 11 ],
			"translation":  [ -15, 4, -2 ],
			"scale":  [ 0.7,0.7, 0.7]
		},
		"firstperson_righthand": {
			"rotation":  [ 0, -2, 0 ],
			"translation":  [ 0, 5, 0 ],
			"scale":  [ 1, 1, 1 ]
		},
		"firstperson_lefthand": {
			"rotation":  [ 0, 0, 0 ],
			"translation":  [ -9, 6, 0 ],
			"scale":  [ 1, 1, 1 ]
		},
		"gui": {
			"rotation":  [ 45, -50, 0 ],
			"translation":  [ 0, 3, 0 ],
			"scale":  [ 0.6, 0.6,  0.6 ]
		},
		"ground": {
			"rotation":  [ 0, 0, -23 ],
			"translation":  [ 3.59, -0.94, 6.05 ],
			"scale":  [ 1, 1, 1 ]
		},
		"fixed": {
			"rotation":  [ -1, 3, -41 ],
			"translation":  [ 12.28, 3.4, 10.39 ],
			"scale":  [ 3.37, 3.37, 3.4 ]
		}
	}
}