{
	"__comment": "M16 Model made by Hunajameloni",
	"textures": {
		"texture": "items/m16 new"
	},
	"elements": [
		{
			"from": [ -1.8125, 9.5625, 2 ],
			"to": [ 1.0625, 10.0625, 2.5625 ],
			"faces": {
				"down": { "uv": [ 11.5, 3, 8.5, 2.5 ], "texture": "#texture" },
				"up": { "uv": [ 8.5, 2.5, 11.5, 3 ], "texture": "#texture" },
				"north": { "uv": [ 8.5, 2.5, 11.5, 3 ], "texture": "#texture" },
				"south": { "uv": [ 8.5, 2.5, 11.5, 3 ], "texture": "#texture" },
				"west": { "uv": [ 10, 2.5, 10.5, 3 ], "texture": "#texture" },
				"east": { "uv": [ 10.5, 2.5, 11, 3 ], "texture": "#texture" }
			}
		},
		{
			"from": [ -0.1875, 9.781199, 2 ],
			"to": [ 0.28125, 11.18745, 2.75 ],
			"faces": {
				"down": { "uv": [ 9.5, 2, 9.8125, 2.5 ], "texture": "#texture" },
				"up": { "uv": [ 9.5, 2, 9.8125, 2.5 ], "texture": "#texture" },
				"north": { "uv": [ 9.5, 1.5, 9.8125, 2.4375 ], "texture": "#texture" },
				"south": { "uv": [ 9.5, 1.5, 9.8125, 2.4375 ], "texture": "#texture" },
				"west": { "uv": [ 9.5, 1.5, 10, 2.5 ], "texture": "#texture" },
				"east": { "uv": [ 9.5, 1.5, 10, 2.5 ], "texture": "#texture" }
			}
		},
		{
			"from": [ 0.3125, 9.75, 2 ],
			"to": [ 0.6875, 11.0625, 2.75 ],
			"rotation": { "origin": [ 0.3125, 11.0625, 2 ], "axis": "z", "angle": 22.5 },
			"faces": {
				"down": { "uv": [ 8.5, 2, 8.8125, 3 ], "texture": "#texture" },
				"up": { "uv": [ 8.5, 2, 8.8125, 3 ], "texture": "#texture" },
				"north": { "uv": [ 8.5, 2, 8.8125, 2.875 ], "texture": "#texture" },
				"south": { "uv": [ 8.5, 2, 8.8125, 2.875 ], "texture": "#texture" },
				"west": { "uv": [ 9, 2.5, 10, 3 ], "texture": "#texture" },
				"east": { "uv": [ 9, 2.5, 10, 3 ], "texture": "#texture" }
			}
		},
		{
			"from": [ -0.125, 10.7188, 2 ],
			"to": [ 0.71875, 11.1875, 2.75 ],
			"faces": {
				"down": { "uv": [ 10.5, 2.5, 11.1875, 3 ], "texture": "#texture" },
				"up": { "uv": [ 10, 2.5, 10.6875, 3 ], "texture": "#texture" },
				"north": { "uv": [ 10.8125, 2.5, 11.5, 2.8125 ], "texture": "#texture" },
				"south": { "uv": [ 10.8125, 2.5, 11.5, 2.8125 ], "texture": "#texture" },
				"west": { "uv": [ 10.5, 2.5, 11, 2.8125 ], "texture": "#texture" },
				"east": { "uv": [ 11.5, 2.5, 12, 2.8125 ], "texture": "#texture" }
			}
		},
		{
			"from": [ 1.4375, 9.125, 1.625 ],
			"to": [ 5.375, 10.4375, 3.0625 ],
			"faces": {
				"down": { "uv": [ 2, 2, 7, 3.5 ], "texture": "#texture" },
				"up": { "uv": [ 2, 2, 7, 3.5 ], "texture": "#texture" },
				"north": { "uv": [ 2, 2, 7, 3.5 ], "texture": "#texture" },
				"south": { "uv": [ 2, 2, 7, 3.5 ], "texture": "#texture" },
				"west": { "uv": [ 2.5, 2, 3, 3.5 ], "texture": "#texture" },
				"east": { "uv": [ 2.5, 2, 3, 3.5 ], "texture": "#texture" }
			}
		},
		{
			"from": [ 1.5, 9, 1.4375 ],
			"to": [ 5.375, 10, 3.3125 ],
			"faces": {
				"down": { "uv": [ 7, 3.5, 2, 2 ], "texture": "#texture" },
				"up": { "uv": [ 2, 2, 7, 3.5 ], "texture": "#texture" },
				"north": { "uv": [ 2, 2, 7, 3.5 ], "texture": "#texture" },
				"south": { "uv": [ 2, 2, 7, 3.5 ], "texture": "#texture" },
				"west": { "uv": [ 2, 2, 2.5, 3.5 ], "texture": "#texture" },
				"east": { "uv": [ 2.5, 2, 3, 3.5 ], "texture": "#texture" }
			}
		},
		{
			"from": [ 1.5, 8.875, 1.8125 ],
			"to": [ 5.875, 10.5, 2.84375 ],
			"faces": {
				"down": { "uv": [ 7, 3.5, 2, 2 ], "texture": "#texture" },
				"up": { "uv": [ 2, 2, 7, 3.5 ], "texture": "#texture" },
				"north": { "uv": [ 2, 2, 7, 3.5 ], "texture": "#texture" },
				"south": { "uv": [ 2, 2, 7, 3.5 ], "texture": "#texture" },
				"west": { "uv": [ 2, 2, 7, 3.5 ], "texture": "#texture" },
				"east": { "uv": [ 2, 2, 7, 3.5 ], "texture": "#texture" }
			}
		},
		{
			"from": [ 6.375, 7.3125, 1.625 ],
			"to": [ 7.96875, 9, 3.03125 ],
			"faces": {
				"down": { "uv": [ 1, 7, 6, 8.5 ], "texture": "#texture" },
				"up": { "uv": [ 1, 7, 6, 8.5 ], "texture": "#texture" },
				"north": { "uv": [ 1, 7, 6, 8.5 ], "texture": "#texture" },
				"south": { "uv": [ 1, 7, 6, 8.5 ], "texture": "#texture" },
				"west": { "uv": [ 1, 7.5, 2, 8.5 ], "texture": "#texture" },
				"east": { "uv": [ 1, 7.5, 2, 8.5 ], "texture": "#texture" }
			}
		},
		{
			"from": [ 5.6875, 9, 1.625 ],
			"to": [ 7.3125, 9.875, 3.125 ],
			"rotation": { "origin": [ 5.6875, 9.875, 1.625 ], "axis": "z", "angle": -22.5 },
			"faces": {
				"down": { "uv": [ 4.5, 7.5, 5.375, 8.5 ], "texture": "#texture" },
				"up": { "uv": [ 4.5, 7.5, 5.375, 8.5 ], "texture": "#texture" },
				"north": { "uv": [ 1, 7, 6, 8.5 ], "texture": "#texture" },
				"south": { "uv": [ 1, 7, 6, 8.5 ], "texture": "#texture" },
				"west": { "uv": [ 3.5, 7.5, 4.5, 8 ], "texture": "#texture" },
				"east": { "uv": [ 3.5, 7.5, 4.5, 8 ], "texture": "#texture" }
			}
		},
		{
			"from": [ 7.9375, 7.5, 1.625 ],
			"to": [ 9.5625, 7.875, 3.125 ],
			"faces": {
				"down": { "uv": [ 6, 8, 5.8125, 7 ], "texture": "#texture" },
				"up": { "uv": [ 5.5, 7, 5.6875, 8 ], "texture": "#texture" },
				"north": { "uv": [ 6, 7, 6.1875, 7.5 ], "texture": "#texture" },
				"south": { "uv": [ 6, 7, 6.1875, 7.5 ], "texture": "#texture" },
				"west": { "uv": [ 3.5, 7, 4.5, 7.5 ], "texture": "#texture" },
				"east": { "uv": [ 3.5, 7, 4.5, 7.5 ], "texture": "#texture" }
			}
		},
		{
			"from": [ 8.375, 8.5, 1.625 ],
			"to": [ 9.3125, 9.25, 3.125 ],
			"faces": {
				"down": { "uv": [ 1, 7, 6, 8.5 ], "texture": "#texture" },
				"up": { "uv": [ 1, 7, 6, 8.5 ], "texture": "#texture" },
				"north": { "uv": [ 1, 7, 6, 8.5 ], "texture": "#texture" },
				"south": { "uv": [ 1, 7, 6, 8.5 ], "texture": "#texture" },
				"west": { "uv": [ 1, 7, 6, 8.5 ], "texture": "#texture" },
				"east": { "uv": [ 1, 7, 6, 8.5 ], "texture": "#texture" }
			}
		},
		{
			"from": [ 9.3125, 8.9688, 1.625 ],
			"to": [ 10.3438, 10.18755, 3.125 ],
			"faces": {
				"down": { "uv": [ 1, 7.5, 1.6875, 8.5 ], "texture": "#texture" },
				"up": { "uv": [ 1, 7.5, 1.6875, 8.5 ], "texture": "#texture" },
				"north": { "uv": [ 7, 6.5, 8, 7 ], "texture": "#texture" },
				"south": { "uv": [ 7, 6.5, 8, 7 ], "texture": "#texture", "rotation": 180 },
				"west": { "uv": [ 5, 6.5, 6, 7 ], "texture": "#texture" },
				"east": { "uv": [ 4.5, 6.5, 5.5, 7 ], "texture": "#texture" }
			}
		},
		{
			"from": [ 5.2812, 9.156199, 1.625 ],
			"to": [ 9.4062, 10.09375, 3.03125 ],
			"faces": {
				"down": { "uv": [ 3, 6.5, 6, 8 ], "texture": "#texture" },
				"up": { "uv": [ 3, 6.5, 6, 7 ], "texture": "#texture" },
				"north": { "uv": [ 2.5, 6.5, 5, 8 ], "texture": "#texture" },
				"south": { "uv": [ 2.5, 6.5, 5.5, 8 ], "texture": "#texture" },
				"west": { "uv": [ 4, 6.5, 5, 8 ], "texture": "#texture" },
				"east": { "uv": [ 4, 6.5, 5, 8 ], "texture": "#texture" }
			}
		},
		{
			"from": [ 5.9375, 10.0938, 1.9062 ],
			"to": [ 9.96875, 10.6563, 2.74995 ],
			"faces": {
				"down": { "uv": [ 2, 6, 7.5, 6.5 ], "texture": "#texture" },
				"up": { "uv": [ 2, 6, 7.5, 6.5 ], "texture": "#texture" },
				"north": { "uv": [ 2, 6, 7.5, 6.5 ], "texture": "#texture" },
				"south": { "uv": [ 2, 6, 7.5, 6.5 ], "texture": "#texture" },
				"west": { "uv": [ 2, 6, 3, 6.5 ], "texture": "#texture" },
				"east": { "uv": [ 6.5, 6, 7.5, 6.5 ], "texture": "#texture" }
			}
		},
		{
			"from": [ 5.9375, 10.6563, 1.9062 ],
			"to": [ 6.40625, 11.2188, 2.74995 ],
			"faces": {
				"down": { "uv": [ 6.5, 5.5, 7.5, 6 ], "texture": "#texture" },
				"up": { "uv": [ 6.5, 5.5, 7.5, 6 ], "texture": "#texture" },
				"north": { "uv": [ 6.5, 5.5, 7.5, 6 ], "texture": "#texture" },
				"south": { "uv": [ 6.5, 5.5, 7.5, 6 ], "texture": "#texture" },
				"west": { "uv": [ 6.5, 5.5, 7.5, 6 ], "texture": "#texture" },
				"east": { "uv": [ 6.5, 5.5, 7.5, 6 ], "texture": "#texture" }
			}
		},
		{
			"from": [ 6.3125, 11.2188, 1.9062 ],
			"to": [ 9.59375, 11.5938, 2.74995 ],
			"faces": {
				"down": { "uv": [ 2.5, 4.5, 7, 5.5 ], "texture": "#texture" },
				"up": { "uv": [ 2.5, 4.5, 7, 5.5 ], "texture": "#texture" },
				"north": { "uv": [ 2.5, 4.5, 7, 5.5 ], "texture": "#texture" },
				"south": { "uv": [ 2.5, 4.5, 7, 5.5 ], "texture": "#texture" },
				"west": { "uv": [ 2.5, 4.5, 7, 5.5 ], "texture": "#texture" },
				"east": { "uv": [ 2.5, 4.5, 7, 5.5 ], "texture": "#texture" }
			}
		},
		{
			"from": [ 9.3125, 10.6563, 1.9062 ],
			"to": [ 9.875, 11.2188, 2.74995 ],
			"faces": {
				"down": { "uv": [ 6.5, 5.5, 7.5, 6 ], "texture": "#texture" },
				"up": { "uv": [ 6.5, 5.5, 7.5, 6 ], "texture": "#texture" },
				"north": { "uv": [ 6.5, 5.5, 7.5, 6 ], "texture": "#texture" },
				"south": { "uv": [ 6.5, 5.5, 7.5, 6 ], "texture": "#texture" },
				"west": { "uv": [ 6.5, 5.5, 7.5, 6 ], "texture": "#texture" },
				"east": { "uv": [ 6.5, 5.5, 7.5, 6 ], "texture": "#texture" }
			}
		},
		{
			"from": [ 6.3125, 11.0313, 1.9062 ],
			"to": [ 6.6875, 11.5938, 2.74995 ],
			"rotation": { "origin": [ 6.3125, 11.5938, 1.90625 ], "axis": "z", "angle": -45 },
			"faces": {
				"down": { "uv": [ 6.5, 5.5, 7.5, 6 ], "texture": "#texture" },
				"up": { "uv": [ 6.5, 5.5, 7.5, 6 ], "texture": "#texture" },
				"north": { "uv": [ 6.5, 5.5, 7.5, 6 ], "texture": "#texture" },
				"south": { "uv": [ 6.5, 5.5, 7.5, 6 ], "texture": "#texture" },
				"west": { "uv": [ 6.5, 5.5, 7.5, 6 ], "texture": "#texture" },
				"east": { "uv": [ 6.5, 5.5, 7.5, 6 ], "texture": "#texture" }
			}
		},
		{
			"from": [ 9.2188, 10.8438, 1.9062 ],
			"to": [ 9.7813, 11.4063, 2.74995 ],
			"rotation": { "origin": [ 9.21875, 11.4063, 1.90625 ], "axis": "z", "angle": 22.5 },
			"faces": {
				"down": { "uv": [ 6.5, 5.5, 7.5, 6 ], "texture": "#texture" },
				"up": { "uv": [ 6.5, 5.5, 7.5, 6 ], "texture": "#texture" },
				"north": { "uv": [ 6.5, 5.5, 7.5, 6 ], "texture": "#texture" },
				"south": { "uv": [ 6.5, 5.5, 7.5, 6 ], "texture": "#texture" },
				"west": { "uv": [ 6.5, 5.5, 7.5, 6 ], "texture": "#texture" },
				"east": { "uv": [ 6.5, 5.5, 7.5, 6 ], "texture": "#texture" }
			}
		},
		{
			"from": [ 9.3125, 10.1875, 1.9062 ],
			"to": [ 10.3438, 10.6563, 2.74995 ],
			"faces": {
				"down": { "uv": [ 6, 6, 7, 7 ], "texture": "#texture" },
				"up": { "uv": [ 5, 6, 6, 7 ], "texture": "#texture" },
				"north": { "uv": [ 6, 6, 7, 7 ], "texture": "#texture" },
				"south": { "uv": [ 6.5, 6, 7.5, 7 ], "texture": "#texture", "rotation": 180 },
				"west": { "uv": [ 6, 6, 7, 7 ], "texture": "#texture" },
				"east": { "uv": [ 6.5, 6, 7.5, 7 ], "texture": "#texture" }
			}
		},
		{
			"from": [ 8.875, 8.3125, 1.625 ],
			"to": [ 10.125, 9.0625, 3.125 ],
			"rotation": { "origin": [ 8.875, 9.0625, 1.625 ], "axis": "z", "angle": 22.5 },
			"faces": {
				"down": { "uv": [ 2.5, 7.5, 3.5, 8 ], "texture": "#texture" },
				"up": { "uv": [ 2.5, 7.5, 3.5, 8 ], "texture": "#texture" },
				"north": { "uv": [ 2, 7.5, 3, 8 ], "texture": "#texture" },
				"south": { "uv": [ 2, 7.5, 3, 8 ], "texture": "#texture" },
				"west": { "uv": [ 2.5, 7.5, 3.5, 7.9375 ], "texture": "#texture" },
				"east": { "uv": [ 2.5, 7.5, 3.5, 7.9375 ], "texture": "#texture" }
			}
		},
		{
			"from": [ 9.0625, 5.625, 1.8125 ],
			"to": [ 10.0625, 8.75, 2.9375 ],
			"rotation": { "origin": [ 9.0625, 8.75, 1.8125 ], "axis": "z", "angle": 22.5 },
			"faces": {
				"down": { "uv": [ 2, 10, 2.5, 9 ], "texture": "#texture" },
				"up": { "uv": [ 2, 9, 2.5, 10 ], "texture": "#texture" },
				"north": { "uv": [ 2.5, 8.5, 3, 9 ], "texture": "#texture" },
				"south": { "uv": [ 2.5, 8.5, 3, 9 ], "texture": "#texture" },
				"west": { "uv": [ 2.5, 8.5, 3, 9 ], "texture": "#texture" },
				"east": { "uv": [ 2.5, 8.5, 3, 9 ], "texture": "#texture" }
			}
		},
		{
			"from": [ 9.875, 5.5625, 1.8125 ],
			"to": [ 11.25, 6, 2.9375 ],
			"rotation": { "origin": [ 9.875, 6, 1.8125 ], "axis": "z", "angle": 22.5 },
			"faces": {
				"down": { "uv": [ 2, 9, 2.5, 10 ], "texture": "#texture" },
				"up": { "uv": [ 2, 9, 2.5, 10 ], "texture": "#texture" },
				"north": { "uv": [ 2, 9, 2.5, 10 ], "texture": "#texture" },
				"south": { "uv": [ 2, 9, 2.5, 10 ], "texture": "#texture" },
				"west": { "uv": [ 2, 9, 2.5, 10 ], "texture": "#texture" },
				"east": { "uv": [ 2, 9, 2.5, 10 ], "texture": "#texture" }
			}
		},
		{
			"from": [ 10.0625, 9.1875, 1.8125 ],
			"to": [ 14.625, 10.25, 3.03125 ],
			"faces": {
				"down": { "uv": [ 1.5, 12, 6, 14 ], "texture": "#texture" },
				"up": { "uv": [ 1.5, 12, 6, 12.5 ], "texture": "#texture" },
				"north": { "uv": [ 1.5, 12, 6, 14 ], "texture": "#texture" },
				"south": { "uv": [ 1.5, 12, 6, 14 ], "texture": "#texture" },
				"west": { "uv": [ 1.5, 12, 6, 14 ], "texture": "#texture" },
				"east": { "uv": [ 1.5, 12.5, 3.5, 14 ], "texture": "#texture" }
			}
		},
		{
			"from": [ 11.625, 8.875, 1.8125 ],
			"to": [ 15.25, 9.625, 3.03125 ],
			"rotation": { "origin": [ 11.625, 9.625, 1.8125 ], "axis": "z", "angle": -22.5 },
			"faces": {
				"down": { "uv": [ 1.5, 12.5, 6, 14 ], "texture": "#texture" },
				"up": { "uv": [ 1.5, 12.5, 6, 14 ], "texture": "#texture" },
				"north": { "uv": [ 1.5, 12.5, 6, 14 ], "texture": "#texture" },
				"south": { "uv": [ 1.5, 12.5, 6, 14 ], "texture": "#texture" },
				"west": { "uv": [ 1.5, 12.5, 6, 14 ], "texture": "#texture" },
				"east": { "uv": [ 1.5, 12.5, 6, 14 ], "texture": "#texture" }
			}
		},
		{
			"from": [ 10.0313, 8.875, 1.8125 ],
			"to": [ 11.625, 9.625, 3.03125 ],
			"faces": {
				"down": { "uv": [ 1.5, 12, 6, 14 ], "texture": "#texture" },
				"up": { "uv": [ 1.5, 12, 6, 14 ], "texture": "#texture" },
				"north": { "uv": [ 1.5, 12, 6, 14 ], "texture": "#texture" },
				"south": { "uv": [ 1.5, 12, 6, 14 ], "texture": "#texture" },
				"west": { "uv": [ 1.5, 12, 6, 14 ], "texture": "#texture" },
				"east": { "uv": [ 1.5, 12, 6, 14 ], "texture": "#texture" }
			}
		},
		{
			"from": [ 12.3125, 9, 1.8125 ],
			"to": [ 15, 10, 3.03125 ],
			"rotation": { "origin": [ 12.3125, 10, 1.8125 ], "axis": "z", "angle": -22.5 },
			"faces": {
				"down": { "uv": [ 1.5, 12.5, 6, 14 ], "texture": "#texture" },
				"up": { "uv": [ 1.5, 12.5, 6, 14 ], "texture": "#texture" },
				"north": { "uv": [ 1.5, 12.5, 6, 14 ], "texture": "#texture" },
				"south": { "uv": [ 1.5, 12.5, 6, 14 ], "texture": "#texture" },
				"west": { "uv": [ 1.5, 12.5, 6, 14 ], "texture": "#texture" },
				"east": { "uv": [ 1.5, 12.5, 6, 14 ], "texture": "#texture" }
			}
		},
		{
			"from": [ 11.3125, 9.0938, 1.8125 ],
			"to": [ 13.0938, 9.75005, 3.03125 ],
			"rotation": { "origin": [ 11.3125, 9.75, 1.8125 ], "axis": "z", "angle": -22.5 },
			"faces": {
				"down": { "uv": [ 1.5, 12.5, 6, 14 ], "texture": "#texture" },
				"up": { "uv": [ 1.5, 12.5, 6, 14 ], "texture": "#texture" },
				"north": { "uv": [ 1.5, 12.5, 6, 14 ], "texture": "#texture" },
				"south": { "uv": [ 1.5, 12.5, 6, 14 ], "texture": "#texture" },
				"west": { "uv": [ 1.5, 12.5, 6, 14 ], "texture": "#texture" },
				"east": { "uv": [ 1.5, 12.5, 6, 14 ], "texture": "#texture" }
			}
		},
		{
			"from": [ 14.375, 7.375, 1.8125 ],
			"to": [ 14.9375, 10.375, 3.03125 ],
			"faces": {
				"down": { "uv": [ 1.5, 12, 6, 14 ], "texture": "#texture" },
				"up": { "uv": [ 1.5, 12, 6, 12.5 ], "texture": "#texture" },
				"north": { "uv": [ 1.5, 12, 2.5, 14 ], "texture": "#texture" },
				"south": { "uv": [ 1.5, 12, 2.5, 14 ], "texture": "#texture" },
				"west": { "uv": [ 1.5, 12, 6, 14 ], "texture": "#texture" },
				"east": { "uv": [ 1.5, 12.5, 6, 14 ], "texture": "#texture" }
			}
		},
		{
			"from": [ 10.125, 9.5, 1.625 ],
			"to": [ 14.625, 10, 3.21875 ],
			"faces": {
				"down": { "uv": [ 6, 14, 1.5, 12 ], "texture": "#texture" },
				"up": { "uv": [ 1.5, 12, 6, 14 ], "texture": "#texture" },
				"north": { "uv": [ 1.5, 12, 6, 14 ], "texture": "#texture" },
				"south": { "uv": [ 1.5, 12, 6, 14 ], "texture": "#texture" },
				"west": { "uv": [ 1.5, 12, 6, 14 ], "texture": "#texture" },
				"east": { "uv": [ 1.5, 12, 6, 14 ], "texture": "#texture" }
			}
		},
		{
			"from": [ 2.1875, 8.75, 1.625 ],
			"to": [ 3.75, 9.1875, 3.0625 ],
			"faces": {
				"down": { "uv": [ 2, 3, 4, 3.5 ], "texture": "#texture" },
				"up": { "uv": [ 2, 3, 4, 3.5 ], "texture": "#texture" },
				"north": { "uv": [ 2, 3, 4, 3.5 ], "texture": "#texture" },
				"south": { "uv": [ 2, 3, 4, 3.5 ], "texture": "#texture" },
				"west": { "uv": [ 2.5, 2, 3, 3.5 ], "texture": "#texture" },
				"east": { "uv": [ 2.5, 2, 3, 3.5 ], "texture": "#texture" }
			}
		},
		{
			"from": [ 1.4375, 9, 1.625 ],
			"to": [ 2.1875, 9.1875, 3.0625 ],
			"faces": {
				"down": { "uv": [ 2, 3, 3, 3.5 ], "texture": "#texture" },
				"up": { "uv": [ 2, 3, 3, 3.5 ], "texture": "#texture" },
				"north": { "uv": [ 2, 3, 3, 3.5 ], "texture": "#texture" },
				"south": { "uv": [ 2, 3, 3, 3.5 ], "texture": "#texture" },
				"west": { "uv": [ 2.5, 2, 3, 3.5 ], "texture": "#texture" },
				"east": { "uv": [ 2.5, 2, 3, 3.5 ], "texture": "#texture" }
			}
		},
		{
			"from": [ 1.5, 9.0625, 1.375 ],
			"to": [ 5.375, 9.3125, 3.25 ],
			"faces": {
				"down": { "uv": [ 7, 3.5, 2, 2 ], "texture": "#texture" },
				"up": { "uv": [ 2, 2, 7, 3.5 ], "texture": "#texture" },
				"north": { "uv": [ 2, 2, 7, 3.5 ], "texture": "#texture" },
				"south": { "uv": [ 2, 2, 7, 3.5 ], "texture": "#texture" },
				"west": { "uv": [ 2, 2, 2.5, 3.5 ], "texture": "#texture" },
				"east": { "uv": [ 2.5, 2, 3, 3.5 ], "texture": "#texture" }
			}
		},
		{
			"from": [ 3, 8.75, 1.3125 ],
			"to": [ 5.3125, 9.0625, 3.25 ],
			"faces": {
				"down": { "uv": [ 2.5, 2, 7, 3.5 ], "texture": "#texture" },
				"up": { "uv": [ 2.5, 2, 7, 3.5 ], "texture": "#texture" },
				"north": { "uv": [ 2.5, 2, 7, 3.5 ], "texture": "#texture" },
				"south": { "uv": [ 2.5, 2, 7, 3.5 ], "texture": "#texture" },
				"west": { "uv": [ 2, 2, 2.5, 3.5 ], "texture": "#texture" },
				"east": { "uv": [ 2.5, 2, 3, 3.5 ], "texture": "#texture" }
			}
		},
		{
			"from": [ 6.4375, 5.9375, 1.8125 ],
			"to": [ 7.875, 8.5625, 2.9375 ],
			"faces": {
				"down": { "uv": [ 10, 8, 12, 10.5 ], "texture": "#texture" },
				"up": { "uv": [ 10, 8, 12, 10.5 ], "texture": "#texture" },
				"north": { "uv": [ 10, 8, 12, 10.5 ], "texture": "#texture" },
				"south": { "uv": [ 10, 8, 12, 10.5 ], "texture": "#texture" },
				"west": { "uv": [ 10.5, 8, 11.5, 10.5 ], "texture": "#texture" },
				"east": { "uv": [ 10.5, 8, 11.5, 10.5 ], "texture": "#texture" }
			}
		},
		{
			"from": [ 6.6875, 8.5, 1.625 ],
			"to": [ 8.5625, 9.3125, 3.125 ],
			"faces": {
				"down": { "uv": [ 4.5, 7.5, 5.375, 8.5 ], "texture": "#texture" },
				"up": { "uv": [ 4.5, 7.5, 5.375, 8.5 ], "texture": "#texture" },
				"north": { "uv": [ 1, 7, 6, 8.5 ], "texture": "#texture" },
				"south": { "uv": [ 1, 7, 6, 8.5 ], "texture": "#texture" },
				"west": { "uv": [ 3.5, 7.5, 4.5, 8 ], "texture": "#texture" },
				"east": { "uv": [ 3.5, 7.5, 4.5, 8 ], "texture": "#texture" }
			}
		},
		{
			"from": [ -3.4375, 9.4375, 2 ],
			"to": [ -1.75, 10.1875, 2.5625 ],
			"faces": {
				"down": { "uv": [ 11.5, 3, 8.5, 2.5 ], "texture": "#texture" },
				"up": { "uv": [ 8.5, 2.5, 11.5, 3 ], "texture": "#texture" },
				"north": { "uv": [ 8.5, 2.5, 11.5, 3 ], "texture": "#texture" },
				"south": { "uv": [ 8.5, 2.5, 11.5, 3 ], "texture": "#texture" },
				"west": { "uv": [ 10, 2.5, 10.5, 3 ], "texture": "#texture" },
				"east": { "uv": [ 10.5, 2.5, 11, 3 ], "texture": "#texture" }
			}
		},
		{
			"from": [ 1.0625, 9.375, 1.625 ],
			"to": [ 1.5625, 10.375, 3.0625 ],
			"faces": {
				"down": { "uv": [ 2, 2, 7, 3.5 ], "texture": "#texture" },
				"up": { "uv": [ 2, 2, 7, 3.5 ], "texture": "#texture" },
				"north": { "uv": [ 2, 2, 2.5, 3.5 ], "texture": "#texture" },
				"south": { "uv": [ 2, 2, 2.5, 3.5 ], "texture": "#texture" },
				"west": { "uv": [ 2.5, 2, 3, 3.5 ], "texture": "#texture" },
				"east": { "uv": [ 2.5, 2, 3, 3.5 ], "texture": "#texture" }
			}
		},
		{
			"from": [ 1.0625, 9.4375, 1.4375 ],
			"to": [ 1.5625, 9.9375, 3.3125 ],
			"faces": {
				"down": { "uv": [ 7, 3.5, 2, 2 ], "texture": "#texture" },
				"up": { "uv": [ 2, 2, 7, 3.5 ], "texture": "#texture" },
				"north": { "uv": [ 2, 2, 2.5, 3.5 ], "texture": "#texture" },
				"south": { "uv": [ 2, 2, 2.5, 3.5 ], "texture": "#texture" },
				"west": { "uv": [ 2, 2, 2.5, 3.5 ], "texture": "#texture" },
				"east": { "uv": [ 2.5, 2, 3, 3.5 ], "texture": "#texture" }
			}
		}
	],
	"display": {
		"thirdperson_righthand": {
			"rotation":  [ -3, -84, -4 ],
			"translation":  [ -7.18, -0.57, -0.19 ],
			"scale":  [ 1.45, 1.2, 1.2 ]
		},
		"thirdperson_lefthand": {
			"rotation":  [ -3, 89, 10 ],
			"translation":  [ -8.43, -0.38, -1.13 ],
			"scale":  [ 1.45, 1.2, 1.2 ]
		},
		"firstperson_righthand": {
			"rotation":  [ 0, -98, 0 ],
			"translation":  [ -8.13, 2.46, 3.4 ]
		},
		"firstperson_lefthand": {
			"rotation":  [ 0, 90, -1 ],
			"translation":  [ -3.5, 3.83, 4.8687 ]
		},
		"gui": {
			"rotation":  [ 14, 143, -35 ],
			"translation":  [ 2.27, -0.57, -0.19 ],
			"scale":  [ 1.26, 1.01, 0.88 ]
		},
		"head": {
			"rotation":  [ 1, -177, -47 ],
			"translation":  [ 0.38, -16.63, -7.94 ],
			"scale":  [ 2, 2, 2 ]
		},
		"ground": {
			"rotation":  [ 0, 0, -38 ],
			"translation":  [ -0.38, -3.02, 4.72 ]
		},
		"fixed": {
			"rotation":  [ 0, -1, -48 ],
			"translation":  [ 0, -0.5, 4.7 ]
		}
	}
}