{
	"__comment": "Mouser C96 Model Made by Zombie_Striker",
    "textures": {
        "0": "items/mouser"
    },
    "elements": [
        {
            "name": "handle",
            "from": [ 6.9, 0.0, 10.0 ], 
            "to": [ 9.100000000000001, 4.0, 12.0 ], 
            "rotation": { "origin": [ 8.0, 8.0, 8.0 ], "axis": "x", "angle": -22.5 },
            "faces": {
                "north": { "texture": "#0", "uv": [ 0.0, 12.0, 2.0, 16.0 ] },
                "east": { "texture": "#0", "uv": [ 0.0, 12.0, 2.0, 16.0 ] },
                "south": { "texture": "#0", "uv": [ 0.0, 12.0, 2.2, 16.0 ] },
                "west": { "texture": "#0", "uv": [ 0.0, 12.0, 2.0, 16.0 ] },
                "up": { "texture": "#0", "uv": [ 0.0, 7.0, 2.2, 9.0 ] },
                "down": { "texture": "#0", "uv": [ 0.0, 8.0, 2.2, 10.0 ] }
            }
        },
        {
            "name": "back",
            "from": [ 7.0, 5.0, 10.0 ], 
            "to": [ 9.0, 8.0, 13.0 ], 
            "faces": {
                "north": { "texture": "#0", "uv": [ 0.0, 0.0, 2.0, 3.0 ] },
                "east": { "texture": "#0", "uv": [ 0.0, 0.0, 3.0, 3.0 ] },
                "south": { "texture": "#0", "uv": [ 0.0, 0.0, 2.0, 3.0 ] },
                "west": { "texture": "#0", "uv": [ 0.0, 0.0, 3.0, 3.0 ] },
                "up": { "texture": "#0", "uv": [ 0.0, 0.0, 2.0, 3.0 ] },
                "down": { "texture": "#0", "uv": [ 0.0, 0.0, 2.0, 3.0 ] }
            }
        },
        {
            "name": "top",
            "from": [ 7.0, 6.0, 9.0 ], 
            "to": [ 9.0, 8.0, 10.0 ], 
            "faces": {
                "north": { "texture": "#0", "uv": [ 0.0, 0.0, 2.0, 2.0 ] },
                "east": { "texture": "#0", "uv": [ 0.0, 0.0, 1.0, 2.0 ] },
                "south": { "texture": "#0", "uv": [ 0.0, 0.0, 2.0, 2.0 ] },
                "west": { "texture": "#0", "uv": [ 0.0, 0.0, 1.0, 2.0 ] },
                "up": { "texture": "#0", "uv": [ 0.0, 0.0, 2.0, 1.0 ] },
                "down": { "texture": "#0", "uv": [ 0.0, 0.0, 2.0, 1.0 ] }
            }
        },
        {
            "name": "Cube",
            "from": [ 7.0, 4.0, 6.0 ], 
            "to": [ 9.0, 8.0, 9.0 ], 
            "faces": {
                "north": { "texture": "#0", "uv": [ 0.0, 0.0, 2.0, 5.0 ] },
                "east": { "texture": "#0", "uv": [ 0.0, 0.0, 5.0, 5.0 ] },
                "south": { "texture": "#0", "uv": [ 0.0, 0.0, 5.0, 5.0 ] },
                "west": { "texture": "#0", "uv": [ 0.0, 0.0, 5.0, 5.0 ] },
                "up": { "texture": "#0", "uv": [ 0.0, 0.0, 2.0, 3.0 ] },
                "down": { "texture": "#0", "uv": [ 0.0, 0.0, 2.0, 3.0 ] }
            }
        },
        {
            "name": "Cube",
            "from": [ 7.5, 6.8, -4.0 ], 
            "to": [ 8.5, 7.8, 6.0 ], 
            "faces": {
                "north": { "texture": "#0", "uv": [ 0.0, 0.0, 1.0, 1.0 ] },
                "east": { "texture": "#0", "uv": [ 0.0, 0.0, 10.0, 1.0 ] },
                "south": { "texture": "#0", "uv": [ 0.0, 0.0, 1.0, 1.0 ] },
                "west": { "texture": "#0", "uv": [ 0.0, 0.0, 10.0, 1.0 ] },
                "up": { "texture": "#0", "uv": [ 0.0, 0.0, 1.0, 3.0 ] },
                "down": { "texture": "#0", "uv": [ 0.0, 0.0, 1.0, 3.0 ] }
            }
        },
        {
            "name": "Cube",
            "from": [ 7.5, 7.6, 12.4 ], 
            "to": [ 8.5, 8.6, 13.4 ], 
            "faces": {
                "north": { "texture": "#0", "uv": [ 12.0, 12.0, 13.0, 13.0 ] },
                "east": { "texture": "#0", "uv": [ 11.0, 9.0, 12.0, 10.0 ] },
                "south": { "texture": "#0", "uv": [ 10.0, 10.0, 11.0, 11.0 ] },
                "west": { "texture": "#0", "uv": [ 12.0, 10.0, 13.0, 11.0 ] },
                "up": { "texture": "#0", "uv": [ 13.0, 12.0, 14.0, 13.0 ] },
                "down": { "texture": "#0", "uv": [ 14.0, 12.0, 15.0, 13.0 ] }
            }
        },
        {
            "name": "sight",
            "from": [ 7.8, 7.8, -4.0 ], 
            "to": [ 8.3, 8.3, -3.5 ], 
            "faces": {
                "north": { "texture": "#0", "uv": [ 11.0, 11.0, 11.5, 11.5 ] },
                "east": { "texture": "#0", "uv": [ 12.0, 11.0, 12.5, 11.5 ] },
                "south": { "texture": "#0", "uv": [ 12.0, 11.0, 12.5, 11.5 ] },
                "west": { "texture": "#0", "uv": [ 11.0, 11.0, 11.5, 11.5 ] },
                "up": { "texture": "#0", "uv": [ 14.0, 12.0, 14.5, 12.5 ] },
                "down": { "texture": "#0", "uv": [ 11.0, 10.0, 11.5, 10.5 ] }
            }
        }
    ],
	"display": {
		"thirdperson_righthand": {
			"rotation":  [ -7, -2, -10 ],
			"translation":  [ 0, 4, -2 ],
			"scale":  [ 0.7, 0.7, 0.7]
		},
		"thirdperson_lefthand": {
			"rotation":  [ -7, 1, 11 ],
			"translation":  [ -15, 3, -2 ],
			"scale":  [ 0.7,0.7, 0.7]
		},
		"firstperson_righthand": {
			"rotation":  [ 0, -2, 0 ],
			"translation":  [ 0, 5, 0 ],
			"scale":  [ 1, 1, 1 ]
		},
		"firstperson_lefthand": {
			"rotation":  [ 0, -1, 0 ],
			"translation":  [ -9, 7, 0 ],
			"scale":  [ 1, 1, 1 ]
		},
		"gui": {
			"rotation":  [ 0, -130, 0 ],
			"translation":  [ 0, 5, 0 ],
			"scale":  [ 1, 1,  1 ]
		},
		"ground": {
			"rotation":  [ 0, 0, -23 ],
			"translation":  [ 3.59, -0.94, 6.05 ],
			"scale":  [ 1, 1, 1 ]
		},
		"fixed": {
			"rotation":  [ -1, 3, -41 ],
			"translation":  [ 12.28, 3.4, 10.39 ],
			"scale":  [ 3.37, 3.37, 3.4 ]
		}
	}
}