{
	"__comment": "Enfield Model Made by Zombie_Striker",
	"textures": {
		"0": "items/enfield"
	},
    "elements": [
        {
            "name": "Handle",
            "from": [ 7.0, 0.0, 8.0 ], 
            "to": [ 9.0, 4.0, 10.0 ], 
            "rotation": { "origin": [ 8.0, 8.0, 8.0 ], "axis": "x", "angle": -22.5 },
            "faces": {
                "north": { "texture": "#0", "uv": [ 3.0, 11.0, 5.0, 15.0 ] },
                "east": { "texture": "#0", "uv": [ 1.0, 11.0, 3.0, 15.0 ] },
                "south": { "texture": "#0", "uv": [ 3.0, 11.0, 5.0, 15.0 ] },
                "west": { "texture": "#0", "uv": [ 1.0, 11.0, 3.0, 15.0 ] },
                "up": { "texture": "#-1", "uv": [ 0.0, 0.0, 2.0, 2.0 ] },
                "down": { "texture": "#0", "uv": [ 2.0, 10.0, 4.0, 12.0 ] }
            }
        },
        {
            "name": "barrel",
            "from": [ 6.5, 4.0, 6.5 ], 
            "to": [ 9.5, 7.0, 9.5 ], 
            "faces": {
                "north": { "texture": "#0", "uv": [ 6.0, 2.0, 9.0, 5.0 ] },
                "east": { "texture": "#0", "uv": [ 7.0, 1.0, 10.0, 4.0 ] },
                "south": { "texture": "#0", "uv": [ 7.0, 2.0, 10.0, 5.0 ] },
                "west": { "texture": "#0", "uv": [ 7.0, 2.0, 10.0, 5.0 ] },
                "up": { "texture": "#0", "uv": [ 7.0, 2.0, 10.0, 5.0 ] },
                "down": { "texture": "#0", "uv": [ 7.0, 2.0, 10.0, 5.0 ] }
            }
        },
        {
            "name": "Metal",
            "from": [ 6.8, 4.25, 5.0 ], 
            "to": [ 9.3, 6.75, 10.5 ], 
            "faces": {
                "north": { "texture": "#0", "uv": [ 13.0, 12.0, 15.5, 14.5 ] },
                "east": { "texture": "#0", "uv": [ 7.0, 1.0, 12.5, 3.5 ] },
                "south": { "texture": "#0", "uv": [ 13.0, 11.0, 15.5, 13.5 ] },
                "west": { "texture": "#0", "uv": [ 7.0, 2.0, 12.5, 4.5 ] },
                "up": { "texture": "#0", "uv": [ 13.0, 10.0, 15.5, 15.5 ] },
                "down": { "texture": "#0", "uv": [ 13.0, 10.0, 15.5, 15.5 ] }
            }
        },
        {
            "name": "Muzzle",
            "from": [ 7.5, 6.0, 0.0 ], 
            "to": [ 8.5, 7.0, 9.0 ], 
            "faces": {
                "north": { "texture": "#0", "uv": [ 10.0, 3.0, 11.0, 4.0 ] },
                "east": { "texture": "#0", "uv": [ 5.0, 2.0, 14.0, 3.0 ] },
                "south": { "texture": "#0", "uv": [ 14.0, 11.0, 15.0, 12.0 ] },
                "west": { "texture": "#0", "uv": [ 5.0, 2.0, 14.0, 3.0 ] },
                "up": { "texture": "#0", "uv": [ 15.0, 7.0, 16.0, 16.0 ], "rotation": 270 },
                "down": { "texture": "#0", "uv": [ 15.0, 7.0, 16.0, 16.0 ] }
            }
        },
        {
            "name": "Underbit",
            "from": [ 7.8, 5.5, 1.0 ], 
            "to": [ 8.3, 6.0, 7.0 ], 
            "faces": {
                "north": { "texture": "#0", "uv": [ 10.0, 2.0, 10.5, 2.5 ] },
                "east": { "texture": "#0", "uv": [ 7.0, 2.0, 13.0, 2.5 ] },
                "south": { "texture": "#0", "uv": [ 8.0, 3.0, 8.5, 3.5 ] },
                "west": { "texture": "#0", "uv": [ 6.0, 2.0, 12.0, 2.5 ] },
                "up": { "texture": "#0", "uv": [ 15.0, 8.0, 15.5, 14.0 ] },
                "down": { "texture": "#0", "uv": [ 15.0, 9.0, 15.5, 15.0 ] }
            }
        },
        {
            "name": "Back",
            "from": [ 7.0, 4.0, 10.5 ], 
            "to": [ 9.0, 6.8, 11.5 ], 
            "faces": {
                "north": { "texture": "#0", "uv": [ 7.0, 2.0, 9.0, 4.8 ] },
                "east": { "texture": "#0", "uv": [ 9.0, 1.0, 10.0, 3.8 ] },
                "south": { "texture": "#0", "uv": [ 6.0, 2.0, 8.0, 4.8 ] },
                "west": { "texture": "#0", "uv": [ 8.0, 2.0, 9.0, 4.8 ] },
                "up": { "texture": "#0", "uv": [ 8.0, 3.0, 10.0, 4.0 ] },
                "down": { "texture": "#0", "uv": [ 8.0, 2.0, 10.0, 3.0 ] }
            }
        },
        {
            "name": "Hammer",
            "from": [ 7.5, 8.2, 11.0 ], 
            "to": [ 8.5, 10.2, 12.0 ], 
            "rotation": { "origin": [ 8.0, 8.0, 8.0 ], "axis": "x", "angle": 45.0 },
            "faces": {
                "north": { "texture": "#0", "uv": [ 8.0, 6.0, 9.0, 8.0 ] },
                "east": { "texture": "#0", "uv": [ 9.0, 6.0, 10.0, 8.0 ] },
                "south": { "texture": "#0", "uv": [ 9.0, 6.0, 10.0, 8.0 ] },
                "west": { "texture": "#0", "uv": [ 9.0, 6.0, 10.0, 8.0 ] },
                "up": { "texture": "#0", "uv": [ 10.0, 7.0, 11.0, 8.0 ] },
                "down": { "texture": "#0", "uv": [ 9.0, 7.0, 10.0, 8.0 ] }
            }
        },
        {
            "name": "top",
            "from": [ 6.7, 7.0, 6.5 ], 
            "to": [ 9.2, 7.2, 9.2 ], 
            "faces": {
                "north": { "texture": "#0", "uv": [ 13.0, 14.0, 15.5, 14.2 ] },
                "east": { "texture": "#0", "uv": [ 13.0, 15.0, 15.7, 15.2 ] },
                "south": { "texture": "#0", "uv": [ 13.0, 12.0, 15.5, 12.2 ] },
                "west": { "texture": "#0", "uv": [ 13.0, 12.0, 15.7, 12.2 ] },
                "up": { "texture": "#0", "uv": [ 13.0, 12.0, 15.5, 14.7 ] },
                "down": { "texture": "#0", "uv": [ 13.0, 11.0, 15.5, 13.7 ] }
            }
        },
        {
            "name": "Sights",
            "from": [ 7.8, 7.0, 0.0 ], 
            "to": [ 8.2, 7.3, 0.3 ], 
            "faces": {
                "north": { "texture": "#0", "uv": [ 2.0, 3.0, 2.4, 3.3 ] },
                "east": { "texture": "#0", "uv": [ 2.0, 3.0, 2.3, 3.3 ] },
                "south": { "texture": "#0", "uv": [ 2.0, 3.0, 2.4, 3.3 ] },
                "west": { "texture": "#0", "uv": [ 2.0, 4.0, 2.3, 4.3 ] },
                "up": { "texture": "#0", "uv": [ 3.0, 4.0, 3.4, 4.3 ] },
                "down": { "texture": "#0", "uv": [ 2.0, 3.0, 2.4, 3.3 ] }
            }
        }
    ],
	"display": {
		"thirdperson_righthand": {
			"rotation":  [ -7, -2, -10 ],
			"translation":  [ 0, 4, -2 ],
			"scale":  [ 0.7, 0.7, 0.7]
		},
		"thirdperson_lefthand": {
			"rotation":  [ -7, 1, 11 ],
			"translation":  [ -15, 5, -2 ],
			"scale":  [ 0.7,0.7, 0.7]
		},
		"firstperson_righthand": {
			"rotation":  [ 0, -2, 0 ],
			"translation":  [ 0, 5, 0 ],
			"scale":  [ 1, 1, 1 ]
		},
		"firstperson_lefthand": {
			"rotation":  [ 0, 0, 0 ],
			"translation":  [ -9, 6, 0 ],
			"scale":  [ 1, 1, 1 ]
		},
		"gui": {
			"rotation":  [ 0, -130, 0 ],
			"translation":  [ 0, 5, 0 ],
			"scale":  [ 1, 1,  1 ]
		},
		"ground": {
			"rotation":  [ 0, 0, -23 ],
			"translation":  [ 3.59, -0.94, 6.05 ],
			"scale":  [ 1, 1, 1 ]
		},
		"fixed": {
			"rotation":  [ -1, 3, -41 ],
			"translation":  [ 12.28, 3.4, 10.39 ],
			"scale":  [ 3.37, 3.37, 3.4 ]
		}
	}
}