{
	"__comment": "Grenade Model Made by Zombie_Striker",
    "textures": {
		"0": "items/grenades"
    },
    "elements": [
        {
            "name": "base",
            "from": [ 7.0, 1.0, 11.0 ], 
            "to": [ 9.0, 5.0, 13.0 ], 
            "faces": {
                "north": { "texture": "#0", "uv": [ 9.0, 4.0, 11.0, 8.0 ] },
                "east": { "texture": "#0", "uv": [ 9.0, 5.0, 11.0, 9.0 ] },
                "south": { "texture": "#0", "uv": [ 8.0, 3.0, 10.0, 7.0 ] },
                "west": { "texture": "#0", "uv": [ 10.0, 5.0, 12.0, 9.0 ] },
                "up": { "texture": "#0", "uv": [ 10.0, 4.0, 12.0, 6.0 ] },
                "down": { "texture": "#0", "uv": [ 9.0, 9.0, 11.0, 11.0 ] }
            }
        },
        {
            "name": "mid",
            "from": [ 6.0, 2.0, 11.0 ], 
            "to": [ 10.0, 4.9, 13.0 ], 
            "faces": {
                "north": { "texture": "#0", "uv": [ 8.0, 9.0, 12.0, 11.9 ] },
                "east": { "texture": "#0", "uv": [ 9.0, 4.0, 11.0, 6.9 ] },
                "south": { "texture": "#0", "uv": [ 8.0, 9.0, 12.0, 11.9 ] },
                "west": { "texture": "#0", "uv": [ 9.0, 4.0, 11.0, 6.9 ] },
                "up": { "texture": "#0", "uv": [ 8.0, 9.0, 12.0, 11.0 ] },
                "down": { "texture": "#0", "uv": [ 8.0, 9.0, 12.0, 11.0 ] }
            }
        },
        {
            "name": "mid2",
            "from": [ 7.0, 2.0, 10.0 ], 
            "to": [ 9.0, 4.9, 14.0 ], 
            "faces": {
                "north": { "texture": "#0", "uv": [ 8.0, 9.0, 10.0, 11.9 ] },
                "east": { "texture": "#0", "uv": [ 8.0, 5.0, 12.0, 7.9 ] },
                "south": { "texture": "#0", "uv": [ 8.0, 9.0, 10.0, 11.9 ] },
                "west": { "texture": "#0", "uv": [ 8.0, 6.0, 12.0, 8.9 ] },
                "up": { "texture": "#0", "uv": [ 9.0, 8.0, 11.0, 12.0 ] },
                "down": { "texture": "#0", "uv": [ 8.0, 8.0, 10.0, 12.0 ] }
            }
        },
        {
            "name": "handle",
            "from": [ 7.2, 5.0, 11.2 ], 
            "to": [ 8.7, 7.0, 12.7 ], 
            "faces": {
                "north": { "texture": "#0", "uv": [ 14.0, 1.0, 15.5, 3.0 ] },
                "east": { "texture": "#0", "uv": [ 12.0, 1.0, 13.5, 3.0 ] },
                "south": { "texture": "#0", "uv": [ 13.0, 0.0, 14.5, 2.0 ] },
                "west": { "texture": "#0", "uv": [ 12.0, 0.0, 13.5, 2.0 ] },
                "up": { "texture": "#0", "uv": [ 14.0, 0.0, 15.5, 1.5 ] },
                "down": { "texture": "#0", "uv": [ 14.0, 0.0, 15.5, 1.5 ] }
            }
        },
        {
            "name": "Cube",
            "from": [ 8.5, 5.2, 12.2 ], 
            "to": [ 8.9, 7.0, 13.7 ], 
            "faces": {
                "north": { "texture": "#0", "uv": [ 14.0, 1.0, 14.4, 2.8 ] },
                "east": { "texture": "#0", "uv": [ 12.0, 1.0, 13.5, 2.8 ] },
                "south": { "texture": "#0", "uv": [ 13.0, 0.0, 13.4, 1.8 ] },
                "west": { "texture": "#0", "uv": [ 12.0, 0.0, 13.5, 1.8 ] },
                "up": { "texture": "#0", "uv": [ 14.0, 0.0, 14.4, 1.5 ] },
                "down": { "texture": "#0", "uv": [ 14.0, 0.0, 14.4, 1.5 ] }
            }
        },
        {
            "name": "Cube",
            "from": [ 8.5, 5.2, 13.2 ], 
            "to": [ 8.9, 7.0, 14.7 ], 
            "faces": {
                "north": { "texture": "#0", "uv": [ 14.0, 1.0, 14.4, 2.8 ] },
                "east": { "texture": "#0", "uv": [ 12.0, 1.0, 13.5, 2.8 ] },
                "south": { "texture": "#0", "uv": [ 13.0, 0.0, 13.4, 1.8 ] },
                "west": { "texture": "#0", "uv": [ 12.0, 0.0, 13.5, 1.8 ] },
                "up": { "texture": "#0", "uv": [ 14.0, 0.0, 14.4, 1.5 ] },
                "down": { "texture": "#0", "uv": [ 14.0, 0.0, 14.4, 1.5 ] }
            }
        },
        {
            "name": "Cube",
            "from": [ 8.5, 2.2, 14.2 ], 
            "to": [ 8.9, 7.0, 14.7 ], 
            "faces": {
                "north": { "texture": "#0", "uv": [ 14.0, 1.0, 14.4, 5.8 ] },
                "east": { "texture": "#0", "uv": [ 12.0, 1.0, 12.5, 5.8 ] },
                "south": { "texture": "#0", "uv": [ 13.0, 0.0, 13.4, 4.8 ] },
                "west": { "texture": "#0", "uv": [ 12.0, 0.0, 12.5, 4.8 ] },
                "up": { "texture": "#0", "uv": [ 14.0, 0.0, 14.4, 0.5 ] },
                "down": { "texture": "#0", "uv": [ 14.0, 0.0, 14.4, 0.5 ] }
            }
        }
    ],
	"display": {
		"thirdperson_righthand": {
			"rotation":  [ -7, -2, -10 ],
			"translation":  [ 0, 4, -2 ],
			"scale":  [ 0.7, 0.7, 0.7]
		},
		"thirdperson_lefthand": {
			"rotation":  [ -7, 1, 11 ],
			"translation":  [ -15, 5, -2 ],
			"scale":  [ 0.7,0.7, 0.7]
		},
		"firstperson_righthand": {
			"rotation":  [ 0, -2, 0 ],
			"translation":  [ 0, 5, 0 ],
			"scale":  [ 1, 1, 1 ]
		},
		"firstperson_lefthand": {
			"rotation":  [ 0, 0, 0 ],
			"translation":  [ -9, 6, 0 ],
			"scale":  [ 1, 1, 1 ]
		},
		"gui": {
			"rotation":  [ 0, -130, 0 ],
			"translation":  [ 0, 5, 0 ],
			"scale":  [ 1, 1,  1 ]
		},
		"ground": {
			"rotation":  [ 0, 0, -23 ],
			"translation":  [ 3.59, -0.94, 6.05 ],
			"scale":  [ 1, 1, 1 ]
		},
		"fixed": {
			"rotation":  [ -1, 3, -41 ],
			"translation":  [ 12.28, 3.4, 10.39 ],
			"scale":  [ 3.37, 3.37, 3.4 ]
		}
	}
}