{
	"__comment": "M40 Model Made by Zombie_Striker",
	"textures": {
		"0": "items/m40"
	},
    "elements": [
        {
            "name": "back",
            "from": [ 7.5, 7.0, 15.0 ], 
            "to": [ 8.5, 8.4, 16.0 ], 
            "rotation": { "origin": [ 8.0, 8.0, 8.0 ], "axis": "x", "angle": 22.5 },
            "faces": {
                "north": { "texture": "#0", "uv": [ 5.0, 2.0, 7.0, 3.0 ] },
                "east": { "texture": "#0", "uv": [ 5.0, 2.0, 7.0, 3.0 ] },
                "south": { "texture": "#0", "uv": [ 5.0, 2.0, 6.0, 3.4 ] },
                "west": { "texture": "#0", "uv": [ 6.0, 3.0, 4.0, 2.0 ] },
                "up": { "texture": "#0", "uv": [ 4.0, 3.0, 7.0, 2.0 ] },
                "down": { "texture": "#0", "uv": [ 5.0, 2.0, 6.0, 3.0 ] }
            }
        },
        {
            "name": "pipe",
            "from": [ 7.5, 6.0, -3.0 ], 
            "to": [ 8.5, 7.0, 11.0 ], 
            "faces": {
                "north": { "texture": "#0", "uv": [ 12.0, 6.0, 13.0, 7.0 ] },
                "east": { "texture": "#0", "uv": [ 11.0, 6.0, 12.0, 7.0 ] },
                "south": { "texture": "#0", "uv": [ 11.0, 6.0, 12.0, 7.0 ] },
                "west": { "texture": "#0", "uv": [ 10.0, 6.0, 11.0, 7.0 ] },
                "up": { "texture": "#0", "uv": [ 9.0, 6.0, 10.0, 7.0 ] },
                "down": { "texture": "#0", "uv": [ 9.0, 6.0, 10.0, 7.0 ] }
            }
        },
        {
            "name": "leftwoodbarrel",
            "from": [ 6.6, 6.0, 6.0 ], 
            "to": [ 7.6, 7.0, 11.0 ], 
            "rotation": { "origin": [ 8.0, 8.0, 8.0 ], "axis": "z", "angle": 22.5 },
            "faces": {
                "north": { "texture": "#0", "uv": [ 5.0, 2.0, 7.0, 3.0 ] },
                "east": { "texture": "#0", "uv": [ 5.0, 2.0, 7.0, 3.0 ] },
                "south": { "texture": "#0", "uv": [ 5.0, 2.0, 6.0, 3.0 ] },
                "west": { "texture": "#0", "uv": [ 6.0, 3.0, 4.0, 2.0 ] },
                "up": { "texture": "#0", "uv": [ 4.0, 3.0, 7.0, 2.0 ] },
                "down": { "texture": "#0", "uv": [ 5.0, 2.0, 6.0, 7.0 ] }
            }
        },
        {
            "name": "stock",
            "from": [ 7.5, 7.0, 11.0 ], 
            "to": [ 8.5, 8.0, 15.0 ], 
            "rotation": { "origin": [ 8.0, 8.0, 8.0 ], "axis": "x", "angle": 22.5 },
            "faces": {
                "north": { "texture": "#0", "uv": [ 5.0, 2.0, 7.0, 3.0 ] },
                "east": { "texture": "#0", "uv": [ 5.0, 2.0, 7.0, 3.0 ] },
                "south": { "texture": "#0", "uv": [ 5.0, 2.0, 6.0, 3.0 ] },
                "west": { "texture": "#0", "uv": [ 6.0, 3.0, 4.0, 2.0 ] },
                "up": { "texture": "#0", "uv": [ 4.0, 3.0, 7.0, 2.0 ] },
                "down": { "texture": "#0", "uv": [ 5.0, 2.0, 6.0, 6.0 ] }
            }
        },
        {
            "name": "rightwoodbarrel",
            "from": [ 8.4, 6.0, 6.0 ], 
            "to": [ 9.4, 7.0, 11.0 ], 
            "rotation": { "origin": [ 8.0, 8.0, 8.0 ], "axis": "z", "angle": -22.5 },
            "faces": {
                "north": { "texture": "#0", "uv": [ 5.0, 2.0, 7.0, 3.0 ] },
                "east": { "texture": "#0", "uv": [ 5.0, 2.0, 7.0, 3.0 ] },
                "south": { "texture": "#0", "uv": [ 5.0, 2.0, 6.0, 3.0 ] },
                "west": { "texture": "#0", "uv": [ 6.0, 3.0, 4.0, 2.0 ] },
                "up": { "texture": "#0", "uv": [ 4.0, 3.0, 7.0, 2.0 ] },
                "down": { "texture": "#0", "uv": [ 5.0, 2.0, 6.0, 7.0 ] }
            }
        },
        {
            "name": "scopestand 1",
            "from": [ 7.5, 7.0, 5.0 ], 
            "to": [ 8.5, 7.5, 6.0 ], 
            "faces": {
                "north": { "texture": "#0", "uv": [ 3.0, 10.0, 4.0, 10.5 ] },
                "east": { "texture": "#0", "uv": [ 3.0, 10.0, 4.0, 10.5 ] },
                "south": { "texture": "#0", "uv": [ 2.0, 10.0, 3.0, 10.5 ] },
                "west": { "texture": "#0", "uv": [ 3.0, 10.0, 4.0, 10.5 ] },
                "up": { "texture": "#0", "uv": [ 3.0, 10.0, 4.0, 11.0 ] },
                "down": { "texture": "#0", "uv": [ 3.0, 10.0, 4.0, 11.0 ] }
            }
        },
        {
            "name": "ScopeStand2",
            "from": [ 7.5, 7.0, 8.0 ], 
            "to": [ 8.5, 7.5, 9.0 ], 
            "faces": {
                "north": { "texture": "#0", "uv": [ 3.0, 10.0, 4.0, 10.5 ] },
                "east": { "texture": "#0", "uv": [ 3.0, 10.0, 4.0, 10.5 ] },
                "south": { "texture": "#0", "uv": [ 2.0, 10.0, 3.0, 10.5 ] },
                "west": { "texture": "#0", "uv": [ 3.0, 10.0, 4.0, 10.5 ] },
                "up": { "texture": "#0", "uv": [ 3.0, 10.0, 4.0, 11.0 ] },
                "down": { "texture": "#0", "uv": [ 3.0, 10.0, 4.0, 11.0 ] }
            }
        },
        {
            "name": "scopebase",
            "from": [ 7.5, 7.5, 4.0 ], 
            "to": [ 8.5, 7.7, 11.0 ], 
            "faces": {
                "north": { "texture": "#0", "uv": [ 3.0, 10.0, 4.0, 10.2 ] },
                "east": { "texture": "#0", "uv": [ 3.0, 10.0, 10.0, 10.2 ] },
                "south": { "texture": "#0", "uv": [ 3.0, 10.0, 4.0, 10.2 ] },
                "west": { "texture": "#0", "uv": [ 3.0, 10.0, 10.0, 10.2 ] },
                "up": { "texture": "#0", "uv": [ 3.0, 10.0, 4.0, 11.0 ] },
                "down": { "texture": "#0", "uv": [ 3.0, 10.0, 4.0, 17.0 ] }
            }
        },
        {
            "name": "leftsidescope",
            "from": [ 7.3, 7.5, 4.0 ], 
            "to": [ 7.5, 8.5, 11.0 ], 
            "faces": {
                "north": { "texture": "#0", "uv": [ 3.0, 10.0, 3.2, 11.0 ] },
                "east": { "texture": "#0", "uv": [ 3.0, 10.0, 4.0, 11.0 ] },
                "south": { "texture": "#0", "uv": [ 4.0, 10.0, 4.2, 11.0 ] },
                "west": { "texture": "#0", "uv": [ 3.0, 10.0, 5.0, 9.0 ] },
                "up": { "texture": "#0", "uv": [ 3.0, 10.0, 3.2, 11.0 ] },
                "down": { "texture": "#0", "uv": [ 3.0, 10.0, 3.2, 11.0 ] }
            }
        },
        {
            "name": "rightsidescope",
            "from": [ 8.5, 7.5, 4.0 ], 
            "to": [ 8.7, 8.5, 11.0 ], 
            "faces": {
                "north": { "texture": "#0", "uv": [ 3.0, 10.0, 3.2, 11.0 ] },
                "east": { "texture": "#0", "uv": [ 3.0, 10.0, 4.0, 11.0 ] },
                "south": { "texture": "#0", "uv": [ 4.0, 10.0, 4.2, 11.0 ] },
                "west": { "texture": "#0", "uv": [ 3.0, 10.0, 4.0, 11.0 ] },
                "up": { "texture": "#0", "uv": [ 3.0, 10.0, 3.2, 10.0 ] },
                "down": { "texture": "#0", "uv": [ 3.0, 10.0, 3.2, 17.0 ] }
            }
        },
        {
            "name": "Scope top",
            "from": [ 7.5, 8.5, 4.0 ], 
            "to": [ 8.5, 8.7, 11.0 ], 
            "faces": {
                "north": { "texture": "#0", "uv": [ 3.0, 10.0, 4.0, 10.2 ] },
                "east": { "texture": "#0", "uv": [ 3.0, 10.0, 4.0, 10.2 ] },
                "south": { "texture": "#0", "uv": [ 3.0, 10.0, 4.0, 10.2 ] },
                "west": { "texture": "#0", "uv": [ 3.0, 10.0, 4.0, 10.2 ] },
                "up": { "texture": "#0", "uv": [ 3.0, 10.0, 4.0, 11.0 ] },
                "down": { "texture": "#0", "uv": [ 3.0, 11.0, 4.0, 10.0 ] }
            }
        },
        {
            "name": "Cube",
            "from": [ 7.1, 7.7, 7.0 ], 
            "to": [ 7.3, 8.3, 7.6 ], 
            "faces": {
                "north": { "texture": "#0", "uv": [ 3.0, 10.0, 3.2, 10.6 ] },
                "east": { "texture": "#0", "uv": [ 3.0, 10.0, 4.0, 11.0 ] },
                "south": { "texture": "#0", "uv": [ 4.0, 10.0, 4.2, 10.6 ] },
                "west": { "texture": "#0", "uv": [ 3.0, 10.0, 5.0, 9.0 ] },
                "up": { "texture": "#0", "uv": [ 3.0, 10.0, 3.2, 11.0 ] },
                "down": { "texture": "#0", "uv": [ 3.0, 10.0, 3.2, 11.0 ] }
            }
        },
        {
            "name": "lever",
            "from": [ 8.6, 6.7, 10.0 ], 
            "to": [ 9.799999999999999, 7.3, 10.6 ], 
            "rotation": { "origin": [ 8.0, 8.0, 8.0 ], "axis": "z", "angle": -22.5 },
            "faces": {
                "north": { "texture": "#0", "uv": [ 3.0, 10.0, 4.2, 10.6 ] },
                "east": { "texture": "#0", "uv": [ 3.0, 10.0, 4.0, 11.0 ] },
                "south": { "texture": "#0", "uv": [ 4.0, 10.0, 5.2, 10.6 ] },
                "west": { "texture": "#0", "uv": [ 3.0, 10.0, 5.0, 9.0 ] },
                "up": { "texture": "#0", "uv": [ 3.0, 10.0, 3.2, 11.0 ] },
                "down": { "texture": "#0", "uv": [ 3.0, 10.0, 3.2, 11.0 ] }
            }
        }
    ],
	"display": {
		"thirdperson_righthand": {
			"rotation":  [ -7, -2, -10 ],
			"translation":  [ 0, 4, -2 ],
			"scale":  [ 1, 1, 1]
		},
		"thirdperson_lefthand": {
			"rotation":  [ -7, 1, 11 ],
			"translation":  [ -8, 4, -2 ],
			"scale":  [ 1,1, 1]
		},
		"firstperson_righthand": {
			"rotation":  [ 0, -2, 0 ],
			"translation":  [ 0, 5, 0 ],
			"scale":  [ 1.6, 1.6, 1.6 ]
		},
		"firstperson_lefthand": {
			"rotation":  [ 0, 0, 0 ],
			"translation":  [ -9, 8, -6 ],
			"scale":  [ 3, 3, 3 ]
		},
		"gui": {
			"rotation":  [ 0, -130, 0 ],
			"translation":  [ 0, 5, 0 ],
			"scale":  [ 1, 1,  1 ]
		},
		"ground": {
			"rotation":  [ 0, 0, -23 ],
			"translation":  [ 3.59, -0.94, 6.05 ],
			"scale":  [ 1, 1, 1 ]
		},
		"fixed": {
			"rotation":  [ -1, 3, -41 ],
			"translation":  [ 12.28, 3.4, 10.39 ],
			"scale":  [ 3.37, 3.37, 3.4 ]
		}
	}
}