{
	"credit": "Made with Blockbench, a free, modern block model editor by JannisX11",
	"textures": {
		"0": "items/csgotext1",
		"particle": "items/csgotext1"
	},
	"elements": [
		{
			"name": "cube",
			"from": [7, 6.5, 10.25],
			"to": [8, 8, 11.75],
			"faces": {
				"north": {
					"uv": [14, 7.5, 16, 11.5],
					"texture": "#0"
				},
				"east": {
					"uv": [14, 7.75, 16, 11.75],
					"texture": "#0"
				},
				"south": {
					"uv": [14, 7.5, 16, 11.5],
					"texture": "#0"
				},
				"west": {
					"uv": [14, 7.5, 16, 11.5],
					"texture": "#0"
				},
				"up": {
					"uv": [14, 6.75, 16, 10.75],
					"texture": "#0"
				},
				"down": {
					"uv": [14, 6.75, 16, 10.75],
					"texture": "#0"
				}
			}
		},
		{
			"name": "cube",
			"from": [7, 6.5, 6.25],
			"to": [8, 8, 8.75],
			"faces": {
				"north": {
					"uv": [14, 6.75, 16, 10.75],
					"texture": "#0"
				},
				"east": {
					"uv": [14, 6.75, 16, 10.75],
					"texture": "#0"
				},
				"south": {
					"uv": [14, 6.75, 16, 10.75],
					"texture": "#0"
				},
				"west": {
					"uv": [14, 6.75, 16, 10.75],
					"texture": "#0"
				},
				"up": {
					"uv": [14, 6.75, 16, 10.75],
					"texture": "#0"
				},
				"down": {
					"uv": [14, 6.75, 16, 10.75],
					"texture": "#0"
				}
			}
		},
		{
			"name": "cube",
			"from": [7, 6.5, 13.75],
			"to": [8, 8, 16.75],
			"faces": {
				"north": {
					"uv": [10.75, 7.5, 16, 8.75],
					"texture": "#0"
				},
				"east": {
					"uv": [10.75, 7.5, 16, 8.75],
					"texture": "#0"
				},
				"south": {
					"uv": [10.75, 7.5, 16, 8.75],
					"texture": "#0"
				},
				"west": {
					"uv": [10.75, 7.5, 16, 8.75],
					"texture": "#0"
				},
				"up": {
					"uv": [10.75, 7.5, 16, 8.75],
					"texture": "#0"
				},
				"down": {
					"uv": [10.75, 7.5, 16, 8.75],
					"texture": "#0"
				}
			}
		},
		{
			"name": "cube",
			"from": [7, 6.5, 11.75],
			"to": [8, 7, 13.75],
			"faces": {
				"north": {
					"uv": [10.75, 7.5, 16, 8.75],
					"texture": "#0"
				},
				"east": {
					"uv": [10.75, 7.5, 16, 8.75],
					"texture": "#0"
				},
				"south": {
					"uv": [10.75, 7.5, 16, 8.75],
					"texture": "#0"
				},
				"west": {
					"uv": [10.75, 7.5, 16, 8.75],
					"texture": "#0"
				},
				"up": {
					"uv": [10.75, 7.5, 16, 8.75],
					"texture": "#0"
				},
				"down": {
					"uv": [10.75, 7.5, 16, 8.75],
					"texture": "#0"
				}
			}
		},
		{
			"name": "cube",
			"from": [7, 7, 16.75],
			"to": [8, 9, 17],
			"faces": {
				"north": {
					"uv": [13.5, 13.25, 14.25, 16],
					"texture": "#0"
				},
				"east": {
					"uv": [14.75, 13.25, 15.5, 16],
					"texture": "#0"
				},
				"south": {
					"uv": [13.5, 13.25, 14.25, 16],
					"texture": "#0"
				},
				"west": {
					"uv": [15, 13.25, 15.75, 16],
					"texture": "#0"
				},
				"up": {
					"uv": [13.5, 13.25, 14.25, 16],
					"texture": "#0"
				},
				"down": {
					"uv": [13.5, 13.25, 14.25, 16],
					"texture": "#0"
				}
			}
		},
		{
			"name": "cube",
			"from": [7, 8, 10.75],
			"to": [8, 9, 16.75],
			"faces": {
				"north": {
					"uv": [10.75, 6.75, 14.25, 9.5],
					"texture": "#0"
				},
				"east": {
					"uv": [10.25, 10.5, 14, 11.75],
					"texture": "#0"
				},
				"south": {
					"uv": [10.75, 6.75, 14.25, 9.5],
					"texture": "#0"
				},
				"west": {
					"uv": [9.25, 10.5, 14, 11.75],
					"texture": "#0"
				},
				"up": {
					"uv": [10.75, 6.75, 14.25, 9.5],
					"texture": "#0"
				},
				"down": {
					"uv": [10.75, 6.75, 14.25, 9.5],
					"texture": "#0"
				}
			}
		},
		{
			"name": "cube",
			"from": [6.75, 8, 11],
			"to": [8.25, 9.25, 12],
			"faces": {
				"north": {
					"uv": [10.75, 6.75, 14.25, 9.5],
					"texture": "#0"
				},
				"east": {
					"uv": [0, 6.25, 5.5, 10.75],
					"texture": "#0"
				},
				"south": {
					"uv": [10.75, 6.75, 14.25, 9.5],
					"texture": "#0"
				},
				"west": {"uv": [0, 6.5, 5.25, 11], "texture": "#0"},
				"up": {
					"uv": [10.75, 6.75, 14.25, 9.5],
					"texture": "#0"
				},
				"down": {
					"uv": [10.75, 6.75, 14.25, 9.5],
					"texture": "#0"
				}
			}
		},
		{
			"name": "cube",
			"from": [6.5, 8, 6.25],
			"to": [8.5, 10, 11],
			"faces": {
				"north": {
					"uv": [10.75, 6.75, 14.25, 9.5],
					"texture": "#0"
				},
				"east": {
					"uv": [5.25, 5, 10.75, 9.5],
					"texture": "#0"
				},
				"south": {
					"uv": [10.75, 6.75, 14.25, 9.5],
					"texture": "#0"
				},
				"west": {
					"uv": [5.5, 5, 10.75, 9.5],
					"texture": "#0"
				},
				"up": {
					"uv": [10.75, 6.75, 14.25, 9.5],
					"texture": "#0"
				},
				"down": {
					"uv": [10.75, 6.75, 14.25, 9.5],
					"texture": "#0"
				}
			}
		},
		{
			"name": "legs",
			"from": [8, 5, 3.25],
			"to": [8.25, 8.75, 3.75],
			"rotation": {
				"angle": 22.5,
				"axis": "z",
				"origin": [8.125, 7.875, 3.375]
			},
			"faces": {
				"north": {"uv": [0, 0, 1.5, 1.75], "texture": "#0"},
				"east": {"uv": [0, 0, 1.5, 1.75], "texture": "#0"},
				"south": {"uv": [0, 0, 1.5, 1.75], "texture": "#0"},
				"west": {"uv": [0, 0, 1.5, 1.75], "texture": "#0"},
				"up": {"uv": [0, 0, 1.5, 1.75], "texture": "#0"},
				"down": {"uv": [0, 0, 1.5, 1.75], "texture": "#0"}
			}
		},
		{
			"name": "legs",
			"from": [6.75, 5, 3.25],
			"to": [7, 8.75, 3.75],
			"rotation": {
				"angle": -22.5,
				"axis": "z",
				"origin": [6.875, 7.875, 3.375]
			},
			"faces": {
				"north": {"uv": [0, 0, 1.5, 1.75], "texture": "#0"},
				"east": {"uv": [0, 0, 1.5, 1.75], "texture": "#0"},
				"south": {"uv": [0, 0, 1.5, 1.75], "texture": "#0"},
				"west": {"uv": [0, 0, 1.5, 1.75], "texture": "#0"},
				"up": {"uv": [0, 0, 1.5, 1.75], "texture": "#0"},
				"down": {"uv": [0, 0, 1.5, 1.75], "texture": "#0"}
			}
		},
		{
			"name": "cube",
			"from": [7, 10, 3.5],
			"to": [8, 10.1, 10.25],
			"faces": {
				"north": {
					"uv": [12, 5.75, 15.75, 8.5],
					"texture": "#0"
				},
				"east": {
					"uv": [12, 5.75, 15.75, 8.5],
					"texture": "#0"
				},
				"south": {
					"uv": [12, 5.75, 15.75, 8.5],
					"texture": "#0"
				},
				"west": {
					"uv": [12, 5.75, 15.75, 8.5],
					"texture": "#0"
				},
				"up": {
					"uv": [12, 5.75, 15.75, 8.5],
					"texture": "#0"
				},
				"down": {
					"uv": [12, 5.75, 15.75, 8.5],
					"texture": "#0"
				}
			}
		},
		{
			"name": "cube",
			"from": [6.5, 8.25, 3],
			"to": [8.5, 10, 6.25],
			"faces": {
				"north": {
					"uv": [10.5, 6.5, 16, 9.25],
					"texture": "#0"
				},
				"east": {
					"uv": [10.5, 8.5, 14, 11.25],
					"texture": "#0"
				},
				"south": {
					"uv": [10.5, 6.5, 16, 9.25],
					"texture": "#0"
				},
				"west": {
					"uv": [10.25, 8.5, 14, 11.25],
					"texture": "#0"
				},
				"up": {
					"uv": [10.5, 6.5, 16, 9.25],
					"texture": "#0"
				},
				"down": {
					"uv": [10.5, 6.5, 16, 9.25],
					"texture": "#0"
				}
			}
		},
		{
			"name": "cube",
			"from": [8, 9.75, 8.75],
			"to": [8.25, 10.5, 9],
			"faces": {
				"north": {
					"uv": [1, 0.25, 2.5, 2.25],
					"texture": "#0"
				},
				"east": {
					"uv": [1, 0.25, 2.5, 2.25],
					"texture": "#0"
				},
				"south": {
					"uv": [1, 0.25, 2.5, 2.25],
					"texture": "#0"
				},
				"west": {
					"uv": [1, 0.25, 2.5, 2.25],
					"texture": "#0"
				},
				"up": {"uv": [1, 0.25, 2.5, 2.25], "texture": "#0"},
				"down": {
					"uv": [1, 0.25, 2.5, 2.25],
					"texture": "#0"
				}
			}
		},
		{
			"name": "cube",
			"from": [7.75, 9.75, 5.75],
			"to": [8, 10.5, 6],
			"faces": {
				"north": {
					"uv": [1, 0.25, 2.5, 2.25],
					"texture": "#0"
				},
				"east": {
					"uv": [1, 0.25, 2.5, 2.25],
					"texture": "#0"
				},
				"south": {
					"uv": [1, 0.25, 2.5, 2.25],
					"texture": "#0"
				},
				"west": {
					"uv": [1, 0.25, 2.5, 2.25],
					"texture": "#0"
				},
				"up": {"uv": [1, 0.25, 2.5, 2.25], "texture": "#0"},
				"down": {
					"uv": [1, 0.25, 2.5, 2.25],
					"texture": "#0"
				}
			}
		},
		{
			"name": "cube",
			"from": [6.75, 9.75, 5.75],
			"to": [7, 10.5, 6],
			"faces": {
				"north": {
					"uv": [1, 0.25, 2.5, 2.25],
					"texture": "#0"
				},
				"east": {
					"uv": [1, 0.25, 2.5, 2.25],
					"texture": "#0"
				},
				"south": {
					"uv": [1, 0.25, 2.5, 2.25],
					"texture": "#0"
				},
				"west": {
					"uv": [1, 0.25, 2.5, 2.25],
					"texture": "#0"
				},
				"up": {"uv": [1, 0.25, 2.5, 2.25], "texture": "#0"},
				"down": {
					"uv": [1, 0.25, 2.5, 2.25],
					"texture": "#0"
				}
			}
		},
		{
			"name": "cube",
			"from": [6.75, 9.75, 8.75],
			"to": [7, 10.5, 9],
			"faces": {
				"north": {
					"uv": [1, 0.25, 2.5, 2.25],
					"texture": "#0"
				},
				"east": {
					"uv": [1, 0.25, 2.5, 2.25],
					"texture": "#0"
				},
				"south": {
					"uv": [1, 0.25, 2.5, 2.25],
					"texture": "#0"
				},
				"west": {
					"uv": [1, 0.25, 2.5, 2.25],
					"texture": "#0"
				},
				"up": {"uv": [1, 0.25, 2.5, 2.25], "texture": "#0"},
				"down": {
					"uv": [1, 0.25, 2.5, 2.25],
					"texture": "#0"
				}
			}
		},
		{
			"name": "cube",
			"from": [7, 10.25, 4],
			"to": [8, 10.5, 10],
			"faces": {
				"north": {
					"uv": [1, 0.25, 2.5, 2.25],
					"texture": "#0"
				},
				"east": {
					"uv": [1, 0.25, 2.5, 2.25],
					"texture": "#0"
				},
				"south": {
					"uv": [1, 0.25, 2.5, 2.25],
					"texture": "#0"
				},
				"west": {
					"uv": [1, 0.25, 2.5, 2.25],
					"texture": "#0"
				},
				"up": {"uv": [1, 0.25, 2.5, 2.25], "texture": "#0"},
				"down": {
					"uv": [1, 0.25, 2.5, 2.25],
					"texture": "#0"
				}
			}
		},
		{
			"name": "cube",
			"from": [7.45, 10.5, 4],
			"to": [7.55, 11, 5.25],
			"faces": {
				"north": {
					"uv": [1, 0.25, 2.5, 2.25],
					"texture": "#0"
				},
				"east": {
					"uv": [1, 0.25, 2.5, 2.25],
					"texture": "#0"
				},
				"south": {
					"uv": [1, 0.25, 2.5, 2.25],
					"texture": "#0"
				},
				"west": {
					"uv": [1, 0.25, 2.5, 2.25],
					"texture": "#0"
				},
				"up": {"uv": [1, 0.25, 2.5, 2.25], "texture": "#0"},
				"down": {
					"uv": [1, 0.25, 2.5, 2.25],
					"texture": "#0"
				}
			}
		},
		{
			"name": "cube",
			"from": [7, 11.75, 4],
			"to": [8, 12, 5.25],
			"faces": {
				"north": {
					"uv": [1, 0.25, 2.5, 2.25],
					"texture": "#0"
				},
				"east": {
					"uv": [1, 0.25, 2.5, 2.25],
					"texture": "#0"
				},
				"south": {
					"uv": [1, 0.25, 2.5, 2.25],
					"texture": "#0"
				},
				"west": {
					"uv": [1, 0.25, 2.5, 2.25],
					"texture": "#0"
				},
				"up": {"uv": [1, 0.25, 2.5, 2.25], "texture": "#0"},
				"down": {
					"uv": [1, 0.25, 2.5, 2.25],
					"texture": "#0"
				}
			}
		},
		{
			"name": "cube",
			"from": [7, 11.5, 4],
			"to": [8, 11.75, 10],
			"faces": {
				"north": {
					"uv": [1, 0.25, 2.5, 2.25],
					"texture": "#0"
				},
				"east": {
					"uv": [1, 0.25, 2.5, 2.25],
					"texture": "#0"
				},
				"south": {
					"uv": [1, 0.25, 2.5, 2.25],
					"texture": "#0"
				},
				"west": {
					"uv": [1, 0.25, 2.5, 2.25],
					"texture": "#0"
				},
				"up": {"uv": [1, 0.25, 2.5, 2.25], "texture": "#0"},
				"down": {
					"uv": [1, 0.25, 2.5, 2.25],
					"texture": "#0"
				}
			}
		},
		{
			"name": "cube",
			"from": [8, 10.5, 4],
			"to": [8.25, 11.5, 10],
			"faces": {
				"north": {
					"uv": [1, 0.25, 2.5, 2.25],
					"texture": "#0"
				},
				"east": {
					"uv": [1, 0.25, 2.5, 2.25],
					"texture": "#0"
				},
				"south": {
					"uv": [1, 0.25, 2.5, 2.25],
					"texture": "#0"
				},
				"west": {
					"uv": [1, 0.25, 2.5, 2.25],
					"texture": "#0"
				},
				"up": {"uv": [1, 0.25, 2.5, 2.25], "texture": "#0"},
				"down": {
					"uv": [1, 0.25, 2.5, 2.25],
					"texture": "#0"
				}
			}
		},
		{
			"name": "cube",
			"from": [8.25, 10.5, 4],
			"to": [8.5, 11.5, 5],
			"faces": {
				"north": {
					"uv": [1, 0.25, 2.5, 2.25],
					"texture": "#0"
				},
				"east": {
					"uv": [1, 0.25, 2.5, 2.25],
					"texture": "#0"
				},
				"south": {
					"uv": [1, 0.25, 2.5, 2.25],
					"texture": "#0"
				},
				"west": {
					"uv": [1, 0.25, 2.5, 2.25],
					"texture": "#0"
				},
				"up": {"uv": [1, 0.25, 2.5, 2.25], "texture": "#0"},
				"down": {
					"uv": [1, 0.25, 2.5, 2.25],
					"texture": "#0"
				}
			}
		},
		{
			"name": "cube",
			"from": [6.5, 10.5, 4],
			"to": [6.75, 11.5, 5],
			"faces": {
				"north": {
					"uv": [1, 0.25, 2.5, 2.25],
					"texture": "#0"
				},
				"east": {
					"uv": [1, 0.25, 2.5, 2.25],
					"texture": "#0"
				},
				"south": {
					"uv": [1, 0.25, 2.5, 2.25],
					"texture": "#0"
				},
				"west": {
					"uv": [1, 0.25, 2.5, 2.25],
					"texture": "#0"
				},
				"up": {"uv": [1, 0.25, 2.5, 2.25], "texture": "#0"},
				"down": {
					"uv": [1, 0.25, 2.5, 2.25],
					"texture": "#0"
				}
			}
		},
		{
			"name": "cube",
			"from": [6.75, 10.5, 4],
			"to": [7, 11.5, 10],
			"faces": {
				"north": {
					"uv": [1, 0.25, 2.5, 2.25],
					"texture": "#0"
				},
				"east": {
					"uv": [1, 0.25, 2.5, 2.25],
					"texture": "#0"
				},
				"south": {
					"uv": [1, 0.25, 2.5, 2.25],
					"texture": "#0"
				},
				"west": {
					"uv": [1, 0.25, 2.5, 2.25],
					"texture": "#0"
				},
				"up": {"uv": [1, 0.25, 2.5, 2.25], "texture": "#0"},
				"down": {
					"uv": [1, 0.25, 2.5, 2.25],
					"texture": "#0"
				}
			}
		},
		{
			"name": "cube",
			"from": [7, 9.25, -5],
			"to": [8, 9.5, 3],
			"rotation": {
				"angle": 22.5,
				"axis": "z",
				"origin": [7.5, 9.375, -1]
			},
			"faces": {
				"north": {
					"uv": [10.5, 6.25, 16, 9.25],
					"texture": "#0"
				},
				"east": {
					"uv": [10.5, 6.25, 16, 9.25],
					"texture": "#0"
				},
				"south": {
					"uv": [10.5, 6.25, 16, 9.25],
					"texture": "#0"
				},
				"west": {
					"uv": [10.5, 6.25, 16, 9.25],
					"texture": "#0"
				},
				"up": {
					"uv": [10.5, 6.25, 16, 9.25],
					"texture": "#0"
				},
				"down": {
					"uv": [10.5, 6.25, 16, 9.25],
					"texture": "#0"
				}
			}
		},
		{
			"name": "cube",
			"from": [7, 9.25, -6],
			"to": [8, 9.5, -5],
			"rotation": {
				"angle": 22.5,
				"axis": "z",
				"origin": [7.5, 9.375, -5.5]
			},
			"faces": {
				"north": {
					"uv": [0, 0.75, 2.25, 2],
					"texture": "#0"
				},
				"east": {"uv": [0, 0.75, 2.25, 2], "texture": "#0"},
				"south": {
					"uv": [0, 0.75, 2.25, 2],
					"texture": "#0"
				},
				"west": {"uv": [0, 0.75, 2.25, 2], "texture": "#0"},
				"up": {"uv": [0, 0.75, 2.25, 2], "texture": "#0"},
				"down": {"uv": [0, 0.75, 2.25, 2], "texture": "#0"}
			}
		},
		{
			"name": "cube",
			"from": [7, 9.25, -5],
			"to": [8, 9.5, 3],
			"rotation": {
				"angle": -45,
				"axis": "z",
				"origin": [7.5, 9.375, -1]
			},
			"faces": {
				"north": {
					"uv": [10.5, 6.25, 16, 9.25],
					"texture": "#0"
				},
				"east": {
					"uv": [10.5, 6.25, 16, 9.25],
					"texture": "#0"
				},
				"south": {
					"uv": [10.5, 6.25, 16, 9.25],
					"texture": "#0"
				},
				"west": {
					"uv": [10.5, 6.25, 16, 9.25],
					"texture": "#0"
				},
				"up": {
					"uv": [10.5, 6.25, 16, 9.25],
					"texture": "#0"
				},
				"down": {
					"uv": [10.5, 6.25, 16, 9.25],
					"texture": "#0"
				}
			}
		},
		{
			"name": "cube",
			"from": [7, 9.25, -6],
			"to": [8, 9.5, -5],
			"rotation": {
				"angle": -45,
				"axis": "z",
				"origin": [7.5, 9.375, -5.5]
			},
			"faces": {
				"north": {
					"uv": [0, 0.75, 2.25, 2],
					"texture": "#0"
				},
				"east": {"uv": [0, 0.75, 2.25, 2], "texture": "#0"},
				"south": {
					"uv": [0, 0.75, 2.25, 2],
					"texture": "#0"
				},
				"west": {"uv": [0, 0.75, 2.25, 2], "texture": "#0"},
				"up": {"uv": [0, 0.75, 2.25, 2], "texture": "#0"},
				"down": {"uv": [0, 0.75, 2.25, 2], "texture": "#0"}
			}
		},
		{
			"name": "cube",
			"from": [7, 9.25, -5],
			"to": [8, 9.5, 3],
			"rotation": {
				"angle": -22.5,
				"axis": "z",
				"origin": [7.5, 9.375, -1]
			},
			"faces": {
				"north": {
					"uv": [10.5, 6.25, 16, 9.25],
					"texture": "#0"
				},
				"east": {
					"uv": [10.5, 6.25, 16, 9.25],
					"texture": "#0"
				},
				"south": {
					"uv": [10.5, 6.25, 16, 9.25],
					"texture": "#0"
				},
				"west": {
					"uv": [10.5, 6.25, 16, 9.25],
					"texture": "#0"
				},
				"up": {
					"uv": [10.5, 6.25, 16, 9.25],
					"texture": "#0"
				},
				"down": {
					"uv": [10.5, 6.25, 16, 9.25],
					"texture": "#0"
				}
			}
		},
		{
			"name": "cube",
			"from": [7, 9.25, -6],
			"to": [8, 9.5, -5],
			"rotation": {
				"angle": -22.5,
				"axis": "z",
				"origin": [7.5, 9.375, -5.5]
			},
			"faces": {
				"north": {
					"uv": [0, 0.75, 2.25, 2],
					"texture": "#0"
				},
				"east": {"uv": [0, 0.75, 2.25, 2], "texture": "#0"},
				"south": {
					"uv": [0, 0.75, 2.25, 2],
					"texture": "#0"
				},
				"west": {"uv": [0, 0.75, 2.25, 2], "texture": "#0"},
				"up": {"uv": [0, 0.75, 2.25, 2], "texture": "#0"},
				"down": {"uv": [0, 0.75, 2.25, 2], "texture": "#0"}
			}
		},
		{
			"name": "cube",
			"from": [7.25, 9.25, -5],
			"to": [7.75, 9.75, 3],
			"faces": {
				"north": {
					"uv": [10.5, 6.25, 16, 9.25],
					"texture": "#0"
				},
				"east": {
					"uv": [10.5, 6.25, 16, 9.25],
					"texture": "#0"
				},
				"south": {
					"uv": [10.5, 6.25, 16, 9.25],
					"texture": "#0"
				},
				"west": {
					"uv": [10.5, 6.25, 16, 9.25],
					"texture": "#0"
				},
				"up": {
					"uv": [10.5, 6.25, 16, 9.25],
					"texture": "#0"
				},
				"down": {
					"uv": [10.5, 6.25, 16, 9.25],
					"texture": "#0"
				}
			}
		},
		{
			"name": "cube",
			"from": [7.25, 8.75, -6],
			"to": [7.75, 10, -5],
			"faces": {
				"north": {
					"uv": [0, 0.75, 2.25, 2],
					"texture": "#0"
				},
				"east": {"uv": [0, 0.75, 2.25, 2], "texture": "#0"},
				"south": {
					"uv": [0, 0.75, 2.25, 2],
					"texture": "#0"
				},
				"west": {"uv": [0, 0.75, 2.25, 2], "texture": "#0"},
				"up": {"uv": [0, 0.75, 2.25, 2], "texture": "#0"},
				"down": {"uv": [0, 0.75, 2.25, 2], "texture": "#0"}
			}
		},
		{
			"name": "cube",
			"from": [7, 9.25, -5],
			"to": [8, 9.5, 3],
			"faces": {
				"north": {
					"uv": [10.5, 6.25, 16, 9.25],
					"texture": "#0"
				},
				"east": {
					"uv": [10.5, 6.25, 16, 9.25],
					"texture": "#0"
				},
				"south": {
					"uv": [10.5, 6.25, 16, 9.25],
					"texture": "#0"
				},
				"west": {
					"uv": [10.5, 6.25, 16, 9.25],
					"texture": "#0"
				},
				"up": {
					"uv": [10.5, 6.25, 16, 9.25],
					"texture": "#0"
				},
				"down": {
					"uv": [10.5, 6.25, 16, 9.25],
					"texture": "#0"
				}
			}
		},
		{
			"name": "cube",
			"from": [6.75, 9.25, -6],
			"to": [8.25, 9.5, -5],
			"faces": {
				"north": {
					"uv": [0, 0.75, 2.25, 2],
					"texture": "#0"
				},
				"east": {"uv": [0, 0.75, 2.25, 2], "texture": "#0"},
				"south": {
					"uv": [0, 0.75, 2.25, 2],
					"texture": "#0"
				},
				"west": {"uv": [0, 0.75, 2.25, 2], "texture": "#0"},
				"up": {"uv": [0, 0.75, 2.25, 2], "texture": "#0"},
				"down": {"uv": [0, 0.75, 2.25, 2], "texture": "#0"}
			}
		},
		{
			"name": "cube",
			"from": [7, 9.25, -5],
			"to": [8, 9.5, 3],
			"rotation": {
				"angle": 45,
				"axis": "z",
				"origin": [7.5, 9.375, -1]
			},
			"faces": {
				"north": {
					"uv": [10.5, 6.25, 16, 9.25],
					"texture": "#0"
				},
				"east": {
					"uv": [10.5, 6.25, 16, 9.25],
					"texture": "#0"
				},
				"south": {
					"uv": [10.5, 6.25, 16, 9.25],
					"texture": "#0"
				},
				"west": {
					"uv": [10.5, 6.25, 16, 9.25],
					"texture": "#0"
				},
				"up": {
					"uv": [10.5, 6.25, 16, 9.25],
					"texture": "#0"
				},
				"down": {
					"uv": [10.5, 6.25, 16, 9.25],
					"texture": "#0"
				}
			}
		},
		{
			"name": "cube",
			"from": [7, 9.25, -6],
			"to": [8, 9.5, -5],
			"rotation": {
				"angle": 45,
				"axis": "z",
				"origin": [7.5, 9.375, -5.5]
			},
			"faces": {
				"north": {
					"uv": [0, 0.75, 2.25, 2],
					"texture": "#0"
				},
				"east": {"uv": [0, 0.75, 2.25, 2], "texture": "#0"},
				"south": {
					"uv": [0, 0.75, 2.25, 2],
					"texture": "#0"
				},
				"west": {"uv": [0, 0.75, 2.25, 2], "texture": "#0"},
				"up": {"uv": [0, 0.75, 2.25, 2], "texture": "#0"},
				"down": {"uv": [0, 0.75, 2.25, 2], "texture": "#0"}
			}
		}
	],
	"display": {
		"thirdperson_lefthand": {
			"translation": [-12.5, 0, 0]
		},
		"firstperson_lefthand": {
			"translation": [-9.5, 5.5, 8.5]
		}
	}
}