{
    "parent": "item/handheld",
    "textures": {
        "layer0": "items/diamond_axe"
    },
	"overrides": [
		{
		   "predicate": {
		      "damaged": 1,
		      "damage": 0.00
		   },
		   "model": "item/diamond_axe_org"
		},
		{
		   "predicate": {
		      "damaged": 0,
		      "damage": 0.00128
		   },
		   "model": "item/p30"
		},
		{
		   "predicate": {
		      "damaged": 0,
		      "damage": 0.00192
		   },
		   "model": "item/pkp"
		},
		{
		   "predicate": {
		      "damaged": 0,
		      "damage": 0.0025
		   },
		   "model": "item/mp5"
		},
		{
		   "predicate": {
		      "damaged": 0,
		      "damage": 0.0032
		   },
		   "model": "item/ak47"
		},
		{
		   "predicate": {
		      "damaged": 0,
		      "damage": 0.0038
		   },
		   "model": "item/ak47u"
		},
		{
		   "predicate": {
		      "damaged": 0,
		      "damage": 0.0044
		   },
		   "model": "item/m16"
		},
		{
		   "predicate": {
		      "damaged": 0,
		      "damage": 0.0051
		   },
		   "model": "item/remmington"
		},
		{
		   "predicate": {
		      "damaged": 0,
		      "damage": 0.0057
		   },
		   "model": "item/fnfal"
		},
		{
		   "predicate": {
		      "damaged": 0,
		      "damage": 0.0064
		   },
		   "model": "item/rpg"
		},
		{
		   "predicate": {
		      "damaged": 0,
		      "damage": 0.007
		   },
		   "model": "item/ump"
		},
		{
		   "predicate": {
		      "damaged": 0,
		      "damage": 0.0076
		   },
		   "model": "item/sw1911"
		},
		{
		   "predicate": {
		      "damaged": 0,
		      "damage": 0.0083
		   },
		   "model": "item/m40"
		},
		{
		   "predicate": {
		      "damaged": 0,
		      "damage": 0.0085
		   },
		   "model": "item/ammo556"
		},
		{
		   "predicate": {
		      "damaged": 0,
		      "damage": 0.0091
		   },
		   "model": "item/ammo9mm"
		},
		{
		   "predicate": {
		      "damaged": 0,
		      "damage": 0.0098
		   },
		   "model": "item/ammoshotgun"
		},
		{
		   "predicate": {
		      "damaged": 0,
		      "damage": 0.0104
		   },
		   "model": "item/ammorpg"
		},
		{
		   "predicate": {
		      "damaged": 0,
		      "damage": 0.011
		   },
		   "model": "item/enfield"
		},
		{
		   "predicate": {
		      "damaged": 0,
		      "damage": 0.0120
		   },
		   "model": "item/henry"
		},
		{
		   "predicate": {
		      "damaged": 0,
		      "damage": 0.0126
		   },
		   "model": "item/mouser"
		},
		{
		   "predicate": {
		      "damaged": 0,
		      "damage": 0.0131
		   },
		   "model": "item/aiming"
		},
		{
		   "predicate": {
		      "damaged": 0,
		      "damage": 0.0137
		   },
		   "model": "item/grenade"
		},
		{
		   "predicate": {
		      "damaged": 0,
		      "damage": 0.0143
		   },
		   "model": "item/dragunov"
		},
		{
		   "predicate": {
		      "damaged": 0,
		      "damage": 0.0149
		   },
		   "model": "item/spas"
		},
		{
		   "predicate": {
		      "damaged": 0,
		      "damage": 0.0155
		   },
		   "model": "item/kevlarmk1"
		},
		{
		   "predicate": {
		      "damaged": 0,
		      "damage": 0.0161
		   },
		   "model": "item/aa12"
		},
		{
		   "predicate": {
		      "damaged": 0,
		      "damage": 0.0167
		   },
		   "model": "EMPTY_SPACE_FOR_CUSTOM_GUN_TEXTURES_ID_27"
		},
		{
		   "predicate": {
		      "damaged": 0,
		      "damage": 0.0173
		   },
		   "model": "EMPTY_SPACE_FOR_CUSTOM_GUN_TEXTURES_ID_28"
		},
		{
		   "predicate": {
		      "damaged": 0,
		      "damage": 0.0179
		   },
		   "model": "EMPTY_SPACE_FOR_CUSTOM_GUN_TEXTURES_ID_29"
		},
		{
		   "predicate": {
		      "damaged": 0,
		      "damage": 0.0186
		   },
		   "model": "EMPTY_SPACE_FOR_CUSTOM_GUN_TEXTURES_ID_30"
		},
		{
		   "predicate": {
		      "damaged": 0,
		      "damage": 0.0193
		   },
		   "model": "EMPTY_SPACE_FOR_CUSTOM_GUN_TEXTURES_ID_31"
		},
		{
		   "predicate": {
		      "damaged": 0,
		      "damage": 0.0199
		   },
		   "model": "EMPTY_SPACE_FOR_CUSTOM_GUN_TEXTURES_ID_32"
		},
		{
		   "predicate": {
		      "damaged": 0,
		      "damage": 0.0205
		   },
		   "model": "EMPTY_SPACE_FOR_CUSTOM_GUN_TEXTURES_ID_33"
		},
		{
		   "predicate": {
		      "damaged": 0,
		      "damage": 0.0212
		   },
		   "model": "EMPTY_SPACE_FOR_CUSTOM_GUN_TEXTURES_ID_34"
		},
		{
		   "predicate": {
		      "damaged": 0,
		      "damage": 0.0218
		   },
		   "model": "EMPTY_SPACE_FOR_CUSTOM_GUN_TEXTURES_ID_35"
		},
		{
		   "predicate": {
		      "damaged": 0,
		      "damage": 0.0225
		   },
		   "model": "EMPTY_SPACE_FOR_CUSTOM_GUN_TEXTURES_ID_36"
		},
		{
		   "predicate": {
		      "damaged": 0,
		      "damage": 0.0237
		   },
		   "model": "item/medkit"
		},
		{
		   "predicate": {
		      "damaged": 0,
		      "damage": 0.0243
		   },
		   "model": "item/magnum"
		},
		{
		   "predicate": {
		      "damaged": 0,
		      "damage": 0.0249
		   },
		   "model": "item/awp"
		},
		{
		   "predicate": {
		      "damaged": 0,
		      "damage": 0.0255
		   },
		   "model": "item/smokegrenade"
		},
		{
		   "predicate": {
		      "damaged": 0,
		      "damage": 0.0261
		   },
		   "model": "item/flashbang"
		},
		{
		   "predicate": {
		      "damaged": 0,
		      "damage": 0.0339
		   },
		   "model": "item/expfocell"
		},
		{
		   "predicate": {
		      "damaged": 0,
		      "damage": 0.0345
		   },
		   "model": "item/expfolzr"
		},
		{
		   "predicate": {
		      "damaged": 0,
		      "damage": 0.0351
		   },
		   "model": "item/expfofat"
		},
		{
		   "predicate": {
		      "damaged": 0,
		      "damage": 0.0357
		   },
		   "model": "item/expfomn"
		},
		{
		   "predicate": {
		      "damaged": 0,
		      "damage": 0.0363
		   },
		   "model": "item/expfo10"
		},
		{
		   "predicate": {
		      "damaged": 0,
		      "damage": 0.0370
		   },
		   "model": "item/expfoinr"
		},
		{
		   "predicate": {
		      "damaged": 0,
		      "damage": 0.0376
		   },
		   "model": "item/diamond_axe_org"
		}
	]
}