{
	"credit": "Made with Blockbench, a free, modern block model editor by JannisX11",
	"textures": {
		"0": "items/expfotext",
		"particle": "items/expfotext"
	},
	"elements": [
		{
			"name": "cube",
			"from": [6.25, 9.25, 11.25],
			"to": [7.75, 11.25, 17.5],
			"faces": {
				"north": {"uv": [4, 8, 8, 12], "texture": "#0"},
				"east": {"uv": [4, 8, 8, 12], "texture": "#0"},
				"south": {"uv": [4, 8, 8, 12], "texture": "#0"},
				"west": {"uv": [4, 8, 8, 12], "texture": "#0"},
				"up": {"uv": [4, 8, 8, 12], "texture": "#0"},
				"down": {"uv": [4, 8, 8, 12], "texture": "#0"}
			}
		},
		{
			"name": "cube",
			"from": [7, 7, 7],
			"to": [10, 8, 14],
			"faces": {
				"north": {"uv": [4, 8, 8, 12], "texture": "#0"},
				"east": {"uv": [4, 8, 8, 12], "texture": "#0"},
				"south": {"uv": [4, 8, 8, 12], "texture": "#0"},
				"west": {"uv": [4, 8, 8, 12], "texture": "#0"},
				"up": {"uv": [4, 8, 8, 12], "texture": "#0"},
				"down": {"uv": [4, 8, 8, 12], "texture": "#0"}
			}
		},
		{
			"name": "cube",
			"from": [7.5, 6.5, 18.75],
			"to": [9.75, 8.5, 24.75],
			"rotation": {
				"angle": -45,
				"axis": "x",
				"origin": [8.625, 7.5, 21.75]
			},
			"faces": {
				"north": {"uv": [0, 12, 4, 16], "texture": "#0"},
				"east": {"uv": [0, 12, 4, 16], "texture": "#0"},
				"south": {"uv": [0, 12, 4, 16], "texture": "#0"},
				"west": {"uv": [0, 12, 4, 16], "texture": "#0"},
				"up": {"uv": [0, 12, 4, 16], "texture": "#0"},
				"down": {"uv": [0, 12, 4, 16], "texture": "#0"}
			}
		},
		{
			"name": "cube",
			"from": [7.5, 5.5, 15.75],
			"to": [9.75, 7.5, 21.75],
			"rotation": {
				"angle": 22.5,
				"axis": "x",
				"origin": [8.625, 6.5, 18.75]
			},
			"faces": {
				"north": {"uv": [0, 12, 4, 16], "texture": "#0"},
				"east": {"uv": [0, 12, 4, 16], "texture": "#0"},
				"south": {"uv": [0, 12, 4, 16], "texture": "#0"},
				"west": {"uv": [0, 12, 4, 16], "texture": "#0"},
				"up": {"uv": [0, 12, 4, 16], "texture": "#0"},
				"down": {"uv": [0, 12, 4, 16], "texture": "#0"}
			}
		},
		{
			"name": "cube",
			"from": [8.875, 12.375, 13],
			"to": [9.375, 12.625, 17.75],
			"rotation": {
				"angle": 45,
				"axis": "z",
				"origin": [9.125, 12.5, 15.375]
			},
			"faces": {
				"north": {
					"uv": [0, 12, 4, 16],
					"texture": "#0",
					"rotation": 90
				},
				"east": {
					"uv": [0, 12, 4, 16],
					"texture": "#0",
					"rotation": 270
				},
				"south": {
					"uv": [0, 12, 4, 16],
					"texture": "#0",
					"rotation": 270
				},
				"west": {
					"uv": [0, 12, 4, 16],
					"texture": "#0",
					"rotation": 270
				},
				"up": {
					"uv": [0, 12, 4, 16],
					"texture": "#0",
					"rotation": 270
				},
				"down": {
					"uv": [0, 12, 4, 16],
					"texture": "#0",
					"rotation": 270
				}
			}
		},
		{
			"name": "cube",
			"from": [8.875, 12.375, 13],
			"to": [9.375, 12.625, 17.75],
			"rotation": {
				"angle": 0,
				"axis": "z",
				"origin": [9.125, 12.5, 15.375]
			},
			"faces": {
				"north": {
					"uv": [0, 12, 4, 16],
					"texture": "#0",
					"rotation": 90
				},
				"east": {
					"uv": [0, 12, 4, 16],
					"texture": "#0",
					"rotation": 270
				},
				"south": {
					"uv": [0, 12, 4, 16],
					"texture": "#0",
					"rotation": 270
				},
				"west": {
					"uv": [0, 12, 4, 16],
					"texture": "#0",
					"rotation": 270
				},
				"up": {
					"uv": [0, 12, 4, 16],
					"texture": "#0",
					"rotation": 270
				},
				"down": {
					"uv": [0, 12, 4, 16],
					"texture": "#0",
					"rotation": 270
				}
			}
		},
		{
			"name": "cube",
			"from": [9, 12.25, 13],
			"to": [9.25, 12.75, 17.75],
			"rotation": {
				"angle": 45,
				"axis": "z",
				"origin": [9.125, 12.5, 15.375]
			},
			"faces": {
				"north": {"uv": [0, 12, 4, 16], "texture": "#0"},
				"east": {"uv": [0, 12, 4, 16], "texture": "#0"},
				"south": {"uv": [0, 12, 4, 16], "texture": "#0"},
				"west": {"uv": [0, 12, 4, 16], "texture": "#0"},
				"up": {"uv": [0, 12, 4, 16], "texture": "#0"},
				"down": {"uv": [0, 12, 4, 16], "texture": "#0"}
			}
		},
		{
			"name": "cube",
			"from": [9, 12.25, 13],
			"to": [9.25, 12.75, 17.75],
			"faces": {
				"north": {"uv": [0, 12, 4, 16], "texture": "#0"},
				"east": {"uv": [0, 12, 4, 16], "texture": "#0"},
				"south": {"uv": [0, 12, 4, 16], "texture": "#0"},
				"west": {"uv": [0, 12, 4, 16], "texture": "#0"},
				"up": {"uv": [0, 12, 4, 16], "texture": "#0"},
				"down": {"uv": [0, 12, 4, 16], "texture": "#0"}
			}
		},
		{
			"name": "cube",
			"from": [8.5, 6, 15.25],
			"to": [8.75, 7.25, 16],
			"faces": {
				"north": {"uv": [0, 8, 4, 12], "texture": "#0"},
				"east": {"uv": [0, 8, 4, 12], "texture": "#0"},
				"south": {"uv": [0, 8, 4, 12], "texture": "#0"},
				"west": {"uv": [0, 8, 4, 12], "texture": "#0"},
				"up": {"uv": [0, 8, 4, 12], "texture": "#0"},
				"down": {"uv": [0, 8, 4, 12], "texture": "#0"}
			}
		},
		{
			"name": "cube",
			"from": [7.5, 7.25, 13.5],
			"to": [9.75, 8, 16.75],
			"faces": {
				"north": {"uv": [0, 12, 4, 16], "texture": "#0"},
				"east": {"uv": [0, 12, 4, 16], "texture": "#0"},
				"south": {"uv": [0, 12, 4, 16], "texture": "#0"},
				"west": {"uv": [0, 12, 4, 16], "texture": "#0"},
				"up": {"uv": [0, 12, 4, 16], "texture": "#0"},
				"down": {"uv": [0, 12, 4, 16], "texture": "#0"}
			}
		},
		{
			"name": "cube",
			"from": [7.5, 8, 18],
			"to": [9.75, 10.5, 24.75],
			"faces": {
				"north": {"uv": [0, 12, 4, 16], "texture": "#0"},
				"east": {"uv": [0, 12, 4, 16], "texture": "#0"},
				"south": {"uv": [0, 12, 4, 16], "texture": "#0"},
				"west": {"uv": [0, 12, 4, 16], "texture": "#0"},
				"up": {"uv": [0, 12, 4, 16], "texture": "#0"},
				"down": {"uv": [0, 12, 4, 16], "texture": "#0"}
			}
		},
		{
			"name": "cube",
			"from": [7, 8, 7],
			"to": [10, 11, 18],
			"faces": {
				"north": {"uv": [4, 8, 8, 12], "texture": "#0"},
				"east": {"uv": [4, 8, 8, 12], "texture": "#0"},
				"south": {"uv": [4, 8, 8, 12], "texture": "#0"},
				"west": {"uv": [4, 8, 8, 12], "texture": "#0"},
				"up": {"uv": [4, 8, 8, 12], "texture": "#0"},
				"down": {"uv": [4, 8, 8, 12], "texture": "#0"}
			}
		},
		{
			"name": "cube",
			"from": [7, 8.5, -3.5],
			"to": [10, 10.5, -2.25],
			"faces": {
				"north": {"uv": [0, 8, 4, 12], "texture": "#0"},
				"east": {"uv": [0, 8, 4, 12], "texture": "#0"},
				"south": {"uv": [0, 8, 4, 12], "texture": "#0"},
				"west": {"uv": [0, 8, 4, 12], "texture": "#0"},
				"up": {"uv": [0, 8, 4, 12], "texture": "#0"},
				"down": {"uv": [0, 8, 4, 12], "texture": "#0"}
			}
		},
		{
			"name": "cube",
			"from": [7, 8, -2.25],
			"to": [10, 11, 0],
			"faces": {
				"north": {"uv": [0, 8, 4, 12], "texture": "#0"},
				"east": {"uv": [0, 8, 4, 12], "texture": "#0"},
				"south": {"uv": [0, 8, 4, 12], "texture": "#0"},
				"west": {"uv": [0, 8, 4, 12], "texture": "#0"},
				"up": {"uv": [0, 8, 4, 12], "texture": "#0"},
				"down": {"uv": [0, 8, 4, 12], "texture": "#0"}
			}
		},
		{
			"name": "cube",
			"from": [7, 7.5, 1.75],
			"to": [10, 8, 7],
			"faces": {
				"north": {"uv": [4, 12, 8, 16], "texture": "#0"},
				"east": {"uv": [4, 12, 8, 16], "texture": "#0"},
				"south": {"uv": [4, 12, 8, 16], "texture": "#0"},
				"west": {"uv": [4, 12, 8, 16], "texture": "#0"},
				"up": {"uv": [4, 12, 8, 16], "texture": "#0"},
				"down": {"uv": [4, 12, 8, 16], "texture": "#0"}
			}
		},
		{
			"name": "cube",
			"from": [8, 11.75, 13.25],
			"to": [8.25, 13, 16],
			"rotation": {
				"angle": -22.5,
				"axis": "z",
				"origin": [8.125, 12.375, 14.625]
			},
			"faces": {
				"north": {"uv": [4, 8, 8, 12], "texture": "#0"},
				"east": {"uv": [4, 8, 8, 12], "texture": "#0"},
				"south": {"uv": [4, 8, 8, 12], "texture": "#0"},
				"west": {"uv": [4, 8, 8, 12], "texture": "#0"},
				"up": {"uv": [4, 8, 8, 12], "texture": "#0"},
				"down": {"uv": [4, 8, 8, 12], "texture": "#0"}
			}
		},
		{
			"name": "cube",
			"from": [9, 11.75, 13.25],
			"to": [9.25, 13, 16],
			"rotation": {
				"angle": 22.5,
				"axis": "z",
				"origin": [9.125, 12.375, 14.625]
			},
			"faces": {
				"north": {"uv": [4, 8, 8, 12], "texture": "#0"},
				"east": {"uv": [4, 8, 8, 12], "texture": "#0"},
				"south": {"uv": [4, 8, 8, 12], "texture": "#0"},
				"west": {"uv": [4, 8, 8, 12], "texture": "#0"},
				"up": {"uv": [4, 8, 8, 12], "texture": "#0"},
				"down": {"uv": [4, 8, 8, 12], "texture": "#0"}
			}
		},
		{
			"name": "cube",
			"from": [8.25, 11.75, 13.25],
			"to": [9, 13, 15.75],
			"faces": {
				"north": {"uv": [4, 8, 8, 12], "texture": "#0"},
				"east": {"uv": [4, 8, 8, 12], "texture": "#0"},
				"south": {"uv": [4, 8, 8, 12], "texture": "#0"},
				"west": {"uv": [4, 8, 8, 12], "texture": "#0"},
				"up": {"uv": [4, 8, 8, 12], "texture": "#0"},
				"down": {"uv": [4, 8, 8, 12], "texture": "#0"}
			}
		},
		{
			"name": "cube",
			"from": [7.75, 10.75, 13.25],
			"to": [9.5, 12, 16],
			"faces": {
				"north": {"uv": [4, 8, 8, 12], "texture": "#0"},
				"east": {"uv": [4, 8, 8, 12], "texture": "#0"},
				"south": {"uv": [4, 8, 8, 12], "texture": "#0"},
				"west": {"uv": [4, 8, 8, 12], "texture": "#0"},
				"up": {"uv": [4, 8, 8, 12], "texture": "#0"},
				"down": {"uv": [4, 8, 8, 12], "texture": "#0"}
			}
		},
		{
			"name": "cube",
			"from": [7.25, 10.75, 0],
			"to": [9.75, 11.25, 18],
			"faces": {
				"north": {"uv": [4, 8, 8, 12], "texture": "#0"},
				"east": {"uv": [4, 8, 8, 12], "texture": "#0"},
				"south": {"uv": [4, 8, 8, 12], "texture": "#0"},
				"west": {"uv": [4, 8, 8, 12], "texture": "#0"},
				"up": {"uv": [4, 8, 8, 12], "texture": "#0"},
				"down": {"uv": [4, 8, 8, 12], "texture": "#0"}
			}
		},
		{
			"name": "cube",
			"from": [7, 8, 0],
			"to": [10, 11, 7],
			"faces": {
				"north": {"uv": [4, 8, 8, 12], "texture": "#0"},
				"east": {"uv": [4, 8, 8, 12], "texture": "#0"},
				"south": {"uv": [4, 8, 8, 12], "texture": "#0"},
				"west": {"uv": [4, 8, 8, 12], "texture": "#0"},
				"up": {"uv": [4, 8, 8, 12], "texture": "#0"},
				"down": {"uv": [4, 8, 8, 12], "texture": "#0"}
			}
		},
		{
			"name": "cube",
			"from": [5.875, 10.125, 15.75],
			"to": [7.875, 10.875, 16.75],
			"rotation": {
				"angle": 45,
				"axis": "z",
				"origin": [6.875, 10.5, 16.875]
			},
			"faces": {
				"north": {
					"uv": [9, 12, 11, 15],
					"texture": "#0",
					"rotation": 270
				},
				"east": {
					"uv": [9, 12, 11, 15],
					"texture": "#0",
					"rotation": 270
				},
				"south": {
					"uv": [9, 12, 11, 15],
					"texture": "#0",
					"rotation": 270
				},
				"west": {
					"uv": [9, 12, 11, 15],
					"texture": "#0",
					"rotation": 270
				},
				"up": {
					"uv": [9, 12, 11, 15],
					"texture": "#0",
					"rotation": 270
				},
				"down": {
					"uv": [9, 12, 11, 15],
					"texture": "#0",
					"rotation": 270
				}
			}
		},
		{
			"name": "cube",
			"from": [5.875, 10.125, 15.75],
			"to": [7.875, 10.875, 16.75],
			"rotation": {
				"angle": 0,
				"axis": "z",
				"origin": [6.875, 10.5, 16.875]
			},
			"faces": {
				"north": {
					"uv": [9, 12, 11, 15],
					"texture": "#0",
					"rotation": 270
				},
				"east": {
					"uv": [9, 12, 11, 15],
					"texture": "#0",
					"rotation": 270
				},
				"south": {
					"uv": [9, 12, 11, 15],
					"texture": "#0",
					"rotation": 270
				},
				"west": {
					"uv": [9, 12, 11, 15],
					"texture": "#0",
					"rotation": 270
				},
				"up": {
					"uv": [9, 12, 11, 15],
					"texture": "#0",
					"rotation": 270
				},
				"down": {
					"uv": [9, 12, 11, 15],
					"texture": "#0",
					"rotation": 270
				}
			}
		},
		{
			"name": "cube",
			"from": [6.5, 9.5, 15.75],
			"to": [7.25, 11.5, 16.75],
			"rotation": {
				"angle": 45,
				"axis": "z",
				"origin": [6.875, 10.5, 16.875]
			},
			"faces": {
				"north": {"uv": [9, 12, 11, 15], "texture": "#0"},
				"east": {"uv": [9, 12, 11, 15], "texture": "#0"},
				"south": {"uv": [9, 12, 11, 15], "texture": "#0"},
				"west": {"uv": [9, 12, 11, 15], "texture": "#0"},
				"up": {"uv": [9, 12, 11, 15], "texture": "#0"},
				"down": {"uv": [9, 12, 11, 15], "texture": "#0"}
			}
		},
		{
			"name": "cube",
			"from": [6.5, 9.5, 15.75],
			"to": [7.25, 11.5, 16.75],
			"rotation": {
				"angle": 0,
				"axis": "y",
				"origin": [6.875, 10.5, 16.875]
			},
			"faces": {
				"north": {"uv": [9, 12, 11, 15], "texture": "#0"},
				"east": {"uv": [9, 12, 11, 15], "texture": "#0"},
				"south": {"uv": [9, 12, 11, 15], "texture": "#0"},
				"west": {"uv": [9, 12, 11, 15], "texture": "#0"},
				"up": {"uv": [9, 12, 11, 15], "texture": "#0"},
				"down": {"uv": [9, 12, 11, 15], "texture": "#0"}
			}
		},
		{
			"name": "cube",
			"from": [5.875, 10.125, 13.5],
			"to": [7.875, 10.875, 15.75],
			"rotation": {
				"angle": 45,
				"axis": "z",
				"origin": [6.875, 10.5, 14.625]
			},
			"faces": {
				"north": {
					"uv": [9, 8, 11, 11],
					"texture": "#0",
					"rotation": 90
				},
				"east": {
					"uv": [9, 8, 11, 11],
					"texture": "#0",
					"rotation": 270
				},
				"south": {
					"uv": [9, 8, 11, 11],
					"texture": "#0",
					"rotation": 270
				},
				"west": {
					"uv": [9, 8, 11, 11],
					"texture": "#0",
					"rotation": 270
				},
				"up": {
					"uv": [9, 8, 11, 11],
					"texture": "#0",
					"rotation": 270
				},
				"down": {
					"uv": [9, 8, 11, 11],
					"texture": "#0",
					"rotation": 270
				}
			}
		},
		{
			"name": "cube",
			"from": [5.875, 10.125, 13.5],
			"to": [7.875, 10.875, 15.75],
			"rotation": {
				"angle": 0,
				"axis": "z",
				"origin": [6.875, 10.5, 14.625]
			},
			"faces": {
				"north": {
					"uv": [9, 8, 11, 11],
					"texture": "#0",
					"rotation": 90
				},
				"east": {
					"uv": [9, 8, 11, 11],
					"texture": "#0",
					"rotation": 270
				},
				"south": {
					"uv": [9, 8, 11, 11],
					"texture": "#0",
					"rotation": 270
				},
				"west": {
					"uv": [9, 8, 11, 11],
					"texture": "#0",
					"rotation": 270
				},
				"up": {
					"uv": [9, 8, 11, 11],
					"texture": "#0",
					"rotation": 270
				},
				"down": {
					"uv": [9, 8, 11, 11],
					"texture": "#0",
					"rotation": 270
				}
			}
		},
		{
			"name": "cube",
			"from": [6.5, 9.5, 13.5],
			"to": [7.25, 11.5, 15.75],
			"rotation": {
				"angle": 45,
				"axis": "z",
				"origin": [6.875, 10.5, 14.625]
			},
			"faces": {
				"north": {"uv": [9, 8, 11, 11], "texture": "#0"},
				"east": {"uv": [9, 8, 11, 11], "texture": "#0"},
				"south": {"uv": [9, 8, 11, 11], "texture": "#0"},
				"west": {"uv": [9, 8, 11, 11], "texture": "#0"},
				"up": {"uv": [9, 8, 11, 11], "texture": "#0"},
				"down": {"uv": [9, 8, 11, 11], "texture": "#0"}
			}
		},
		{
			"name": "cube",
			"from": [6.5, 9.5, 13.5],
			"to": [7.25, 11.5, 15.75],
			"rotation": {
				"angle": 0,
				"axis": "y",
				"origin": [6.875, 10.5, 14.625]
			},
			"faces": {
				"north": {"uv": [9, 8, 11, 11], "texture": "#0"},
				"east": {"uv": [9, 8, 11, 11], "texture": "#0"},
				"south": {"uv": [9, 8, 11, 11], "texture": "#0"},
				"west": {"uv": [9, 8, 11, 11], "texture": "#0"},
				"up": {"uv": [9, 8, 11, 11], "texture": "#0"},
				"down": {"uv": [9, 8, 11, 11], "texture": "#0"}
			}
		}
	],
	"display": {
		"thirdperson_righthand": {
			"scale": [0.75, 0.75, 0.75],
			"translation": [-1.5, 1, -5.5],
			"rotation": [0, -1, 0]
		},
		"gui": {
			"scale": [0.7, 0.7, 0.7],
			"rotation": [54, 139, 0],
			"translation": [-2, -0.5, 0]
		}
	}
}