{
	"credit": "Made with Blockbench, a free, modern block model editor by JannisX11",
	"textures": {
		"0": "items/metaltexture1",
		"1": "items/expfotext",
		"particle": "items/metaltexture1"
	},
	"elements": [
		{
			"name": "handle",
			"from": [7, 1.75, 10.75],
			"to": [9, 7, 14.75],
			"rotation": {
				"angle": -22.5,
				"axis": "x",
				"origin": [8, 4.375, 12.875]
			},
			"faces": {
				"north": {
					"uv": [8, 4, 11.25, 7.25],
					"texture": "#1"
				},
				"east": {
					"uv": [8, 4, 11.25, 7.25],
					"texture": "#1"
				},
				"south": {
					"uv": [8, 4, 11.25, 7.25],
					"texture": "#1"
				},
				"west": {
					"uv": [8, 4, 11.25, 7.25],
					"texture": "#1"
				},
				"up": {"uv": [8, 4, 11.25, 7.25], "texture": "#1"},
				"down": {"uv": [8, 4, 11.25, 7.25], "texture": "#1"}
			}
		},
		{
			"name": "handle",
			"from": [7, 5, 9.75],
			"to": [9, 7, 14],
			"faces": {
				"north": {
					"uv": [8, 4, 11.25, 7.25],
					"texture": "#1"
				},
				"east": {
					"uv": [8, 4, 11.25, 7.25],
					"texture": "#1"
				},
				"south": {
					"uv": [8, 4, 11.25, 7.25],
					"texture": "#1"
				},
				"west": {
					"uv": [8, 4, 11.25, 7.25],
					"texture": "#1"
				},
				"up": {"uv": [8, 4, 11.25, 7.25], "texture": "#1"},
				"down": {"uv": [8, 4, 11.25, 7.25], "texture": "#1"}
			}
		},
		{
			"name": "cube",
			"from": [6.99, 6.25, 12],
			"to": [7.74, 6.75, 12.5],
			"faces": {
				"north": {"uv": [2, 4, 3, 5], "texture": "#0"},
				"east": {"uv": [2, 4, 3, 5], "texture": "#0"},
				"south": {"uv": [2, 4, 3, 5], "texture": "#0"},
				"west": {"uv": [2, 4, 3, 5], "texture": "#0"},
				"up": {"uv": [2, 4, 3, 5], "texture": "#0"},
				"down": {"uv": [2, 4, 3, 5], "texture": "#0"}
			}
		},
		{
			"name": "cube",
			"from": [7.5, 7.75, 14],
			"to": [8.5, 9.75, 14.25],
			"faces": {
				"north": {"uv": [0, 0, 8.5, 12], "texture": "#0"},
				"east": {"uv": [0, 0, 8.5, 12], "texture": "#0"},
				"south": {"uv": [0, 0, 8.5, 12], "texture": "#0"},
				"west": {"uv": [0, 0, 8.5, 12], "texture": "#0"},
				"up": {"uv": [0, 0, 8.5, 12], "texture": "#0"},
				"down": {"uv": [0, 0, 8.5, 12], "texture": "#0"}
			}
		},
		{
			"name": "cube",
			"from": [7, 7, 9],
			"to": [9, 10, 14],
			"faces": {
				"north": {"uv": [0, 0, 8.5, 12], "texture": "#0"},
				"east": {"uv": [0, 0, 8.5, 12], "texture": "#0"},
				"south": {"uv": [0, 0, 8.5, 12], "texture": "#0"},
				"west": {"uv": [0, 0, 8.5, 12], "texture": "#0"},
				"up": {"uv": [0, 0, 8.5, 12], "texture": "#0"},
				"down": {"uv": [0, 0, 8.5, 12], "texture": "#0"}
			}
		},
		{
			"name": "Lever",
			"from": [6.75, 6, 4.5],
			"to": [7, 6.5, 6],
			"rotation": {
				"angle": -22.5,
				"axis": "x",
				"origin": [6.875, 6.25, 5.25]
			},
			"faces": {
				"north": {"uv": [13, 9, 14, 11], "texture": "#0"},
				"east": {"uv": [13, 9, 14, 11], "texture": "#0"},
				"south": {"uv": [13, 9, 14, 11], "texture": "#0"},
				"west": {"uv": [5, 13, 6, 15], "texture": "#0"},
				"up": {"uv": [13, 9, 14, 11], "texture": "#0"},
				"down": {"uv": [13, 9, 14, 11], "texture": "#0"}
			}
		},
		{
			"name": "Lever",
			"from": [6.5, 6.25, 7.25],
			"to": [6.75, 6.75, 8.75],
			"faces": {
				"north": {"uv": [13, 9, 14, 11], "texture": "#0"},
				"east": {"uv": [13, 9, 14, 11], "texture": "#0"},
				"south": {"uv": [13, 9, 14, 11], "texture": "#0"},
				"west": {"uv": [13, 9, 14, 11], "texture": "#0"},
				"up": {"uv": [13, 9, 14, 11], "texture": "#0"},
				"down": {"uv": [13, 9, 14, 11], "texture": "#0"}
			}
		},
		{
			"name": "cube",
			"from": [7, 5, -0.5],
			"to": [9, 7, 8],
			"faces": {
				"north": {"uv": [0, 0, 16, 16], "texture": "#0"},
				"east": {"uv": [0, 0, 16, 16], "texture": "#0"},
				"south": {"uv": [0, 0, 16, 16], "texture": "#0"},
				"west": {"uv": [0, 0, 16, 16], "texture": "#0"},
				"up": {"uv": [0, 0, 16, 16], "texture": "#0"},
				"down": {"uv": [0, 0, 16, 16], "texture": "#0"}
			}
		},
		{
			"name": "cube",
			"from": [7, 10, -0.75],
			"to": [9, 10.25, 10],
			"faces": {
				"north": {"uv": [0, 0, 16, 16], "texture": "#0"},
				"east": {"uv": [0, 0, 16, 16], "texture": "#0"},
				"south": {"uv": [0, 0, 16, 16], "texture": "#0"},
				"west": {"uv": [0, 0, 16, 16], "texture": "#0"},
				"up": {"uv": [0, 0, 16, 16], "texture": "#0"},
				"down": {"uv": [0, 0, 16, 16], "texture": "#0"}
			}
		},
		{
			"name": "cube",
			"from": [6.75, 7, -1],
			"to": [9.25, 10, 9],
			"faces": {
				"north": {"uv": [0, 0, 16, 16], "texture": "#0"},
				"east": {"uv": [0, 0, 16, 16], "texture": "#0"},
				"south": {"uv": [0, 0, 16, 16], "texture": "#0"},
				"west": {"uv": [0, 0, 16, 16], "texture": "#0"},
				"up": {"uv": [0, 0, 16, 16], "texture": "#0"},
				"down": {"uv": [0, 0, 16, 16], "texture": "#0"}
			}
		},
		{
			"name": "Stuff",
			"from": [6.5, 6.75, -0.75],
			"to": [9.5, 9.75, 1.75],
			"faces": {
				"north": {
					"uv": [12, 8, 15.25, 11.25],
					"texture": "#1"
				},
				"east": {
					"uv": [12, 8, 15.25, 11.25],
					"texture": "#1"
				},
				"south": {
					"uv": [12, 8, 15.25, 11.25],
					"texture": "#1"
				},
				"west": {
					"uv": [12, 8, 15.25, 11.25],
					"texture": "#1"
				},
				"up": {
					"uv": [12, 8, 15.25, 11.25],
					"texture": "#1"
				},
				"down": {
					"uv": [12, 8, 15.25, 11.25],
					"texture": "#1"
				}
			}
		},
		{
			"name": "Stuff",
			"from": [7.5, 8, 14],
			"to": [8.5, 8.5, 15.25],
			"rotation": {
				"angle": 45,
				"axis": "x",
				"origin": [8, 7.625, 14.25]
			},
			"faces": {
				"north": {
					"uv": [12, 8, 15.25, 11.25],
					"texture": "#1"
				},
				"east": {
					"uv": [12, 8, 15.25, 11.25],
					"texture": "#1"
				},
				"south": {
					"uv": [12, 8, 15.25, 11.25],
					"texture": "#1"
				},
				"west": {
					"uv": [12, 8, 15.25, 11.25],
					"texture": "#1"
				},
				"up": {
					"uv": [12, 8, 15.25, 11.25],
					"texture": "#1"
				},
				"down": {
					"uv": [12, 8, 15.25, 11.25],
					"texture": "#1"
				}
			}
		},
		{
			"name": "Stuff",
			"from": [7.5, 7, 14],
			"to": [8.5, 8.25, 14.75],
			"rotation": {
				"angle": 45,
				"axis": "x",
				"origin": [8, 7.625, 14.25]
			},
			"faces": {
				"north": {
					"uv": [12, 8, 15.25, 11.25],
					"texture": "#1"
				},
				"east": {
					"uv": [12, 8, 15.25, 11.25],
					"texture": "#1"
				},
				"south": {
					"uv": [12, 8, 15.25, 11.25],
					"texture": "#1"
				},
				"west": {
					"uv": [12, 8, 15.25, 11.25],
					"texture": "#1"
				},
				"up": {
					"uv": [12, 8, 15.25, 11.25],
					"texture": "#1"
				},
				"down": {
					"uv": [12, 8, 15.25, 11.25],
					"texture": "#1"
				}
			}
		},
		{
			"name": "Stuff",
			"from": [6.75, 7, 9],
			"to": [9.25, 8, 13.75],
			"faces": {
				"north": {
					"uv": [12, 8, 15.25, 11.25],
					"texture": "#1"
				},
				"east": {
					"uv": [12, 8, 15.25, 11.25],
					"texture": "#1"
				},
				"south": {
					"uv": [12, 8, 15.25, 11.25],
					"texture": "#1"
				},
				"west": {
					"uv": [12, 8, 15.25, 11.25],
					"texture": "#1"
				},
				"up": {
					"uv": [12, 8, 15.25, 11.25],
					"texture": "#1"
				},
				"down": {
					"uv": [12, 8, 15.25, 11.25],
					"texture": "#1"
				}
			}
		},
		{
			"name": "Stuff",
			"from": [7, 5, 8],
			"to": [9, 5.25, 9.75],
			"faces": {
				"north": {
					"uv": [12, 8, 15.25, 11.25],
					"texture": "#1"
				},
				"east": {
					"uv": [12, 8, 15.25, 11.25],
					"texture": "#1"
				},
				"south": {
					"uv": [12, 8, 15.25, 11.25],
					"texture": "#1"
				},
				"west": {
					"uv": [12, 8, 15.25, 11.25],
					"texture": "#1"
				},
				"up": {
					"uv": [12, 8, 15.25, 11.25],
					"texture": "#1"
				},
				"down": {
					"uv": [12, 8, 15.25, 11.25],
					"texture": "#1"
				}
			}
		},
		{
			"name": "Stuff",
			"from": [6.75, 5.25, 7],
			"to": [9.25, 7, 8.25],
			"faces": {
				"north": {
					"uv": [12, 8, 15.25, 11.25],
					"texture": "#1"
				},
				"east": {
					"uv": [12, 8, 15.25, 11.25],
					"texture": "#1"
				},
				"south": {
					"uv": [12, 8, 15.25, 11.25],
					"texture": "#1"
				},
				"west": {
					"uv": [12, 8, 15.25, 11.25],
					"texture": "#1"
				},
				"up": {
					"uv": [12, 8, 15.25, 11.25],
					"texture": "#1"
				},
				"down": {
					"uv": [12, 8, 15.25, 11.25],
					"texture": "#1"
				}
			}
		},
		{
			"name": "Stuff",
			"from": [6.75, 7.25, 9],
			"to": [9.25, 9.75, 10.25],
			"faces": {
				"north": {
					"uv": [12, 8, 15.25, 11.25],
					"texture": "#1"
				},
				"east": {
					"uv": [12, 8, 15.25, 11.25],
					"texture": "#1"
				},
				"south": {
					"uv": [12, 8, 15.25, 11.25],
					"texture": "#1"
				},
				"west": {
					"uv": [12, 8, 15.25, 11.25],
					"texture": "#1"
				},
				"up": {
					"uv": [12, 8, 15.25, 11.25],
					"texture": "#1"
				},
				"down": {
					"uv": [12, 8, 15.25, 11.25],
					"texture": "#1"
				}
			}
		},
		{
			"name": "sightFront",
			"from": [7.85, 10, 0],
			"to": [8.1, 10.75, 0.5],
			"faces": {
				"north": {
					"uv": [12, 8, 15.25, 11.25],
					"texture": "#1"
				},
				"east": {
					"uv": [12, 8, 15.25, 11.25],
					"texture": "#1"
				},
				"south": {
					"uv": [12, 8, 15.25, 11.25],
					"texture": "#1"
				},
				"west": {
					"uv": [12, 8, 15.25, 11.25],
					"texture": "#1"
				},
				"up": {
					"uv": [12, 8, 15.25, 11.25],
					"texture": "#1"
				},
				"down": {
					"uv": [12, 8, 15.25, 11.25],
					"texture": "#1"
				}
			}
		},
		{
			"name": "sight",
			"from": [8.25, 10, 13],
			"to": [8.5, 10.75, 13.25],
			"faces": {
				"north": {
					"uv": [12, 8, 15.25, 11.25],
					"texture": "#1"
				},
				"east": {
					"uv": [12, 8, 15.25, 11.25],
					"texture": "#1"
				},
				"south": {
					"uv": [12, 8, 15.25, 11.25],
					"texture": "#1"
				},
				"west": {
					"uv": [12, 8, 15.25, 11.25],
					"texture": "#1"
				},
				"up": {
					"uv": [12, 8, 15.25, 11.25],
					"texture": "#1"
				},
				"down": {
					"uv": [12, 8, 15.25, 11.25],
					"texture": "#1"
				}
			}
		},
		{
			"name": "sight",
			"from": [7.5, 10, 13],
			"to": [7.75, 10.75, 13.25],
			"faces": {
				"north": {
					"uv": [12, 8, 15.25, 11.25],
					"texture": "#1"
				},
				"east": {
					"uv": [12, 8, 15.25, 11.25],
					"texture": "#1"
				},
				"south": {
					"uv": [12, 8, 15.25, 11.25],
					"texture": "#1"
				},
				"west": {
					"uv": [12, 8, 15.25, 11.25],
					"texture": "#1"
				},
				"up": {
					"uv": [12, 8, 15.25, 11.25],
					"texture": "#1"
				},
				"down": {
					"uv": [12, 8, 15.25, 11.25],
					"texture": "#1"
				}
			}
		},
		{
			"name": "sight",
			"from": [7.5, 10, 11],
			"to": [8.5, 10.25, 13.25],
			"faces": {
				"north": {
					"uv": [12, 8, 15.25, 11.25],
					"texture": "#1"
				},
				"east": {
					"uv": [12, 8, 15.25, 11.25],
					"texture": "#1"
				},
				"south": {
					"uv": [12, 8, 15.25, 11.25],
					"texture": "#1"
				},
				"west": {
					"uv": [12, 8, 15.25, 11.25],
					"texture": "#1"
				},
				"up": {
					"uv": [12, 8, 15.25, 11.25],
					"texture": "#1"
				},
				"down": {
					"uv": [12, 8, 15.25, 11.25],
					"texture": "#1"
				}
			}
		},
		{
			"name": "barrel",
			"from": [7.5, 8.75, -1.5],
			"to": [8.5, 9, 1.75],
			"rotation": {
				"angle": -22.5,
				"axis": "z",
				"origin": [8, 8.875, 0.125]
			},
			"faces": {
				"north": {
					"uv": [12, 4, 15.25, 7.25],
					"texture": "#1",
					"rotation": 180
				},
				"east": {
					"uv": [12, 4, 15.25, 7.25],
					"texture": "#1",
					"rotation": 180
				},
				"south": {
					"uv": [12, 4, 15.25, 7.25],
					"texture": "#1",
					"rotation": 180
				},
				"west": {
					"uv": [12, 4, 15.25, 7.25],
					"texture": "#1",
					"rotation": 180
				},
				"up": {
					"uv": [12, 4, 15.25, 7.25],
					"texture": "#1",
					"rotation": 180
				},
				"down": {
					"uv": [12, 4, 15.25, 7.25],
					"texture": "#1",
					"rotation": 180
				}
			}
		},
		{
			"name": "barrel",
			"from": [7.875, 8.375, -1.5],
			"to": [8.125, 9.375, 1.75],
			"rotation": {
				"angle": 45,
				"axis": "z",
				"origin": [8, 8.875, 0.125]
			},
			"faces": {
				"north": {
					"uv": [12, 4, 15.25, 7.25],
					"texture": "#1",
					"rotation": 90
				},
				"east": {
					"uv": [12, 4, 15.25, 7.25],
					"texture": "#1",
					"rotation": 90
				},
				"south": {
					"uv": [12, 4, 15.25, 7.25],
					"texture": "#1",
					"rotation": 90
				},
				"west": {
					"uv": [12, 4, 15.25, 7.25],
					"texture": "#1",
					"rotation": 90
				},
				"up": {
					"uv": [12, 4, 15.25, 7.25],
					"texture": "#1",
					"rotation": 90
				},
				"down": {
					"uv": [12, 4, 15.25, 7.25],
					"texture": "#1",
					"rotation": 90
				}
			}
		},
		{
			"name": "barrel",
			"from": [7.875, 8.375, -1.5],
			"to": [8.125, 9.375, 1.75],
			"rotation": {
				"angle": 22.5,
				"axis": "z",
				"origin": [8, 8.875, 0.125]
			},
			"faces": {
				"north": {
					"uv": [12, 4, 15.25, 7.25],
					"texture": "#1",
					"rotation": 90
				},
				"east": {
					"uv": [12, 4, 15.25, 7.25],
					"texture": "#1",
					"rotation": 90
				},
				"south": {
					"uv": [12, 4, 15.25, 7.25],
					"texture": "#1",
					"rotation": 90
				},
				"west": {
					"uv": [12, 4, 15.25, 7.25],
					"texture": "#1",
					"rotation": 90
				},
				"up": {
					"uv": [12, 4, 15.25, 7.25],
					"texture": "#1",
					"rotation": 90
				},
				"down": {
					"uv": [12, 4, 15.25, 7.25],
					"texture": "#1",
					"rotation": 90
				}
			}
		},
		{
			"name": "barrel",
			"from": [7.875, 8.375, -1.5],
			"to": [8.125, 9.375, 1.75],
			"rotation": {
				"angle": 0,
				"axis": "z",
				"origin": [8, 8.875, 0.125]
			},
			"faces": {
				"north": {
					"uv": [12, 4, 15.25, 7.25],
					"texture": "#1",
					"rotation": 90
				},
				"east": {
					"uv": [12, 4, 15.25, 7.25],
					"texture": "#1",
					"rotation": 90
				},
				"south": {
					"uv": [12, 4, 15.25, 7.25],
					"texture": "#1",
					"rotation": 90
				},
				"west": {
					"uv": [12, 4, 15.25, 7.25],
					"texture": "#1",
					"rotation": 90
				},
				"up": {
					"uv": [12, 4, 15.25, 7.25],
					"texture": "#1",
					"rotation": 90
				},
				"down": {
					"uv": [12, 4, 15.25, 7.25],
					"texture": "#1",
					"rotation": 90
				}
			}
		},
		{
			"name": "barrel",
			"from": [7.875, 8.375, -1.5],
			"to": [8.125, 9.375, 1.75],
			"rotation": {
				"angle": -22.5,
				"axis": "z",
				"origin": [8, 8.875, 0.125]
			},
			"faces": {
				"north": {
					"uv": [12, 4, 15.25, 7.25],
					"texture": "#1",
					"rotation": 90
				},
				"east": {
					"uv": [12, 4, 15.25, 7.25],
					"texture": "#1",
					"rotation": 90
				},
				"south": {
					"uv": [12, 4, 15.25, 7.25],
					"texture": "#1",
					"rotation": 90
				},
				"west": {
					"uv": [12, 4, 15.25, 7.25],
					"texture": "#1",
					"rotation": 90
				},
				"up": {
					"uv": [12, 4, 15.25, 7.25],
					"texture": "#1",
					"rotation": 90
				},
				"down": {
					"uv": [12, 4, 15.25, 7.25],
					"texture": "#1",
					"rotation": 90
				}
			}
		},
		{
			"name": "barrel",
			"from": [7.5, 8.75, -1.5],
			"to": [8.5, 9, 1.75],
			"rotation": {
				"angle": 45,
				"axis": "z",
				"origin": [8, 8.875, 0.125]
			},
			"faces": {
				"north": {
					"uv": [12, 4, 15.25, 7.25],
					"texture": "#1"
				},
				"east": {
					"uv": [12, 4, 15.25, 7.25],
					"texture": "#1"
				},
				"south": {
					"uv": [12, 4, 15.25, 7.25],
					"texture": "#1"
				},
				"west": {
					"uv": [12, 4, 15.25, 7.25],
					"texture": "#1"
				},
				"up": {"uv": [12, 4, 15.25, 7.25], "texture": "#1"},
				"down": {
					"uv": [12, 4, 15.25, 7.25],
					"texture": "#1"
				}
			}
		},
		{
			"name": "barrel",
			"from": [7.5, 8.75, -1.5],
			"to": [8.5, 9, 1.75],
			"rotation": {
				"angle": 22.5,
				"axis": "z",
				"origin": [8, 8.875, 0.125]
			},
			"faces": {
				"north": {
					"uv": [12, 4, 15.25, 7.25],
					"texture": "#1"
				},
				"east": {
					"uv": [12, 4, 15.25, 7.25],
					"texture": "#1"
				},
				"south": {
					"uv": [12, 4, 15.25, 7.25],
					"texture": "#1"
				},
				"west": {
					"uv": [12, 4, 15.25, 7.25],
					"texture": "#1"
				},
				"up": {"uv": [12, 4, 15.25, 7.25], "texture": "#1"},
				"down": {
					"uv": [12, 4, 15.25, 7.25],
					"texture": "#1"
				}
			}
		},
		{
			"name": "barrel",
			"from": [7.5, 8.75, -1.5],
			"to": [8.5, 9, 1.75],
			"faces": {
				"north": {
					"uv": [12, 4, 15.25, 7.25],
					"texture": "#1"
				},
				"east": {
					"uv": [12, 4, 15.25, 7.25],
					"texture": "#1"
				},
				"south": {
					"uv": [12, 4, 15.25, 7.25],
					"texture": "#1"
				},
				"west": {
					"uv": [12, 4, 15.25, 7.25],
					"texture": "#1"
				},
				"up": {"uv": [12, 4, 15.25, 7.25], "texture": "#1"},
				"down": {
					"uv": [12, 4, 15.25, 7.25],
					"texture": "#1"
				}
			}
		}
	],
	"display": {
		"thirdperson_righthand": {
			"translation": [0, 2.5, -2.5]
		},
		"thirdperson_lefthand": {"translation": [-12, 2, -3]},
		"gui": {
			"rotation": [0, 138, 0],
			"translation": [0, 2, 0]
		},
		"firstperson_lefthand": {
			"rotation": [0, 0, 0],
			"translation": [-9, 5.5, -0.5]
		}
	}
}