{
	"credit": "Made with Blockbench, a free, modern block model editor by JannisX11",
	"textures": {
		"1": "items/mouser",
		"particle": "items/mouser"
	},
	"elements": [
		{
			"name": "handle",
			"from": [6.9, 0, 10],
			"to": [9.100000000000001, 4, 12],
			"faces": {
				"north": {"uv": [0, 12, 2, 16], "texture": "#1"},
				"east": {"uv": [0, 12, 2, 16], "texture": "#1"},
				"south": {"uv": [0, 12, 2.2, 16], "texture": "#1"},
				"west": {"uv": [0, 12, 2, 16], "texture": "#1"},
				"up": {"uv": [0, 7, 2.2, 9], "texture": "#1"},
				"down": {"uv": [0, 8, 2.2, 10], "texture": "#1"}
			},
			"rotation": {
				"origin": [8, 8, 8],
				"axis": "x",
				"angle": -22.5
			},
			"type": "cube"
		},
		{
			"name": "back",
			"from": [7, 5, 9],
			"to": [8.75, 6, 9.75],
			"faces": {
				"north": {"uv": [0, 0, 2, 3], "texture": "#1"},
				"east": {"uv": [0, 0, 3, 3], "texture": "#1"},
				"south": {"uv": [0, 0, 2, 3], "texture": "#1"},
				"west": {"uv": [0, 0, 3, 3], "texture": "#1"},
				"up": {"uv": [0, 0, 2, 3], "texture": "#1"},
				"down": {"uv": [0, 0, 2, 3], "texture": "#1"}
			},
			"type": "cube"
		},
		{
			"name": "back",
			"from": [7, 5, 10],
			"to": [9, 7, 13],
			"faces": {
				"north": {"uv": [0, 0, 2, 3], "texture": "#1"},
				"east": {"uv": [0, 0, 3, 3], "texture": "#1"},
				"south": {"uv": [0, 0, 2, 3], "texture": "#1"},
				"west": {"uv": [0, 0, 3, 3], "texture": "#1"},
				"up": {"uv": [0, 0, 2, 3], "texture": "#1"},
				"down": {"uv": [0, 0, 2, 3], "texture": "#1"}
			},
			"type": "cube"
		},
		{
			"name": "topbitsh",
			"from": [7.25, 7, 9],
			"to": [8.75, 8, 13],
			"faces": {
				"north": {"uv": [0, 0, 2, 3], "texture": "#1"},
				"east": {"uv": [0, 0, 3, 3], "texture": "#1"},
				"south": {"uv": [0, 0, 2, 3], "texture": "#1"},
				"west": {"uv": [0, 0, 3, 3], "texture": "#1"},
				"up": {"uv": [0, 0, 2, 3], "texture": "#1"},
				"down": {"uv": [0, 0, 2, 3], "texture": "#1"}
			},
			"type": "cube"
		},
		{
			"name": "top",
			"from": [7, 6, 9],
			"to": [9, 7, 10],
			"faces": {
				"north": {"uv": [0, 0, 2, 2], "texture": "#1"},
				"east": {"uv": [0, 0, 1, 2], "texture": "#1"},
				"south": {"uv": [0, 0, 2, 2], "texture": "#1"},
				"west": {"uv": [0, 0, 1, 2], "texture": "#1"},
				"up": {"uv": [0, 0, 2, 1], "texture": "#1"},
				"down": {"uv": [0, 0, 2, 1], "texture": "#1"}
			},
			"type": "cube"
		},
		{
			"name": "Cube",
			"from": [7, 6, 6],
			"to": [9, 7, 9],
			"faces": {
				"north": {"uv": [0, 0, 2, 5], "texture": "#1"},
				"east": {"uv": [0, 0, 5, 5], "texture": "#1"},
				"south": {"uv": [0, 0, 5, 5], "texture": "#1"},
				"west": {"uv": [0, 0, 5, 5], "texture": "#1"},
				"up": {"uv": [0, 0, 2, 3], "texture": "#1"},
				"down": {"uv": [0, 0, 2, 3], "texture": "#1"}
			},
			"type": "cube"
		},
		{
			"name": "magstuff",
			"from": [7.25, 3.75, 6],
			"to": [8.75, 6, 9],
			"faces": {
				"north": {"uv": [0, 0, 2, 5], "texture": "#1"},
				"east": {"uv": [0, 0, 5, 5], "texture": "#1"},
				"south": {"uv": [0, 0, 5, 5], "texture": "#1"},
				"west": {"uv": [0, 0, 5, 5], "texture": "#1"},
				"up": {"uv": [0, 0, 2, 3], "texture": "#1"},
				"down": {"uv": [0, 0, 2, 3], "texture": "#1"}
			},
			"type": "cube"
		},
		{
			"name": "Cube",
			"from": [7.25, 7, 6],
			"to": [7.5, 7.5, 9],
			"faces": {
				"north": {"uv": [0, 0, 2, 5], "texture": "#1"},
				"east": {"uv": [0, 0, 5, 5], "texture": "#1"},
				"south": {"uv": [0, 0, 5, 5], "texture": "#1"},
				"west": {"uv": [0, 0, 5, 5], "texture": "#1"},
				"up": {"uv": [0, 0, 2, 3], "texture": "#1"},
				"down": {"uv": [0, 0, 2, 3], "texture": "#1"}
			},
			"type": "cube"
		},
		{
			"name": "Cube",
			"from": [7.75, 8, 9.5],
			"to": [8.25, 8.15, 12],
			"faces": {
				"north": {"uv": [0, 0, 2, 5], "texture": "#1"},
				"east": {"uv": [0, 0, 5, 5], "texture": "#1"},
				"south": {"uv": [0, 0, 5, 5], "texture": "#1"},
				"west": {"uv": [0, 0, 5, 5], "texture": "#1"},
				"up": {"uv": [0, 0, 2, 3], "texture": "#1"},
				"down": {"uv": [0, 0, 2, 3], "texture": "#1"}
			},
			"type": "cube"
		},
		{
			"name": "Cube",
			"from": [7.75, 8, 9],
			"to": [8.25, 8.25, 9.5],
			"faces": {
				"north": {"uv": [0, 0, 2, 5], "texture": "#1"},
				"east": {"uv": [0, 0, 5, 5], "texture": "#1"},
				"south": {"uv": [0, 0, 5, 5], "texture": "#1"},
				"west": {"uv": [0, 0, 5, 5], "texture": "#1"},
				"up": {"uv": [0, 0, 2, 3], "texture": "#1"},
				"down": {"uv": [0, 0, 2, 3], "texture": "#1"}
			},
			"type": "cube"
		},
		{
			"name": "Cube",
			"from": [7.25, 7.5, 6],
			"to": [7.5, 7.75, 6.5],
			"faces": {
				"north": {"uv": [0, 0, 2, 5], "texture": "#1"},
				"east": {"uv": [0, 0, 5, 5], "texture": "#1"},
				"south": {"uv": [0, 0, 5, 5], "texture": "#1"},
				"west": {"uv": [0, 0, 5, 5], "texture": "#1"},
				"up": {"uv": [0, 0, 2, 3], "texture": "#1"},
				"down": {"uv": [0, 0, 2, 3], "texture": "#1"}
			},
			"type": "cube"
		},
		{
			"name": "Cube",
			"from": [7.25, 7.5, 8.5],
			"to": [7.5, 7.75, 9],
			"faces": {
				"north": {"uv": [0, 0, 2, 5], "texture": "#1"},
				"east": {"uv": [0, 0, 5, 5], "texture": "#1"},
				"south": {"uv": [0, 0, 5, 5], "texture": "#1"},
				"west": {"uv": [0, 0, 5, 5], "texture": "#1"},
				"up": {"uv": [0, 0, 2, 3], "texture": "#1"},
				"down": {"uv": [0, 0, 2, 3], "texture": "#1"}
			},
			"type": "cube"
		},
		{
			"name": "Cube",
			"from": [7.5, 6.75, 6],
			"to": [8.75, 8, 9],
			"faces": {
				"north": {"uv": [0, 0, 2, 5], "texture": "#1"},
				"east": {"uv": [0, 0, 5, 5], "texture": "#1"},
				"south": {"uv": [0, 0, 5, 5], "texture": "#1"},
				"west": {"uv": [0, 0, 5, 5], "texture": "#1"},
				"up": {"uv": [0, 0, 2, 3], "texture": "#1"},
				"down": {"uv": [0, 0, 2, 3], "texture": "#1"}
			},
			"type": "cube"
		},
		{
			"name": "muzzlke",
			"from": [7.300000000000001, 7.5, -4],
			"to": [8.3, 8, 6],
			"faces": {
				"north": {
					"uv": [0, 0, 1, 1],
					"texture": "#1",
					"rotation": 270
				},
				"east": {
					"uv": [0, 0, 1, 3],
					"texture": "#1",
					"rotation": 90
				},
				"south": {
					"uv": [0, 0, 1, 1],
					"texture": "#1",
					"rotation": 90
				},
				"west": {
					"uv": [0, 0, 1, 3],
					"texture": "#1",
					"rotation": 90
				},
				"up": {
					"uv": [0, 0, 10, 1],
					"texture": "#1",
					"rotation": 90
				},
				"down": {
					"uv": [0, 0, 10, 1],
					"texture": "#1",
					"rotation": 90
				}
			},
			"rotation": {
				"origin": [8.5, 7.75, 8],
				"axis": "z",
				"angle": 45
			},
			"type": "cube"
		},
		{
			"name": "muzzlke",
			"from": [7.25, 6.55, -4],
			"to": [7.75, 7.55, 6],
			"faces": {
				"north": {"uv": [0, 0, 1, 1], "texture": "#1"},
				"east": {"uv": [0, 0, 10, 1], "texture": "#1"},
				"south": {"uv": [0, 0, 1, 1], "texture": "#1"},
				"west": {"uv": [0, 0, 10, 1], "texture": "#1"},
				"up": {"uv": [0, 0, 1, 3], "texture": "#1"},
				"down": {"uv": [0, 0, 1, 3], "texture": "#1"}
			},
			"rotation": {
				"origin": [7.5, 7.75, 8],
				"axis": "z",
				"angle": 45
			},
			"type": "cube"
		},
		{
			"name": "muzzlke",
			"from": [7.800000000000001, 6.75, -4],
			"to": [8.3, 7.75, 6],
			"faces": {
				"north": {
					"uv": [0, 0, 1, 1],
					"texture": "#1",
					"rotation": 270
				},
				"east": {
					"uv": [0, 0, 1, 3],
					"texture": "#1",
					"rotation": 90
				},
				"south": {
					"uv": [0, 0, 1, 1],
					"texture": "#1",
					"rotation": 90
				},
				"west": {
					"uv": [0, 0, 1, 3],
					"texture": "#1",
					"rotation": 90
				},
				"up": {
					"uv": [0, 0, 10, 1],
					"texture": "#1",
					"rotation": 90
				},
				"down": {
					"uv": [0, 0, 10, 1],
					"texture": "#1",
					"rotation": 90
				}
			},
			"rotation": {
				"origin": [8.75, 7.25, 8],
				"axis": "z",
				"angle": 0
			},
			"type": "cube"
		},
		{
			"name": "muzzlke",
			"from": [7.5, 7.05, -4],
			"to": [8.5, 7.55, 6],
			"faces": {
				"north": {"uv": [0, 0, 1, 1], "texture": "#1"},
				"east": {"uv": [0, 0, 10, 1], "texture": "#1"},
				"south": {"uv": [0, 0, 1, 1], "texture": "#1"},
				"west": {"uv": [0, 0, 10, 1], "texture": "#1"},
				"up": {"uv": [0, 0, 1, 3], "texture": "#1"},
				"down": {"uv": [0, 0, 1, 3], "texture": "#1"}
			},
			"type": "cube"
		},
		{
			"name": "Cube",
			"from": [7.5, 8.6, 12.9],
			"to": [8.5, 10.6, 13.4],
			"faces": {
				"north": {"uv": [12, 12, 13, 13], "texture": "#1"},
				"east": {"uv": [11, 9, 12, 10], "texture": "#1"},
				"south": {
					"uv": [10, 8.5, 14.5, 11],
					"texture": "#1"
				},
				"west": {"uv": [12, 10, 13, 11], "texture": "#1"},
				"up": {"uv": [13, 12, 14, 13], "texture": "#1"},
				"down": {"uv": [14, 12, 15, 13], "texture": "#1"}
			},
			"rotation": {
				"origin": [8, 9, 8],
				"axis": "x",
				"angle": 22.5
			},
			"type": "cube"
		},
		{
			"name": "sight",
			"from": [7.8, 12.05, -4.5],
			"to": [8.3, 13.3, -4],
			"faces": {
				"north": {
					"uv": [11, 11, 11.5, 11.5],
					"texture": "#1"
				},
				"east": {
					"uv": [12, 11, 12.5, 11.5],
					"texture": "#1"
				},
				"south": {
					"uv": [12, 11, 12.5, 11.5],
					"texture": "#1"
				},
				"west": {
					"uv": [11, 11, 11.5, 11.5],
					"texture": "#1"
				},
				"up": {"uv": [14, 12, 14.5, 12.5], "texture": "#1"},
				"down": {
					"uv": [11, 10, 11.5, 10.5],
					"texture": "#1"
				}
			},
			"rotation": {
				"origin": [8, 12.25, 7.5],
				"axis": "x",
				"angle": -22.5
			},
			"type": "cube"
		},
		{
			"name": "sight",
			"from": [7.8, 7.8, -4],
			"to": [8.3, 8.3, -3.5],
			"faces": {
				"north": {
					"uv": [11, 11, 11.5, 11.5],
					"texture": "#1"
				},
				"east": {
					"uv": [12, 11, 12.5, 11.5],
					"texture": "#1"
				},
				"south": {
					"uv": [12, 11, 12.5, 11.5],
					"texture": "#1"
				},
				"west": {
					"uv": [11, 11, 11.5, 11.5],
					"texture": "#1"
				},
				"up": {"uv": [14, 12, 14.5, 12.5], "texture": "#1"},
				"down": {
					"uv": [11, 10, 11.5, 10.5],
					"texture": "#1"
				}
			},
			"type": "cube"
		}
	],
	"display": {
		"thirdperson_righthand": {
			"rotation": [-7, -2, -10],
			"translation": [0, 4, -2],
			"scale": [0.7, 0.7, 0.7]
		},
		"thirdperson_lefthand": {
			"rotation": [-7, 1, 11],
			"translation": [-15, 3, -2],
			"scale": [0.7, 0.7, 0.7]
		},
		"firstperson_righthand": {
			"rotation": [0, -2, 0],
			"translation": [0, 5, 0],
			"scale": [1, 1, 1]
		},
		"firstperson_lefthand": {
			"rotation": [0, -1, 0],
			"translation": [-9, 7, 0],
			"scale": [1, 1, 1]
		},
		"gui": {
			"rotation": [0, -130, 0],
			"translation": [0, 5, 0],
			"scale": [1, 1, 1]
		},
		"ground": {
			"rotation": [0, 0, -23],
			"translation": [3.59, -0.94, 6.05],
			"scale": [1, 1, 1]
		},
		"fixed": {
			"rotation": [-1, 3, -41],
			"translation": [12.28, 3.4, 10.39],
			"scale": [3.37, 3.37, 3.4]
		}
	}
}