{
	"__comment": "UMP45 Model made by HUNAJAMELONI",
	"textures": {
		"texture": "items/ump45"
	},
	"elements": [
		{
			"from": [ 0, 10.25, 4 ],
			"to": [ 1.5, 10.75, 4.5 ],
			"faces": {
				"down": { "uv": [ 14.5, 8.75, 16, 9.25 ], "texture": "#texture" },
				"up": { "uv": [ 14.5, 8.75, 16, 9.25 ], "texture": "#texture" },
				"north": { "uv": [ 14.25, 8.75, 15.75, 9.25 ], "texture": "#texture" },
				"south": { "uv": [ 14.25, 8.75, 15.75, 9.25 ], "texture": "#texture" },
				"west": { "uv": [ 14.5, 2.5, 15, 3 ], "texture": "#texture" },
				"east": { "uv": [ 14.5, 2.5, 15, 3 ], "texture": "#texture" }
			}
		},
		{
			"from": [ 1.5, 10.75, 4 ],
			"to": [ 2.25, 11.25, 4.5 ],
			"faces": {
				"down": { "uv": [ 9.25, 9.75, 10, 10.25 ], "texture": "#texture" },
				"up": { "uv": [ 9.25, 9.75, 10, 10.25 ], "texture": "#texture" },
				"north": { "uv": [ 3.5, 8.5, 12, 10 ], "texture": "#texture" },
				"south": { "uv": [ 3.5, 8.5, 12, 10 ], "texture": "#texture" },
				"west": { "uv": [ 7.25, 9.5, 7.75, 10 ], "texture": "#texture" },
				"east": { "uv": [ 7.25, 9.5, 7.75, 10 ], "texture": "#texture" }
			}
		},
		{
			"from": [ 1.5, 10.75, 4 ],
			"to": [ 2, 11.25, 4.5 ],
			"rotation": { "origin": [ 1.5, 11.25, 4 ], "axis": "z", "angle": 45 },
			"faces": {
				"down": { "uv": [ 6.75, 9.75, 7.25, 10.25 ], "texture": "#texture" },
				"up": { "uv": [ 6.75, 9.75, 7.25, 10.25 ], "texture": "#texture" },
				"north": { "uv": [ 5.25, 8, 8, 9.5 ], "texture": "#texture" },
				"south": { "uv": [ 5.25, 8, 8, 9.5 ], "texture": "#texture" },
				"west": { "uv": [ 7.25, 9.25, 7.75, 9.75 ], "texture": "#texture" },
				"east": { "uv": [ 7.25, 9.25, 7.75, 9.75 ], "texture": "#texture" }
			}
		},
		{
			"from": [ 1.8125, 11.5, 4 ],
			"to": [ 2.3125, 12, 4.5 ],
			"faces": {
				"down": { "uv": [ 6.25, 9.5, 6.75, 10 ], "texture": "#texture" },
				"up": { "uv": [ 6.25, 9.5, 6.75, 10 ], "texture": "#texture" },
				"north": { "uv": [ 10, 8.75, 10.5, 9.25 ], "texture": "#texture" },
				"south": { "uv": [ 10, 8.75, 10.5, 9.25 ], "texture": "#texture" },
				"west": { "uv": [ 6, 9, 6.5, 9.5 ], "texture": "#texture" },
				"east": { "uv": [ 6, 9, 6.5, 9.5 ], "texture": "#texture" }
			}
		},
		{
			"from": [ 2, 10.75, 4 ],
			"to": [ 9, 11.5, 4.5 ],
			"faces": {
				"down": { "uv": [ 4, 9.25, 11, 9.75 ], "texture": "#texture" },
				"up": { "uv": [ 4, 9.25, 11, 9.75 ], "texture": "#texture" },
				"north": { "uv": [ 3.5, 11.5, 12, 14.75 ], "texture": "#texture" },
				"south": { "uv": [ 3.5, 11.5, 12, 14.75 ], "texture": "#texture" },
				"west": { "uv": [ 6.25, 10, 6.75, 10.75 ], "texture": "#texture" },
				"east": { "uv": [ 6.25, 10, 6.75, 10.75 ], "texture": "#texture" }
			}
		},
		{
			"from": [ 1.5, 9.75, 3.75 ],
			"to": [ 9.25, 10.75, 4.75 ],
			"faces": {
				"down": { "uv": [ 3.75, 14.5, 11.5, 15 ], "texture": "#texture" },
				"up": { "uv": [ 3.75, 11.5, 11.5, 12 ], "texture": "#texture" },
				"north": { "uv": [ 3.5, 12, 12, 15 ], "texture": "#texture" },
				"south": { "uv": [ 3.5, 12, 12, 15 ], "texture": "#texture" },
				"west": { "uv": [ 5.25, 12.25, 6.25, 13.25 ], "texture": "#texture" },
				"east": { "uv": [ 9, 13.5, 10, 14.5 ], "texture": "#texture" }
			}
		},
		{
			"from": [ 8.25, 10.75, 3.75 ],
			"to": [ 9.75, 11.5, 4.75 ],
			"faces": {
				"down": { "uv": [ 7.75, 12, 9.25, 12.5 ], "texture": "#texture" },
				"up": { "uv": [ 7.75, 11.5, 9.25, 12 ], "texture": "#texture" },
				"north": { "uv": [ 3.5, 12, 12, 14.25 ], "texture": "#texture" },
				"south": { "uv": [ 3.5, 12, 12, 14.25 ], "texture": "#texture" },
				"west": { "uv": [ 6.25, 13, 7.25, 13.75 ], "texture": "#texture" },
				"east": { "uv": [ 6.25, 13, 7.25, 13.75 ], "texture": "#texture" }
			}
		},
		{
			"from": [ 6, 9, 3.75 ],
			"to": [ 8.5, 9.75, 4.75 ],
			"faces": {
				"down": { "uv": [ 10, 4.75, 7.5, 3.75 ], "texture": "#texture" },
				"up": { "uv": [ 6, 3.75, 8.5, 4.75 ], "texture": "#texture" },
				"north": { "uv": [ 5.5, 2.5, 12, 5 ], "texture": "#texture" },
				"south": { "uv": [ 5.5, 2.5, 12, 5 ], "texture": "#texture" },
				"west": { "uv": [ 3.75, 6.25, 4.75, 7 ], "texture": "#texture" },
				"east": { "uv": [ 11.25, 6.25, 12.25, 7 ], "texture": "#texture" }
			}
		},
		{
			"from": [ 2.5, 7.5, 4 ],
			"to": [ 3.25, 9.75, 4.5 ],
			"faces": {
				"down": { "uv": [ 1, 13.5, 1.75, 14 ], "texture": "#texture" },
				"up": { "uv": [ 1, 13.5, 1.75, 14 ], "texture": "#texture" },
				"north": { "uv": [ 0.5, 11, 2, 14 ], "texture": "#texture" },
				"south": { "uv": [ 0.5, 11, 2, 14 ], "texture": "#texture" },
				"west": { "uv": [ 1.25, 11, 1.75, 14 ], "texture": "#texture" },
				"east": { "uv": [ 1.25, 11, 1.75, 14 ], "texture": "#texture" }
			}
		},
		{
			"from": [ 2, 9.5, 4 ],
			"to": [ 3.75, 9.75, 4.5 ],
			"faces": {
				"down": { "uv": [ 0.5, 10.5, 2.25, 11 ], "texture": "#texture" },
				"up": { "uv": [ 0.5, 10.5, 2.25, 11 ], "texture": "#texture" },
				"north": { "uv": [ 0.5, 10.5, 2.25, 10.75 ], "texture": "#texture" },
				"south": { "uv": [ 0.5, 10.5, 2.25, 10.75 ], "texture": "#texture" },
				"west": { "uv": [ 0.75, 10.5, 1.25, 10.75 ], "texture": "#texture" },
				"east": { "uv": [ 0.75, 10.5, 1.25, 10.75 ], "texture": "#texture" }
			}
		},
		{
			"from": [ 1.5, 9.25, 4 ],
			"to": [ 1.75, 9.75, 4.5 ],
			"faces": {
				"down": { "uv": [ 4.75, 14.5, 5, 15 ], "texture": "#texture" },
				"up": { "uv": [ 4.75, 14.5, 5, 15 ], "texture": "#texture" },
				"north": { "uv": [ 9.5, 14.5, 9.75, 15 ], "texture": "#texture" },
				"south": { "uv": [ 9.5, 14.5, 9.75, 15 ], "texture": "#texture" },
				"west": { "uv": [ 6.25, 14.5, 6.75, 15 ], "texture": "#texture" },
				"east": { "uv": [ 6.25, 14.5, 6.75, 15 ], "texture": "#texture" }
			}
		},
		{
			"from": [ 5, 8.5, 3.75 ],
			"to": [ 6, 9.75, 4.75 ],
			"faces": {
				"down": { "uv": [ 6.75, 4.5, 7.75, 5 ], "texture": "#texture" },
				"up": { "uv": [ 6, 2.5, 7, 3 ], "texture": "#texture" },
				"north": { "uv": [ 5.5, 2.5, 7.75, 5 ], "texture": "#texture" },
				"south": { "uv": [ 5.5, 2.5, 7.75, 5 ], "texture": "#texture" },
				"west": { "uv": [ 5.5, 2.5, 6.75, 5 ], "texture": "#texture" },
				"east": { "uv": [ 5.5, 2.5, 6.75, 5 ], "texture": "#texture" }
			}
		},
		{
			"from": [ 6, 8.75, 4 ],
			"to": [ 6.75, 9, 4.5 ],
			"faces": {
				"down": { "uv": [ 6.75, 4.5, 7.5, 5 ], "texture": "#texture" },
				"up": { "uv": [ 6.75, 4.5, 7.5, 5 ], "texture": "#texture" },
				"north": { "uv": [ 9, 4.75, 9.75, 5 ], "texture": "#texture" },
				"south": { "uv": [ 9, 4.75, 9.75, 5 ], "texture": "#texture" },
				"west": { "uv": [ 7, 4.5, 7.5, 4.75 ], "texture": "#texture" },
				"east": { "uv": [ 7, 4.5, 7.5, 4.75 ], "texture": "#texture" }
			}
		},
		{
			"from": [ 6.75, 8.5, 4 ],
			"to": [ 7, 8.75, 4.5 ],
			"faces": {
				"down": { "uv": [ 9.25, 4.5, 9, 4 ], "texture": "#texture" },
				"up": { "uv": [ 6.75, 4, 7, 4.5 ], "texture": "#texture" },
				"north": { "uv": [ 8.25, 4, 8.5, 4.25 ], "texture": "#texture" },
				"south": { "uv": [ 8.25, 4, 8.5, 4.25 ], "texture": "#texture" },
				"west": { "uv": [ 6.25, 3.75, 6.75, 4 ], "texture": "#texture" },
				"east": { "uv": [ 6.25, 3.75, 6.75, 4 ], "texture": "#texture" }
			}
		},
		{
			"from": [ 7, 8.25, 4 ],
			"to": [ 8.25, 8.5, 4.5 ],
			"faces": {
				"down": { "uv": [ 9, 4.5, 7.75, 4 ], "texture": "#texture" },
				"up": { "uv": [ 7, 4, 8.25, 4.5 ], "texture": "#texture" },
				"north": { "uv": [ 7.75, 3.25, 9, 3.5 ], "texture": "#texture" },
				"south": { "uv": [ 7.75, 3.25, 9, 3.5 ], "texture": "#texture" },
				"west": { "uv": [ 7.25, 3.25, 7.75, 3.5 ], "texture": "#texture" },
				"east": { "uv": [ 7.25, 3.25, 7.75, 3.5 ], "texture": "#texture" }
			}
		},
		{
			"from": [ 7.9375, 8.8125, 3.75 ],
			"to": [ 8.9375, 9.5625, 4.75 ],
			"rotation": { "origin": [ 7.9375, 9.5625, 3.75 ], "axis": "z", "angle": 45 },
			"faces": {
				"down": { "uv": [ 8.25, 5, 6.75, 4.5 ], "texture": "#texture" },
				"up": { "uv": [ 7.75, 2.5, 9.75, 3.25 ], "texture": "#texture" },
				"north": { "uv": [ 5.5, 2.5, 12, 5 ], "texture": "#texture" },
				"south": { "uv": [ 5.5, 2.5, 12, 5 ], "texture": "#texture" },
				"west": { "uv": [ 5.5, 2.75, 7.25, 5 ], "texture": "#texture" },
				"east": { "uv": [ 5.5, 2.75, 7.25, 5 ], "texture": "#texture" }
			}
		},
		{
			"from": [ 7.8125, 7.25, 4 ],
			"to": [ 8.5, 9.5, 4.5 ],
			"rotation": { "origin": [ 7.8125, 9.5, 4 ], "axis": "z", "angle": 22.5 },
			"faces": {
				"down": { "uv": [ 14.75, 1.5, 13.75, 0.5 ], "texture": "#texture" },
				"up": { "uv": [ 13.75, 0.5, 14.75, 1.5 ], "texture": "#texture" },
				"north": { "uv": [ 13.5, 0.5, 16, 4.75 ], "texture": "#texture" },
				"south": { "uv": [ 13.5, 0.5, 16, 4.75 ], "texture": "#texture" },
				"west": { "uv": [ 13.75, 0.75, 14.75, 1.5 ], "texture": "#texture" },
				"east": { "uv": [ 14.25, 0.5, 15.25, 1.25 ], "texture": "#texture" }
			}
		},
		{
			"from": [ 5.0625, 6.4375, 4 ],
			"to": [ 5.875, 9, 4.5 ],
			"faces": {
				"down": { "uv": [ 1.25, 4.75, 2.25, 5.75 ], "texture": "#texture" },
				"up": { "uv": [ 1.25, 4.75, 2.25, 5.75 ], "texture": "#texture" },
				"north": { "uv": [ 1, 0.5, 3, 5 ], "texture": "#texture" },
				"south": { "uv": [ 1, 0.5, 3, 5 ], "texture": "#texture" },
				"west": { "uv": [ 1, 0.5, 2, 1.25 ], "texture": "#texture" },
				"east": { "uv": [ 1, 0.5, 2, 1.25 ], "texture": "#texture" }
			}
		},
		{
			"from": [ 4.9375, 5.4375, 4 ],
			"to": [ 5.625, 6.75, 4.5 ],
			"faces": {
				"down": { "uv": [ 1.25, 4, 2.5, 6 ], "texture": "#texture" },
				"up": { "uv": [ 1.25, 4, 2.5, 6 ], "texture": "#texture" },
				"north": { "uv": [ 1, 4, 3, 6.5 ], "texture": "#texture" },
				"south": { "uv": [ 1, 4, 3, 6.5 ], "texture": "#texture" },
				"west": { "uv": [ 1.5, 5, 2.5, 5.75 ], "texture": "#texture" },
				"east": { "uv": [ 1.5, 5, 2.5, 5.75 ], "texture": "#texture" }
			}
		},
		{
			"from": [ 8.25, 11.25, 3.75 ],
			"to": [ 9, 12, 4.75 ],
			"faces": {
				"down": { "uv": [ 6.5, 10.25, 5.75, 9.25 ], "texture": "#texture" },
				"up": { "uv": [ 6, 8, 10.25, 8.5 ], "texture": "#texture" },
				"north": { "uv": [ 8.25, 9, 9, 9.75 ], "texture": "#texture" },
				"south": { "uv": [ 8.25, 9, 9, 9.75 ], "texture": "#texture" },
				"west": { "uv": [ 5.75, 12.5, 6.75, 13.25 ], "texture": "#texture" },
				"east": { "uv": [ 5.75, 12.5, 6.75, 13.25 ], "texture": "#texture" }
			}
		},
		{
			"from": [ 9, 11.25, 3.75 ],
			"to": [ 9.75, 12, 4.75 ],
			"rotation": { "origin": [ 9, 12, 3.75 ], "axis": "z", "angle": -45 },
			"faces": {
				"down": { "uv": [ 8, 10, 7.25, 9 ], "texture": "#texture" },
				"up": { "uv": [ 7.25, 8, 11, 8.5 ], "texture": "#texture" },
				"north": { "uv": [ 9.25, 9.5, 10, 10.25 ], "texture": "#texture" },
				"south": { "uv": [ 9.25, 9.5, 10, 10.25 ], "texture": "#texture" },
				"west": { "uv": [ 8.25, 9.5, 9.25, 10.25 ], "texture": "#texture" },
				"east": { "uv": [ 8.25, 8, 9.25, 8.5 ], "texture": "#texture" }
			}
		},
		{
			"from": [ 9.75, 10.75, 4 ],
			"to": [ 10.5, 11.5, 4.5 ],
			"rotation": { "origin": [ 9.75, 11.5, 4 ], "axis": "z", "angle": -45 },
			"faces": {
				"down": { "uv": [ 9.25, 10.5, 10.75, 11 ], "texture": "#texture" },
				"up": { "uv": [ 9.25, 8, 10.75, 8.5 ], "texture": "#texture" },
				"north": { "uv": [ 3.5, 8, 12, 11 ], "texture": "#texture" },
				"south": { "uv": [ 3.5, 8, 12, 11 ], "texture": "#texture" },
				"west": { "uv": [ 6, 8, 7, 8.5 ], "texture": "#texture" },
				"east": { "uv": [ 6, 8, 7, 8.5 ], "texture": "#texture" }
			}
		},
		{
			"from": [ 9.9375, 9.875, 4 ],
			"to": [ 14.5625, 10.3125, 4.5 ],
			"rotation": { "origin": [ 9.9375, 10.3125, 4 ], "axis": "z", "angle": -22.5 },
			"faces": {
				"down": { "uv": [ 6, 14.5, 9.75, 15 ], "texture": "#texture", "rotation": 270 },
				"up": { "uv": [ 6.5, 9.25, 9.25, 10.25 ], "texture": "#texture" },
				"north": { "uv": [ 3.5, 13.25, 12, 15 ], "texture": "#texture" },
				"south": { "uv": [ 3.5, 13.25, 12, 15 ], "texture": "#texture" },
				"west": { "uv": [ 6, 9.25, 7, 10 ], "texture": "#texture" },
				"east": { "uv": [ 6, 9.25, 7, 10 ], "texture": "#texture" }
			}
		},
		{
			"from": [ 10, 10.625, 3.9375 ],
			"to": [ 14.5, 11.0625, 4.5625 ],
			"faces": {
				"down": { "uv": [ 7.25, 9.5, 9, 10 ], "texture": "#texture" },
				"up": { "uv": [ 7, 8, 8.75, 8.5 ], "texture": "#texture" },
				"north": { "uv": [ 3.5, 8, 12, 9.5 ], "texture": "#texture" },
				"south": { "uv": [ 3.5, 8, 12, 9.5 ], "texture": "#texture" },
				"west": { "uv": [ 4.5, 9.5, 5.5, 10.25 ], "texture": "#texture" },
				"east": { "uv": [ 8.75, 9.75, 9.75, 10.5 ], "texture": "#texture" }
			}
		},
		{
			"from": [ 14, 8.1875, 4 ],
			"to": [ 14.5625, 11.0625, 4.5 ],
			"faces": {
				"down": { "uv": [ 9.75, 9.25, 11.5, 10.25 ], "texture": "#texture" },
				"up": { "uv": [ 9.75, 9.25, 11.5, 10.25 ], "texture": "#texture" },
				"north": { "uv": [ 4, 12, 5, 14.75 ], "texture": "#texture" },
				"south": { "uv": [ 4, 12, 5, 14.75 ], "texture": "#texture" },
				"west": { "uv": [ 4.75, 8.75, 5.75, 9.5 ], "texture": "#texture" },
				"east": { "uv": [ 4.75, 8, 5.75, 8.5 ], "texture": "#texture" }
			}
		},
		{
			"from": [ 12.1875, 8.9375, 4 ],
			"to": [ 12.625, 10.9375, 4.5 ],
			"faces": {
				"down": { "uv": [ 7.75, 8.75, 9.5, 9.75 ], "texture": "#texture" },
				"up": { "uv": [ 7.75, 8.75, 9.5, 9.75 ], "texture": "#texture" },
				"north": { "uv": [ 5.25, 9.25, 7, 10 ], "texture": "#texture" },
				"south": { "uv": [ 5.25, 9.25, 7, 10 ], "texture": "#texture" },
				"west": { "uv": [ 5, 9.5, 6, 10.25 ], "texture": "#texture" },
				"east": { "uv": [ 5, 9.5, 6, 10.25 ], "texture": "#texture" }
			}
		},
		{
			"from": [ 10.1875, 9.8125, 4 ],
			"to": [ 11.3125, 10.8125, 4.5 ],
			"faces": {
				"down": { "uv": [ 9.5, 9, 11.25, 10 ], "texture": "#texture" },
				"up": { "uv": [ 9.5, 9, 11.25, 10 ], "texture": "#texture" },
				"north": { "uv": [ 5.25, 9.25, 7, 10 ], "texture": "#texture" },
				"south": { "uv": [ 5.25, 9.25, 7, 10 ], "texture": "#texture" },
				"west": { "uv": [ 6.25, 9, 7.25, 9.75 ], "texture": "#texture" },
				"east": { "uv": [ 6.25, 9, 7.25, 9.75 ], "texture": "#texture" }
			}
		},
		{
			"from": [ 9.75, 9.75, 4 ],
			"to": [ 10.25, 10.75, 4.5 ],
			"faces": {
				"down": { "uv": [ 7.75, 14.5, 9.75, 15 ], "texture": "#texture" },
				"up": { "uv": [ 8.5, 12, 10.25, 13 ], "texture": "#texture" },
				"north": { "uv": [ 3.5, 13.25, 12, 15 ], "texture": "#texture" },
				"south": { "uv": [ 3.5, 13.25, 12, 15 ], "texture": "#texture" },
				"west": { "uv": [ 5.75, 12.5, 6.75, 13.25 ], "texture": "#texture" },
				"east": { "uv": [ 5.75, 12.5, 6.75, 13.25 ], "texture": "#texture" }
			}
		},
		{
			"from": [ 9.25, 9.75, 3.75 ],
			"to": [ 9.75, 10.75, 4.75 ],
			"faces": {
				"down": { "uv": [ 7.75, 14.5, 11.25, 15 ], "texture": "#texture" },
				"up": { "uv": [ 7, 12.75, 7.5, 13.75 ], "texture": "#texture" },
				"north": { "uv": [ 8.75, 12, 10.25, 15 ], "texture": "#texture" },
				"south": { "uv": [ 8.75, 12, 10.25, 15 ], "texture": "#texture" },
				"west": { "uv": [ 5.5, 12.5, 6.5, 13.5 ], "texture": "#texture" },
				"east": { "uv": [ 5.5, 12.5, 6.5, 13.5 ], "texture": "#texture" }
			}
		}
	],
	"display": {
		"thirdperson_righthand": {
			"rotation":  [ 0, -86, 0 ],
			"translation":  [ -6.43, -2.08, 2.27 ],
			"scale":  [ 1.4, 1.26, 1.51 ]
		},
		"thirdperson_lefthand": {
			"rotation":  [ 0, 88, -1 ],
			"translation":  [ 5.29, -2.08, 2.27 ],
			"scale":  [ 1.4, 1.26, 1.51 ]
		},
		"firstperson_righthand": {
			"rotation":  [ 0, -103, 0 ],
			"translation":  [ -5.29, 1.32, 1.89 ],
			"scale":  [ 1.26, 1.07, 1.13 ]
		},
		"firstperson_lefthand": {
			"rotation":  [ 0, 82, 0 ],
			"translation":  [ 1.4626, 1.3199, 3.4 ],
			"scale":  [ 1.26, 1.07, 1.12 ]
		},
		"gui": {
			"rotation":  [ -30, 129, 0 ],
			"translation":  [ 2.27, -4.16, 0 ],
			"scale":  [ 1.3, 1.3, 1.3 ]
		},
		"head": {
			"rotation":  [ 0, 0, -41 ],
			"translation":  [ -0.94, -19.46, 12.09 ],
			"scale":  [ 2, 2, 2 ]
		},
		"ground": {
			"rotation":  [ 10, 72, -50 ]
		},
		"fixed": {
			"rotation":  [ 0, 0, -33 ],
			"translation":  [ 0, -2.83, 4.16 ],
			"scale":  [ 1.4, 1.4, 1.4 ]
		}
	}
}