{
	"credit": "Made with Blockbench, a free, modern block model editor by JannisX11",
	"textures": {
		"0": "items/rgbsheet1",
		"particle": "items/rgbsheet1"
	},
	"elements": [
		{
			"name": "Handle",
			"from": [7.4, 0, 8],
			"to": [8.6, 4, 10],
			"rotation": {"angle": -22.5, "axis": "x", "origin": [8, 8, 8]},
			"faces": {
				"north": {"uv": [4, 0, 5, 1], "texture": "#0"},
				"east": {"uv": [4, 0, 5, 1], "texture": "#0"},
				"south": {"uv": [4, 0, 5, 1], "texture": "#0"},
				"west": {"uv": [4, 0, 5, 1], "texture": "#0"},
				"up": {"uv": [4, 0, 5, 1], "texture": "#0"},
				"down": {"uv": [4, 0, 5, 1], "texture": "#0"}
			}
		},
		{
			"name": "barrel",
			"from": [7, 5.25, 6.75],
			"to": [9, 6, 8.75],
			"rotation": {"angle": 45, "axis": "z", "origin": [8, 5.625, 7.75]},
			"faces": {
				"north": {"uv": [11, 15, 12, 16], "texture": "#0", "rotation": 180},
				"east": {"uv": [11, 15, 12, 16], "texture": "#0", "rotation": 180},
				"south": {"uv": [11, 15, 12, 16], "texture": "#0", "rotation": 180},
				"west": {"uv": [11, 15, 12, 16], "texture": "#0", "rotation": 180},
				"up": {"uv": [11, 15, 12, 16], "texture": "#0", "rotation": 180},
				"down": {"uv": [11, 15, 12, 16], "texture": "#0", "rotation": 180}
			}
		},
		{
			"name": "barrel",
			"from": [7, 5.25, 6.75],
			"to": [9, 6, 8.75],
			"rotation": {"angle": 0, "axis": "z", "origin": [8, 5.625, 7.75]},
			"faces": {
				"north": {"uv": [11, 15, 12, 16], "texture": "#0", "rotation": 180},
				"east": {"uv": [11, 15, 12, 16], "texture": "#0", "rotation": 180},
				"south": {"uv": [11, 15, 12, 16], "texture": "#0", "rotation": 180},
				"west": {"uv": [11, 15, 12, 16], "texture": "#0", "rotation": 180},
				"up": {"uv": [11, 15, 12, 16], "texture": "#0", "rotation": 180},
				"down": {"uv": [11, 15, 12, 16], "texture": "#0", "rotation": 180}
			}
		},
		{
			"name": "barrel",
			"from": [7.625, 4.625, 6.75],
			"to": [8.375, 6.625, 8.75],
			"rotation": {"angle": 45, "axis": "z", "origin": [8, 5.625, 7.75]},
			"faces": {
				"north": {"uv": [11, 15, 12, 16], "texture": "#0", "rotation": 270},
				"east": {"uv": [11, 15, 12, 16], "texture": "#0", "rotation": 270},
				"south": {"uv": [11, 15, 12, 16], "texture": "#0", "rotation": 270},
				"west": {"uv": [11, 15, 12, 16], "texture": "#0", "rotation": 270},
				"up": {"uv": [11, 15, 12, 16], "texture": "#0", "rotation": 270},
				"down": {"uv": [11, 15, 12, 16], "texture": "#0", "rotation": 270}
			}
		},
		{
			"name": "barrel",
			"from": [7.625, 5.125, 6.75],
			"to": [8.375, 6.625, 8.75],
			"rotation": {"angle": 0, "axis": "z", "origin": [8, 5.625, 7.75]},
			"faces": {
				"north": {"uv": [10, 14, 11, 15], "texture": "#0", "rotation": 90},
				"east": {"uv": [10, 14, 11, 15], "texture": "#0", "rotation": 270},
				"south": {"uv": [10, 14, 11, 15], "texture": "#0", "rotation": 270},
				"west": {"uv": [10, 14, 11, 15], "texture": "#0", "rotation": 270},
				"up": {"uv": [10, 14, 11, 15], "texture": "#0", "rotation": 270},
				"down": {"uv": [10, 14, 11, 15], "texture": "#0", "rotation": 270}
			}
		},
		{
			"name": "Metal",
			"from": [7.5, 4.25, 6.75],
			"to": [8.5, 4.75, 8.75],
			"faces": {
				"north": {"uv": [10, 14, 11, 15], "texture": "#0"},
				"east": {"uv": [10, 14, 11, 15], "texture": "#0"},
				"south": {"uv": [10, 14, 11, 15], "texture": "#0"},
				"west": {"uv": [10, 14, 11, 15], "texture": "#0"},
				"up": {"uv": [10, 14, 11, 15], "texture": "#0"},
				"down": {"uv": [10, 14, 11, 15], "texture": "#0"}
			}
		},
		{
			"name": "Metal",
			"from": [7.5, 6.5, 6.75],
			"to": [8.5, 7, 8.75],
			"faces": {
				"north": {"uv": [10, 14, 11, 15], "texture": "#0"},
				"east": {"uv": [10, 14, 11, 15], "texture": "#0"},
				"south": {"uv": [10, 14, 11, 15], "texture": "#0"},
				"west": {"uv": [10, 14, 11, 15], "texture": "#0"},
				"up": {"uv": [10, 14, 11, 15], "texture": "#0"},
				"down": {"uv": [10, 14, 11, 15], "texture": "#0"}
			}
		},
		{
			"name": "Metal",
			"from": [7.5, 6.25, 9.75],
			"to": [8.5, 6.75, 10.5],
			"faces": {
				"north": {"uv": [10, 14, 11, 15], "texture": "#0"},
				"east": {"uv": [10, 14, 11, 15], "texture": "#0"},
				"south": {"uv": [10, 14, 11, 15], "texture": "#0"},
				"west": {"uv": [10, 14, 11, 15], "texture": "#0"},
				"up": {"uv": [10, 14, 11, 15], "texture": "#0"},
				"down": {"uv": [10, 14, 11, 15], "texture": "#0"}
			}
		},
		{
			"name": "Metal",
			"from": [7.5, 6.25, 8.75],
			"to": [8.5, 7, 9.75],
			"faces": {
				"north": {"uv": [10, 14, 11, 15], "texture": "#0"},
				"east": {"uv": [10, 14, 11, 15], "texture": "#0"},
				"south": {"uv": [10, 14, 11, 15], "texture": "#0"},
				"west": {"uv": [10, 14, 11, 15], "texture": "#0"},
				"up": {"uv": [10, 14, 11, 15], "texture": "#0"},
				"down": {"uv": [10, 14, 11, 15], "texture": "#0"}
			}
		},
		{
			"name": "Metal",
			"from": [7.5, 4.25, 8.75],
			"to": [8.5, 6.25, 10.5],
			"faces": {
				"north": {"uv": [10, 14, 11, 15], "texture": "#0"},
				"east": {"uv": [10, 14, 11, 15], "texture": "#0"},
				"south": {"uv": [10, 14, 11, 15], "texture": "#0"},
				"west": {"uv": [10, 14, 11, 15], "texture": "#0"},
				"up": {"uv": [10, 14, 11, 15], "texture": "#0"},
				"down": {"uv": [10, 14, 11, 15], "texture": "#0"}
			}
		},
		{
			"name": "Metal",
			"from": [7.5, 4.5, 6.25],
			"to": [8.5, 5, 6.75],
			"faces": {
				"north": {"uv": [10, 14, 11, 15], "texture": "#0"},
				"east": {"uv": [10, 14, 11, 15], "texture": "#0"},
				"south": {"uv": [10, 14, 11, 15], "texture": "#0"},
				"west": {"uv": [10, 14, 11, 15], "texture": "#0"},
				"up": {"uv": [10, 14, 11, 15], "texture": "#0"},
				"down": {"uv": [10, 14, 11, 15], "texture": "#0"}
			}
		},
		{
			"name": "Metal",
			"from": [7.5, 5, 5.75],
			"to": [8.5, 7, 6.75],
			"faces": {
				"north": {"uv": [10, 14, 11, 15], "texture": "#0"},
				"east": {"uv": [10, 14, 11, 15], "texture": "#0"},
				"south": {"uv": [10, 14, 11, 15], "texture": "#0"},
				"west": {"uv": [10, 14, 11, 15], "texture": "#0"},
				"up": {"uv": [10, 14, 11, 15], "texture": "#0"},
				"down": {"uv": [10, 14, 11, 15], "texture": "#0"}
			}
		},
		{
			"name": "Muzzle",
			"from": [7.75, 6, 0],
			"to": [8.25, 6.75, 6],
			"faces": {
				"north": {"uv": [10, 14, 11, 15], "texture": "#0"},
				"east": {"uv": [10, 14, 11, 15], "texture": "#0"},
				"south": {"uv": [10, 14, 11, 15], "texture": "#0"},
				"west": {"uv": [10, 14, 11, 15], "texture": "#0"},
				"up": {"uv": [10, 14, 11, 15], "texture": "#0", "rotation": 270},
				"down": {"uv": [10, 14, 11, 15], "texture": "#0"}
			}
		},
		{
			"name": "Underbit",
			"from": [7.9, 5.5, 1],
			"to": [8.15, 6, 7],
			"faces": {
				"north": {"uv": [10, 14, 11, 15], "texture": "#0"},
				"east": {"uv": [10, 14, 11, 15], "texture": "#0"},
				"south": {"uv": [10, 14, 11, 15], "texture": "#0"},
				"west": {"uv": [10, 14, 11, 15], "texture": "#0"},
				"up": {"uv": [10, 14, 11, 15], "texture": "#0"},
				"down": {"uv": [10, 14, 11, 15], "texture": "#0"}
			}
		},
		{
			"name": "Back",
			"from": [7.5, 4, 10.5],
			"to": [8.5, 6.05, 11.5],
			"faces": {
				"north": {"uv": [10, 14, 11, 15], "texture": "#0"},
				"east": {"uv": [10, 14, 11, 15], "texture": "#0"},
				"south": {"uv": [10, 14, 11, 15], "texture": "#0"},
				"west": {"uv": [10, 14, 11, 15], "texture": "#0"},
				"up": {"uv": [10, 14, 11, 15], "texture": "#0"},
				"down": {"uv": [10, 14, 11, 15], "texture": "#0"}
			}
		},
		{
			"name": "Hammer",
			"from": [7.5, 8.2, 11.25],
			"to": [8.5, 9.45, 11.75],
			"rotation": {"angle": 45, "axis": "x", "origin": [8, 8, 8]},
			"faces": {
				"north": {"uv": [10, 14, 11, 15], "texture": "#0"},
				"east": {"uv": [10, 14, 11, 15], "texture": "#0"},
				"south": {"uv": [10, 14, 11, 15], "texture": "#0"},
				"west": {"uv": [10, 14, 11, 15], "texture": "#0"},
				"up": {"uv": [10, 14, 11, 15], "texture": "#0"},
				"down": {"uv": [10, 14, 11, 15], "texture": "#0"}
			}
		},
		{
			"name": "Sights",
			"from": [7.8, 6.75, 0],
			"to": [8.2, 7.3, 0.3],
			"faces": {
				"north": {"uv": [9, 14, 10, 15], "texture": "#0"},
				"east": {"uv": [9, 14, 10, 15], "texture": "#0"},
				"south": {"uv": [9, 14, 10, 15], "texture": "#0"},
				"west": {"uv": [9, 14, 10, 15], "texture": "#0"},
				"up": {"uv": [9, 14, 10, 15], "texture": "#0"},
				"down": {"uv": [9, 14, 10, 15], "texture": "#0"}
			}
		}
	],
	"display": {
		"thirdperson_righthand": {
			"rotation": [-7, -2, -10],
			"translation": [0, 4, -2],
			"scale": [0.7, 0.7, 0.7]
		},
		"thirdperson_lefthand": {
			"rotation": [-7, 1, 11],
			"translation": [-15, 5, -2],
			"scale": [0.7, 0.7, 0.7]
		},
		"firstperson_righthand": {
			"rotation": [0, -2, 0],
			"translation": [0, 5, 0]
		},
		"firstperson_lefthand": {
			"rotation": [0, 0, 0],
			"translation": [-9, 8.6, 6],
			"scale": [1, 1, 0.675]
		},
		"gui": {
			"rotation": [0, -130, 0],
			"translation": [0, 5, 0]
		},
		"ground": {
			"rotation": [0, 0, -23],
			"translation": [3.59, -0.94, 6.05]
		},
		"fixed": {
			"rotation": [-1, 3, -41],
			"translation": [12.28, 3.4, 10.39],
			"scale": [3.37, 3.37, 3.4]
		}
	}
}