{
	"credit": "Made with Blockbench",
	"textures": {
		"0": "items/camo",
		"1": "items/glasspanetexture",
		"2": "items/rgbsheet1",
		"3": "items/changingtextures",
		"particle": "items/camo"
	},
	"elements": [
		{
			"from": [-0.01, 1, 2],
			"to": [0.24, 15.25, 17],
			"faces": {
				"north": {"uv": [0, 0, 4, 8], "texture": "#0"},
				"east": {"uv": [0, 0, 15, 14.25], "texture": "#0"},
				"south": {"uv": [0, 0, 4, 8], "texture": "#0"},
				"west": {"uv": [0, 0, 15, 14.25], "texture": "#0"},
				"up": {"uv": [0, 0, 4, 8], "texture": "#0"},
				"down": {"uv": [0, 0, 4, 8], "texture": "#0"}
			}
		},
		{
			"from": [15.75, 1, 2],
			"to": [16, 15.25, 17],
			"faces": {
				"north": {"uv": [0, 0, 4, 8], "texture": "#0"},
				"east": {"uv": [0, 0, 15, 14.25], "texture": "#0"},
				"south": {"uv": [0, 0, 4, 8], "texture": "#0"},
				"west": {"uv": [0, 0, 4, 8], "texture": "#0"},
				"up": {"uv": [0, 0, 4, 8], "texture": "#0"},
				"down": {"uv": [0, 0, 4, 8], "texture": "#0"}
			}
		},
		{
			"from": [-0.01, 1, -9],
			"to": [0.24, 7.5, 2],
			"faces": {
				"north": {"uv": [0, 0, 4, 8], "texture": "#0"},
				"east": {"uv": [0, 0, 4, 8], "texture": "#0"},
				"south": {"uv": [0, 0, 4, 8], "texture": "#0"},
				"west": {"uv": [0, 0, 11, 6.5], "texture": "#0"},
				"up": {"uv": [0, 0, 4, 8], "texture": "#0"},
				"down": {"uv": [0, 0, 4, 8], "texture": "#0"}
			}
		},
		{
			"from": [15.74, 1, -9],
			"to": [15.99, 7.5, 2],
			"faces": {
				"north": {"uv": [0, 0, 4, 8], "texture": "#0"},
				"east": {"uv": [0, 0, 4, 8], "texture": "#0"},
				"south": {"uv": [0, 0, 4, 8], "texture": "#0"},
				"west": {"uv": [0, 0, 4, 8], "texture": "#0"},
				"up": {"uv": [0, 0, 0.25, 11], "texture": "#0"},
				"down": {"uv": [0, 0, 4, 8], "texture": "#0"}
			}
		},
		{
			"from": [5, 16.35, 3.75],
			"to": [11, 19.35, 9.75],
			"faces": {
				"north": {"uv": [9, 14, 10, 15], "texture": "#2"},
				"east": {"uv": [9, 14, 10, 15], "texture": "#2"},
				"south": {"uv": [9, 14, 10, 15], "texture": "#2"},
				"west": {"uv": [9, 14, 10, 15], "texture": "#2"},
				"up": {"uv": [9, 14, 10, 15], "texture": "#2"},
				"down": {"uv": [9, 14, 10, 15], "texture": "#2"}
			}
		},
		{
			"from": [0, 15, -5.25],
			"to": [16, 16.5, 23],
			"faces": {
				"north": {"uv": [0, 0, 4, 8], "texture": "#0"},
				"east": {"uv": [0, 0, 4, 8], "texture": "#0"},
				"south": {"uv": [0, 0, 4, 8], "texture": "#0"},
				"west": {"uv": [0, 0, 4, 8], "texture": "#0"},
				"up": {"uv": [0, 0, 16, 16], "texture": "#0"},
				"down": {"uv": [0, 0, 16, 16], "texture": "#0"}
			}
		},
		{
			"from": [14, 5.5, -7],
			"to": [16, 16, -6.5],
			"rotation": {"angle": 22.5, "axis": "x", "origin": [22, 11.5, -6.75]},
			"faces": {
				"north": {"uv": [0, 0, 4, 8], "rotation": 180, "texture": "#0"},
				"east": {"uv": [0, 0, 4, 8], "rotation": 90, "texture": "#0"},
				"south": {"uv": [0, 0, 4, 8], "texture": "#0"},
				"west": {"uv": [0, 0, 4, 8], "rotation": 270, "texture": "#0"},
				"up": {"uv": [0, 0, 2, 0.5], "texture": "#0"},
				"down": {"uv": [0, 0, 4, 8], "rotation": 180, "texture": "#0"}
			}
		},
		{
			"from": [2, 7.25, -7],
			"to": [14, 16, -6.5],
			"rotation": {"angle": 22.5, "axis": "x", "origin": [8, 11.5, -6.75]},
			"faces": {
				"north": {"uv": [0, 1, 16, 15], "rotation": 180, "texture": "#1"},
				"east": {"uv": [0, 1, 16, 15], "rotation": 180, "texture": "#1"},
				"south": {"uv": [0, 1, 16, 15], "rotation": 180, "texture": "#1"},
				"west": {"uv": [0, 1, 16, 15], "rotation": 180, "texture": "#1"},
				"up": {"uv": [0, 1, 16, 15], "rotation": 180, "texture": "#1"},
				"down": {"uv": [0, 1, 16, 15], "rotation": 180, "texture": "#1"}
			}
		},
		{
			"from": [0, 5.5, -7],
			"to": [2, 16, -6.5],
			"rotation": {"angle": 22.5, "axis": "x", "origin": [8, 11.5, -6.75]},
			"faces": {
				"north": {"uv": [0, 0, 4, 8], "rotation": 180, "texture": "#0"},
				"east": {"uv": [0, 0, 4, 8], "rotation": 90, "texture": "#0"},
				"south": {"uv": [0, 0, 4, 8], "texture": "#0"},
				"west": {"uv": [0, 0, 4, 8], "rotation": 270, "texture": "#0"},
				"up": {"uv": [0, 0, 4, 8], "texture": "#0"},
				"down": {"uv": [0, 0, 4, 8], "rotation": 180, "texture": "#0"}
			}
		},
		{
			"from": [0.25, 5.5, -8.25],
			"to": [15.75, 8, -6.75],
			"faces": {
				"north": {"uv": [0, 0, 4, 4], "texture": "#0"},
				"east": {"uv": [0, 0, 4, 4], "texture": "#0"},
				"south": {"uv": [0, 0, 15.5, 2.5], "texture": "#0"},
				"west": {"uv": [0, 0, 4, 4], "texture": "#0"},
				"up": {"uv": [0, 0, 4, 4], "texture": "#0"},
				"down": {"uv": [0, 0, 4, 4], "texture": "#0"}
			}
		},
		{
			"from": [-0.02, 5.5, -11],
			"to": [15.97, 8, -8.25],
			"faces": {
				"north": {"uv": [0, 0, 15.99, 2.5], "texture": "#0"},
				"east": {"uv": [0, 0, 4, 4], "texture": "#0"},
				"south": {"uv": [0, 0, 4, 4], "texture": "#0"},
				"west": {"uv": [0, 0, 2.75, 2.5], "texture": "#0"},
				"up": {"uv": [0, 0, 4, 4], "texture": "#0"},
				"down": {"uv": [0, 0, 4, 4], "texture": "#0"}
			}
		},
		{
			"from": [5.25, 5.75, -7.5],
			"to": [9, 7.25, -6],
			"faces": {
				"north": {"uv": [7, 15, 8, 16], "texture": "#2"},
				"east": {"uv": [7, 15, 8, 16], "texture": "#2"},
				"south": {"uv": [7, 15, 8, 16], "texture": "#2"},
				"west": {"uv": [7, 15, 8, 16], "texture": "#2"},
				"up": {"uv": [7, 15, 8, 16], "texture": "#2"},
				"down": {"uv": [7, 15, 8, 16], "texture": "#2"}
			}
		},
		{
			"from": [0, 0.75, -13.75],
			"to": [16, 5.75, -8],
			"faces": {
				"north": {"uv": [0, 0, 16, 5], "texture": "#0"},
				"east": {"uv": [0, 0, 4, 8], "texture": "#0"},
				"south": {"uv": [0, 0, 4, 8], "texture": "#0"},
				"west": {"uv": [0, 0, 5.75, 5], "texture": "#0"},
				"up": {"uv": [0, 0, 4, 8], "texture": "#0"},
				"down": {"uv": [0, 0, 4, 8], "texture": "#0"}
			}
		},
		{
			"from": [14, -5.75, 12.25],
			"to": [15, -1.75, 14.5],
			"faces": {
				"north": {"uv": [7, 15, 8, 16], "texture": "#2"},
				"east": {"uv": [7, 15, 8, 16], "texture": "#2"},
				"south": {"uv": [7, 15, 8, 16], "texture": "#2"},
				"west": {"uv": [7, 15, 8, 16], "texture": "#2"},
				"up": {"uv": [7, 15, 8, 16], "texture": "#2"},
				"down": {"uv": [7, 15, 8, 16], "texture": "#2"}
			}
		},
		{
			"from": [1, -5.75, 12.25],
			"to": [2, -1.75, 14.5],
			"faces": {
				"north": {"uv": [7, 15, 8, 16], "texture": "#2"},
				"east": {"uv": [7, 15, 8, 16], "texture": "#2"},
				"south": {"uv": [7, 15, 8, 16], "texture": "#2"},
				"west": {"uv": [7, 15, 8, 16], "texture": "#2"},
				"up": {"uv": [7, 15, 8, 16], "texture": "#2"},
				"down": {"uv": [7, 15, 8, 16], "texture": "#2"}
			}
		},
		{
			"from": [1, -5.75, -5.75],
			"to": [2, -1.75, -3.5],
			"faces": {
				"north": {"uv": [7, 15, 8, 16], "texture": "#2"},
				"east": {"uv": [7, 15, 8, 16], "texture": "#2"},
				"south": {"uv": [7, 15, 8, 16], "texture": "#2"},
				"west": {"uv": [7, 15, 8, 16], "texture": "#2"},
				"up": {"uv": [7, 15, 8, 16], "texture": "#2"},
				"down": {"uv": [7, 15, 8, 16], "texture": "#2"}
			}
		},
		{
			"from": [14, -5.75, -5.75],
			"to": [15, -1.75, -3.5],
			"faces": {
				"north": {"uv": [7, 15, 8, 16], "texture": "#2"},
				"east": {"uv": [7, 15, 8, 16], "texture": "#2"},
				"south": {"uv": [7, 15, 8, 16], "texture": "#2"},
				"west": {"uv": [7, 15, 8, 16], "texture": "#2"},
				"up": {"uv": [7, 15, 8, 16], "texture": "#2"},
				"down": {"uv": [7, 15, 8, 16], "texture": "#2"}
			}
		},
		{
			"from": [13, -7, -8.75],
			"to": [16, -6, 22.5],
			"faces": {
				"north": {"uv": [7, 15, 8, 16], "texture": "#2"},
				"east": {"uv": [7, 15, 8, 16], "texture": "#2"},
				"south": {"uv": [7, 15, 8, 16], "texture": "#2"},
				"west": {"uv": [7, 15, 8, 16], "texture": "#2"},
				"up": {"uv": [7, 15, 8, 16], "texture": "#2"},
				"down": {"uv": [7, 15, 8, 16], "texture": "#2"}
			}
		},
		{
			"from": [0, -7, -8.75],
			"to": [3, -6, 22.5],
			"faces": {
				"north": {"uv": [7, 15, 8, 16], "texture": "#2"},
				"east": {"uv": [7, 15, 8, 16], "texture": "#2"},
				"south": {"uv": [7, 15, 8, 16], "texture": "#2"},
				"west": {"uv": [7, 15, 8, 16], "texture": "#2"},
				"up": {"uv": [7, 15, 8, 16], "texture": "#2"},
				"down": {"uv": [7, 15, 8, 16], "texture": "#2"}
			}
		},
		{
			"from": [0, 0, -8.75],
			"to": [16, 1, 16.5],
			"faces": {
				"north": {"uv": [4, 4, 8, 8], "texture": "#0"},
				"east": {"uv": [4, 4, 8, 8], "texture": "#0"},
				"south": {"uv": [4, 4, 8, 8], "texture": "#0"},
				"west": {"uv": [4, 4, 8, 8], "texture": "#0"},
				"up": {"uv": [8, 15, 9, 16], "texture": "#2"},
				"down": {"uv": [4, 4, 8, 8], "texture": "#0"}
			}
		},
		{
			"from": [8.5, 1, -2.75],
			"to": [15.5, 5, 3.25],
			"faces": {
				"north": {"uv": [7, 15, 8, 16], "texture": "#2"},
				"east": {"uv": [7, 15, 8, 16], "texture": "#2"},
				"south": {"uv": [7, 15, 8, 16], "texture": "#2"},
				"west": {"uv": [7, 15, 8, 16], "texture": "#2"},
				"up": {"uv": [7, 15, 8, 16], "texture": "#2"},
				"down": {"uv": [7, 15, 8, 16], "texture": "#2"}
			}
		},
		{
			"from": [8.5, 1, 3.25],
			"to": [15.5, 11, 4.25],
			"faces": {
				"north": {"uv": [7, 15, 8, 16], "texture": "#2"},
				"east": {"uv": [7, 15, 8, 16], "texture": "#2"},
				"south": {"uv": [7, 15, 8, 16], "texture": "#2"},
				"west": {"uv": [7, 15, 8, 16], "texture": "#2"},
				"up": {"uv": [7, 15, 8, 16], "texture": "#2"},
				"down": {"uv": [7, 15, 8, 16], "texture": "#2"}
			}
		},
		{
			"from": [0.75, 1, -2.75],
			"to": [7.75, 5, 3.25],
			"faces": {
				"north": {"uv": [7, 15, 8, 16], "texture": "#2"},
				"east": {"uv": [7, 15, 8, 16], "texture": "#2"},
				"south": {"uv": [7, 15, 8, 16], "texture": "#2"},
				"west": {"uv": [7, 15, 8, 16], "texture": "#2"},
				"up": {"uv": [7, 15, 8, 16], "texture": "#2"},
				"down": {"uv": [7, 15, 8, 16], "texture": "#2"}
			}
		},
		{
			"from": [0.75, 1, 3.25],
			"to": [7.75, 11, 4.25],
			"faces": {
				"north": {"uv": [7, 15, 8, 16], "texture": "#2"},
				"east": {"uv": [7, 15, 8, 16], "texture": "#2"},
				"south": {"uv": [7, 15, 8, 16], "texture": "#2"},
				"west": {"uv": [7, 15, 8, 16], "texture": "#2"},
				"up": {"uv": [7, 15, 8, 16], "texture": "#2"},
				"down": {"uv": [7, 15, 8, 16], "texture": "#2"}
			}
		},
		{
			"from": [2.5, 6.5, -7.25],
			"to": [3.5, 7.25, -5.25],
			"faces": {
				"north": {"uv": [9, 15, 10, 16], "texture": "#2"},
				"east": {"uv": [9, 15, 10, 16], "texture": "#2"},
				"south": {"uv": [9, 15, 10, 16], "texture": "#2"},
				"west": {"uv": [9, 15, 10, 16], "texture": "#2"},
				"up": {"uv": [9, 15, 10, 16], "texture": "#2"},
				"down": {"uv": [9, 15, 10, 16], "texture": "#2"}
			}
		},
		{
			"from": [1.75, 8.25, -5.25],
			"to": [2, 8.5, -4.75],
			"faces": {
				"north": {"uv": [9, 15, 10, 16], "texture": "#2"},
				"east": {"uv": [9, 15, 10, 16], "texture": "#2"},
				"south": {"uv": [9, 15, 10, 16], "texture": "#2"},
				"west": {"uv": [9, 15, 10, 16], "texture": "#2"},
				"up": {"uv": [9, 15, 10, 16], "texture": "#2"},
				"down": {"uv": [9, 15, 10, 16], "texture": "#2"}
			}
		},
		{
			"from": [1.5, 6.25, -5.25],
			"to": [1.75, 8.25, -4.75],
			"faces": {
				"north": {"uv": [9, 15, 10, 16], "texture": "#2"},
				"east": {"uv": [9, 15, 10, 16], "texture": "#2"},
				"south": {"uv": [9, 15, 10, 16], "texture": "#2"},
				"west": {"uv": [9, 15, 10, 16], "texture": "#2"},
				"up": {"uv": [9, 15, 10, 16], "texture": "#2"},
				"down": {"uv": [9, 15, 10, 16], "texture": "#2"}
			}
		},
		{
			"from": [2, 6.5, -5.25],
			"to": [4, 8, -4.75],
			"faces": {
				"north": {"uv": [9, 15, 10, 16], "texture": "#2"},
				"east": {"uv": [9, 15, 10, 16], "texture": "#2"},
				"south": {"uv": [9, 15, 10, 16], "texture": "#2"},
				"west": {"uv": [9, 15, 10, 16], "texture": "#2"},
				"up": {"uv": [9, 15, 10, 16], "texture": "#2"},
				"down": {"uv": [9, 15, 10, 16], "texture": "#2"}
			}
		},
		{
			"from": [2, 5.75, -5.25],
			"to": [4, 6, -4.75],
			"faces": {
				"north": {"uv": [9, 15, 10, 16], "texture": "#2"},
				"east": {"uv": [9, 15, 10, 16], "texture": "#2"},
				"south": {"uv": [9, 15, 10, 16], "texture": "#2"},
				"west": {"uv": [9, 15, 10, 16], "texture": "#2"},
				"up": {"uv": [9, 15, 10, 16], "texture": "#2"},
				"down": {"uv": [9, 15, 10, 16], "texture": "#2"}
			}
		},
		{
			"from": [1.75, 6, -5.25],
			"to": [2, 6.25, -4.75],
			"faces": {
				"north": {"uv": [9, 15, 10, 16], "texture": "#2"},
				"east": {"uv": [9, 15, 10, 16], "texture": "#2"},
				"south": {"uv": [9, 15, 10, 16], "texture": "#2"},
				"west": {"uv": [9, 15, 10, 16], "texture": "#2"},
				"up": {"uv": [9, 15, 10, 16], "texture": "#2"},
				"down": {"uv": [9, 15, 10, 16], "texture": "#2"}
			}
		},
		{
			"from": [4, 6, -5.25],
			"to": [4.25, 6.25, -4.75],
			"faces": {
				"north": {"uv": [9, 15, 10, 16], "texture": "#2"},
				"east": {"uv": [9, 15, 10, 16], "texture": "#2"},
				"south": {"uv": [9, 15, 10, 16], "texture": "#2"},
				"west": {"uv": [9, 15, 10, 16], "texture": "#2"},
				"up": {"uv": [9, 15, 10, 16], "texture": "#2"},
				"down": {"uv": [9, 15, 10, 16], "texture": "#2"}
			}
		},
		{
			"from": [4.25, 6.25, -5.25],
			"to": [4.5, 8.25, -4.75],
			"faces": {
				"north": {"uv": [9, 15, 10, 16], "texture": "#2"},
				"east": {"uv": [9, 15, 10, 16], "texture": "#2"},
				"south": {"uv": [9, 15, 10, 16], "texture": "#2"},
				"west": {"uv": [9, 15, 10, 16], "texture": "#2"},
				"up": {"uv": [9, 15, 10, 16], "texture": "#2"},
				"down": {"uv": [9, 15, 10, 16], "texture": "#2"}
			}
		},
		{
			"from": [4, 8.25, -5.25],
			"to": [4.25, 8.5, -4.75],
			"faces": {
				"north": {"uv": [9, 15, 10, 16], "texture": "#2"},
				"east": {"uv": [9, 15, 10, 16], "texture": "#2"},
				"south": {"uv": [9, 15, 10, 16], "texture": "#2"},
				"west": {"uv": [9, 15, 10, 16], "texture": "#2"},
				"up": {"uv": [9, 15, 10, 16], "texture": "#2"},
				"down": {"uv": [9, 15, 10, 16], "texture": "#2"}
			}
		},
		{
			"from": [2, 8.5, -5.25],
			"to": [4, 8.75, -4.75],
			"faces": {
				"north": {"uv": [9, 15, 10, 16], "texture": "#2"},
				"east": {"uv": [9, 15, 10, 16], "texture": "#2"},
				"south": {"uv": [9, 15, 10, 16], "texture": "#2"},
				"west": {"uv": [9, 15, 10, 16], "texture": "#2"},
				"up": {"uv": [9, 15, 10, 16], "texture": "#2"},
				"down": {"uv": [9, 15, 10, 16], "texture": "#2"}
			}
		},
		{
			"from": [6.3, 19.32, 5.425],
			"to": [9.7, 22.42, 8.075],
			"faces": {
				"north": {"uv": [9, 14, 10, 15], "texture": "#2"},
				"east": {"uv": [9, 14, 10, 15], "texture": "#2"},
				"south": {"uv": [9, 14, 10, 15], "texture": "#2"},
				"west": {"uv": [9, 14, 10, 15], "texture": "#2"},
				"up": {"uv": [9, 14, 10, 15], "texture": "#2"},
				"down": {"uv": [9, 14, 10, 15], "texture": "#2"}
			}
		},
		{
			"from": [-16, 21.6, 5.75],
			"to": [32, 22.1, 7.75],
			"faces": {
				"north": {"uv": [0, 0, 1, 16], "texture": "#3"},
				"east": {"uv": [0, 0, 1, 16], "texture": "#3"},
				"south": {"uv": [0, 0, 1, 16], "texture": "#3"},
				"west": {"uv": [0, 0, 1, 16], "texture": "#3"},
				"up": {"uv": [0, 0, 1, 16], "texture": "#3"},
				"down": {"uv": [0, 0, 1, 16], "texture": "#3"}
			}
		},
		{
			"from": [7, 21.6, -16],
			"to": [9, 22.1, 32],
			"faces": {
				"north": {"uv": [0, 0, 1, 16], "texture": "#3"},
				"east": {"uv": [0, 0, 1, 16], "texture": "#3"},
				"south": {"uv": [0, 0, 1, 16], "texture": "#3"},
				"west": {"uv": [0, 0, 1, 16], "texture": "#3"},
				"up": {"uv": [0, 0, 1, 16], "rotation": 270, "texture": "#3"},
				"down": {"uv": [0, 0, 1, 16], "rotation": 90, "texture": "#3"}
			}
		},
		{
			"from": [7, 21.6, -16],
			"to": [9, 22.1, 32],
			"rotation": {"angle": 45, "axis": "y", "origin": [8, 21.85, 6.75]},
			"faces": {
				"north": {"uv": [1, 0, 2, 16], "rotation": 270, "texture": "#3"},
				"east": {"uv": [1, 0, 2, 16], "rotation": 270, "texture": "#3"},
				"south": {"uv": [1, 0, 2, 16], "rotation": 270, "texture": "#3"},
				"west": {"uv": [1, 0, 2, 16], "rotation": 270, "texture": "#3"},
				"up": {"uv": [1, 0, 2, 16], "rotation": 270, "texture": "#3"},
				"down": {"uv": [1, 0, 2, 16], "rotation": 270, "texture": "#3"}
			}
		},
		{
			"from": [-16, 21.6, 5.75],
			"to": [32, 22.1, 7.75],
			"rotation": {"angle": 45, "axis": "y", "origin": [8, 21.85, 6.75]},
			"faces": {
				"north": {"uv": [1, 0, 2, 16], "rotation": 270, "texture": "#3"},
				"east": {"uv": [1, 0, 2, 16], "rotation": 270, "texture": "#3"},
				"south": {"uv": [1, 0, 2, 16], "rotation": 270, "texture": "#3"},
				"west": {"uv": [1, 0, 2, 16], "rotation": 270, "texture": "#3"},
				"up": {"uv": [1, 0, 2, 16], "rotation": 180, "texture": "#3"},
				"down": {"uv": [1, 0, 2, 16], "texture": "#3"}
			}
		},
		{
			"from": [3, 0.75, -15.75],
			"to": [13, 4.75, -8],
			"faces": {
				"north": {"uv": [0, 0, 10, 4], "texture": "#0"},
				"east": {"uv": [0, 0, 4, 8], "texture": "#0"},
				"south": {"uv": [0, 0, 4, 8], "texture": "#0"},
				"west": {"uv": [0, 0, 8, 4], "texture": "#0"},
				"up": {"uv": [0, 0, 10, 8], "texture": "#0"},
				"down": {"uv": [0, 0, 4, 8], "texture": "#0"}
			}
		},
		{
			"from": [3, 0.75, -14],
			"to": [13, 6.75, -8],
			"faces": {
				"north": {"uv": [0, 0, 10, 6], "texture": "#0"},
				"east": {"uv": [0, 0, 4, 8], "texture": "#0"},
				"south": {"uv": [0, 0, 4, 8], "texture": "#0"},
				"west": {"uv": [0, 0, 4, 8], "texture": "#0"},
				"up": {"uv": [0, 0, 10, 6], "texture": "#0"},
				"down": {"uv": [0, 0, 4, 8], "texture": "#0"}
			}
		},
		{
			"from": [-0.01, 7.5, -4.5],
			"to": [0.24, 15.75, 2],
			"faces": {
				"north": {"uv": [1, 1, 16, 16], "texture": "#1"},
				"east": {"uv": [1, 1, 16, 16], "texture": "#1"},
				"south": {"uv": [1, 1, 16, 16], "texture": "#1"},
				"west": {"uv": [1, 1, 16, 16], "texture": "#1"},
				"up": {"uv": [1, 1, 16, 16], "texture": "#1"},
				"down": {"uv": [1, 1, 16, 16], "texture": "#1"}
			}
		},
		{
			"from": [15.74, 7.5, -4.5],
			"to": [15.99, 15.75, 2],
			"faces": {
				"north": {"uv": [1, 1, 16, 16], "texture": "#1"},
				"east": {"uv": [1, 1, 16, 16], "texture": "#1"},
				"south": {"uv": [1, 1, 16, 16], "texture": "#1"},
				"west": {"uv": [1, 1, 16, 16], "texture": "#1"},
				"up": {"uv": [1, 1, 16, 16], "texture": "#1"},
				"down": {"uv": [1, 1, 16, 16], "texture": "#1"}
			}
		},
		{
			"from": [-0.01, 7.5, -5.75],
			"to": [0.24, 14.5, -5.25],
			"faces": {
				"north": {"uv": [0, 0, 4, 8], "texture": "#0"},
				"east": {"uv": [0, 0, 4, 8], "texture": "#0"},
				"south": {"uv": [0, 0, 4, 8], "texture": "#0"},
				"west": {"uv": [0, 0, 0.5, 7], "texture": "#0"},
				"up": {"uv": [0, 0, 4, 8], "texture": "#0"},
				"down": {"uv": [0, 0, 4, 8], "texture": "#0"}
			}
		},
		{
			"from": [0, 10.5, -6.5],
			"to": [0, 13.5, -5.25],
			"rotation": {"angle": 22.5, "axis": "x", "origin": [8, 11.5, -6.75]},
			"faces": {
				"north": {"uv": [0, 0, 4, 8], "rotation": 180, "texture": "#0"},
				"east": {"uv": [0, 0, 4, 8], "rotation": 90, "texture": "#0"},
				"south": {"uv": [0, 0, 4, 8], "texture": "#0"},
				"west": {"uv": [0, 0, 1.25, 3], "rotation": 270, "texture": "#0"},
				"up": {"uv": [0, 0, 4, 8], "texture": "#0"},
				"down": {"uv": [0, 0, 4, 8], "rotation": 180, "texture": "#0"}
			}
		},
		{
			"from": [-0.01, 7.5, -5.25],
			"to": [0.24, 15.75, -4.5],
			"faces": {
				"north": {"uv": [0, 0, 4, 8], "texture": "#0"},
				"east": {"uv": [0, 0, 4, 8], "texture": "#0"},
				"south": {"uv": [0, 0, 4, 8], "texture": "#0"},
				"west": {"uv": [0, 0, 0.75, 8.25], "texture": "#0"},
				"up": {"uv": [0, 0, 4, 8], "texture": "#0"},
				"down": {"uv": [0, 0, 4, 8], "texture": "#0"}
			}
		},
		{
			"from": [0, 7, -6.5],
			"to": [0, 10.5, -4],
			"rotation": {"angle": 22.5, "axis": "x", "origin": [8, 11.5, -6.75]},
			"faces": {
				"north": {"uv": [0, 0, 4, 8], "rotation": 180, "texture": "#0"},
				"east": {"uv": [0, 0, 4, 8], "rotation": 90, "texture": "#0"},
				"south": {"uv": [0, 0, 4, 8], "texture": "#0"},
				"west": {"uv": [0, 0, 2.5, 3.5], "rotation": 270, "texture": "#0"},
				"up": {"uv": [0, 0, 4, 8], "texture": "#0"},
				"down": {"uv": [0, 0, 4, 8], "rotation": 180, "texture": "#0"}
			}
		},
		{
			"from": [15.74, 7.5, -5.75],
			"to": [15.99, 14.5, -5.25],
			"faces": {
				"north": {"uv": [0, 0, 4, 8], "texture": "#0"},
				"east": {"uv": [0, 0, 4, 8], "texture": "#0"},
				"south": {"uv": [0, 0, 4, 8], "texture": "#0"},
				"west": {"uv": [0, 0, 4, 8], "texture": "#0"},
				"up": {"uv": [0, 0, 0.25, 0.5], "texture": "#0"},
				"down": {"uv": [0, 0, 4, 8], "texture": "#0"}
			}
		},
		{
			"from": [15.75, 10.5, -6.5],
			"to": [15.75, 13.5, -5.25],
			"rotation": {"angle": 22.5, "axis": "x", "origin": [23.75, 11.5, -6.75]},
			"faces": {
				"north": {"uv": [0, 0, 4, 8], "rotation": 180, "texture": "#0"},
				"east": {"uv": [0, 0, 4, 8], "rotation": 90, "texture": "#0"},
				"south": {"uv": [0, 0, 4, 8], "texture": "#0"},
				"west": {"uv": [0, 0, 4, 8], "rotation": 270, "texture": "#0"},
				"up": {"uv": [0, 0, 0, 1.25], "texture": "#0"},
				"down": {"uv": [0, 0, 4, 8], "rotation": 180, "texture": "#0"}
			}
		},
		{
			"from": [15.74, 7.5, -5.25],
			"to": [15.99, 15.75, -4.5],
			"faces": {
				"north": {"uv": [0, 0, 4, 8], "texture": "#0"},
				"east": {"uv": [0, 0, 4, 8], "texture": "#0"},
				"south": {"uv": [0, 0, 4, 8], "texture": "#0"},
				"west": {"uv": [0, 0, 4, 8], "texture": "#0"},
				"up": {"uv": [0, 0, 4, 8], "texture": "#0"},
				"down": {"uv": [0, 0, 4, 8], "texture": "#0"}
			}
		},
		{
			"from": [15.74, 7, -6.5],
			"to": [15.74, 10.5, -4],
			"rotation": {"angle": 22.5, "axis": "x", "origin": [23.75, 11.5, -6.75]},
			"faces": {
				"north": {"uv": [0, 0, 4, 8], "rotation": 180, "texture": "#0"},
				"east": {"uv": [0, 0, 4, 8], "rotation": 90, "texture": "#0"},
				"south": {"uv": [0, 0, 4, 8], "texture": "#0"},
				"west": {"uv": [0, 0, 4, 8], "rotation": 270, "texture": "#0"},
				"up": {"uv": [0, 0, 0, 2.5], "texture": "#0"},
				"down": {"uv": [0, 0, 4, 8], "rotation": 180, "texture": "#0"}
			}
		},
		{
			"from": [0.5, -9.25, 19],
			"to": [15.75, 4, 20.25],
			"rotation": {"angle": 45, "axis": "x", "origin": [8, 0.5, 27]},
			"faces": {
				"north": {"uv": [8, 15, 9, 16], "rotation": 180, "texture": "#2"},
				"east": {"uv": [4, 4, 8, 8], "rotation": 90, "texture": "#0"},
				"south": {"uv": [0, 0, 16, 13.25], "texture": "#0"},
				"west": {"uv": [4, 4, 8, 8], "rotation": 270, "texture": "#0"},
				"up": {"uv": [4, 4, 8, 8], "texture": "#0"},
				"down": {"uv": [4, 4, 8, 8], "rotation": 180, "texture": "#0"}
			}
		},
		{
			"from": [1, -2.25, -7.5],
			"to": [15, 0.25, 16.5],
			"faces": {
				"north": {"uv": [4, 4, 8, 8], "texture": "#0"},
				"east": {"uv": [0, 0, 16, 2.5], "texture": "#0"},
				"south": {"uv": [0, 0, 14, 2.5], "texture": "#0"},
				"west": {"uv": [0, 0, 16, 2.5], "texture": "#0"},
				"up": {"uv": [8, 15, 9, 16], "texture": "#2"},
				"down": {"uv": [4, 4, 8, 8], "texture": "#0"}
			}
		},
		{
			"from": [0.02, 3.75, 12.5],
			"to": [0.27, 18.25, 19.75],
			"rotation": {"angle": 22.5, "axis": "x", "origin": [8, 8, 8]},
			"faces": {
				"north": {"uv": [0, 0, 4, 8], "texture": "#0"},
				"east": {"uv": [0, 0, 7.25, 14.5], "texture": "#0"},
				"south": {"uv": [0, 0, 4, 8], "texture": "#0"},
				"west": {"uv": [0, 0, 7.25, 14.5], "texture": "#0"},
				"up": {"uv": [0, 0, 4, 8], "texture": "#0"},
				"down": {"uv": [0, 0, 4, 8], "texture": "#0"}
			}
		},
		{
			"from": [15.74, 3.75, 12.5],
			"to": [15.99, 18.25, 19.75],
			"rotation": {"angle": 22.5, "axis": "x", "origin": [8, 8, 8]},
			"faces": {
				"north": {"uv": [0, 0, 4, 8], "texture": "#0"},
				"east": {"uv": [0, 0, 7.25, 14.5], "texture": "#0"},
				"south": {"uv": [0, 0, 4, 8], "texture": "#0"},
				"west": {"uv": [0, 0, 7.25, 14.5], "texture": "#0"},
				"up": {"uv": [0, 0, 4, 8], "texture": "#0"},
				"down": {"uv": [0, 0, 4, 8], "texture": "#0"}
			}
		},
		{
			"from": [2, 13, 15.75],
			"to": [14, 15.25, 27.25],
			"faces": {
				"north": {"uv": [0, 0, 4, 8], "texture": "#0"},
				"east": {"uv": [0, 0, 4, 8], "texture": "#0"},
				"south": {"uv": [0, 0, 12, 2.25], "texture": "#0"},
				"west": {"uv": [0, 0, 11.5, 2.25], "texture": "#0"},
				"up": {"uv": [0, 0, 16, 16], "texture": "#0"},
				"down": {"uv": [0, 0, 16, 16], "texture": "#0"}
			}
		},
		{
			"from": [4, 15.25, -3.25],
			"to": [12, 17.5, 26.5],
			"faces": {
				"north": {"uv": [0, 0, 4, 8], "texture": "#0"},
				"east": {"uv": [0, 0, 4, 8], "texture": "#0"},
				"south": {"uv": [0, 0, 4, 8], "texture": "#0"},
				"west": {"uv": [0, 0, 4, 8], "texture": "#0"},
				"up": {"uv": [0, 0, 16, 16], "texture": "#0"},
				"down": {"uv": [0, 0, 16, 16], "texture": "#0"}
			}
		},
		{
			"from": [0, 13, 15.75],
			"to": [16, 15.25, 22.75],
			"faces": {
				"north": {"uv": [0, 0, 4, 8], "texture": "#0"},
				"east": {"uv": [0, 0, 7, 2.25], "texture": "#0"},
				"south": {"uv": [0, 0, 16, 2.25], "texture": "#0"},
				"west": {"uv": [0, 0, 7, 2.25], "texture": "#0"},
				"up": {"uv": [0, 0, 16, 16], "texture": "#0"},
				"down": {"uv": [0, 0, 16, 16], "texture": "#0"}
			}
		}
	],
	"display": {
		"head": {
			"scale": [4, 4, 4],
			"translation": [16, 16, 32]
		},
		"gui": {
			"scale": [0.3, 0.3, 0.3],
			"translation": [0, 0, 0],
			"rotation": [25, 66, 0]
		}
	},
	"groups": [0, 1, 2, 3, 4, 5, 6, 7, 8, 9, 10, 11, 12, 13, 14, 15, 16, 17, 18, 19,
		{
			"name": "chair",
			"children": [20, 21]
		},
		{
			"name": "chair",
			"children": [22, 23]
		},
		{
			"name": "steeringwheel",
			"children": [24, 25, 26, 27, 28, 29, 30, 31, 32, 33]
		},
		{
			"name": "group",
			"children": [34, 35, 36, 37, 38]
		}, 39, 40, 41, 42,
		{
			"name": "group",
			"children": [43, 44, 45, 46]
		},
		{
			"name": "group",
			"children": [47, 48, 49, 50]
		}, 51, 52, 53, 54, 55, 56, 57]
}