{
    "__comment": "Model generated using MrCrayfish's Model Creator (http://mrcrayfish.com/modelcreator/)",
    "textures": {
        "0": "items/ammoshotgun"
    },
    "elements": [
        {
            "name": "Shell north",
            "from": [ 8.0, 3.0, 6.0 ], 
            "to": [ 9.0, 7.0, 9.0 ], 
            "faces": {
                "north": { "texture": "#0", "uv": [ 15.0, 0.0, 16.0, 4.0 ] },
                "east": { "texture": "#0", "uv": [ 9.0, 0.0, 10.0, 4.0 ] },
                "south": { "texture": "#0", "uv": [ 15.0, 0.0, 16.0, 4.0 ] },
                "west": { "texture": "#0", "uv": [ 10.0, 0.0, 11.0, 4.0 ] },
                "up": { "texture": "#0", "uv": [ 14.0, 0.0, 15.0, 3.0 ] },
                "down": { "texture": "#0", "uv": [ 14.0, 0.0, 15.0, 3.0 ] }
            }
        },
        {
            "name": "Shell west",
            "from": [ 7.0, 3.0, 7.0 ], 
            "to": [ 10.0, 7.0, 8.0 ], 
            "faces": {
                "north": { "texture": "#0", "uv": [ 11.0, 0.0, 12.0, 4.0 ] },
                "east": { "texture": "#0", "uv": [ 15.0, 0.0, 16.0, 4.0 ] },
                "south": { "texture": "#0", "uv": [ 10.0, 0.0, 11.0, 4.0 ] },
                "west": { "texture": "#0", "uv": [ 15.0, 1.0, 16.0, 5.0 ] },
                "up": { "texture": "#0", "uv": [ 12.0, 1.0, 15.0, 2.0 ] },
                "down": { "texture": "#0", "uv": [ 12.0, 2.0, 15.0, 3.0 ] }
            }
        },
        {
            "name": "Shell Slide1",
            "from": [ 7.2, 3.0, 7.5 ], 
            "to": [ 10.2, 7.0, 8.5 ], 
            "rotation": { "origin": [ 8.0, 8.0, 8.0 ], "axis": "y", "angle": 45.0 },
            "faces": {
                "north": { "texture": "#0", "uv": [ 8.0, 2.0, 9.0, 6.0 ] },
                "east": { "texture": "#0", "uv": [ 15.0, 0.0, 16.0, 4.0 ] },
                "south": { "texture": "#0", "uv": [ 10.0, 0.0, 11.0, 4.0 ] },
                "west": { "texture": "#0", "uv": [ 13.0, 1.0, 14.0, 5.0 ] },
                "up": { "texture": "#0", "uv": [ 12.0, 1.0, 15.0, 2.0 ] },
                "down": { "texture": "#0", "uv": [ 12.0, 2.0, 15.0, 3.0 ] }
            }
        },
        {
            "name": "Shell Slide 2",
            "from": [ 6.5, 3.0, 6.8 ], 
            "to": [ 9.5, 7.0, 7.8 ], 
            "rotation": { "origin": [ 8.0, 8.0, 8.0 ], "axis": "y", "angle": -45.0 },
            "faces": {
                "north": { "texture": "#0", "uv": [ 9.0, 2.0, 10.0, 6.0 ] },
                "east": { "texture": "#0", "uv": [ 15.0, 0.0, 16.0, 4.0 ] },
                "south": { "texture": "#0", "uv": [ 9.0, 1.0, 10.0, 5.0 ] },
                "west": { "texture": "#0", "uv": [ 15.0, 0.0, 16.0, 4.0 ] },
                "up": { "texture": "#0", "uv": [ 12.0, 1.0, 15.0, 2.0 ] },
                "down": { "texture": "#0", "uv": [ 12.0, 2.0, 15.0, 3.0 ] }
            }
        },
        {
            "name": "Cube",
            "from": [ 8.0, 2.0, 6.0 ], 
            "to": [ 9.0, 3.0, 9.0 ], 
            "faces": {
                "north": { "texture": "#0", "uv": [ 6.0, 15.0, 7.0, 16.0 ] },
                "east": { "texture": "#0", "uv": [ 5.0, 15.0, 8.0, 16.0 ] },
                "south": { "texture": "#0", "uv": [ 6.0, 13.0, 7.0, 14.0 ] },
                "west": { "texture": "#0", "uv": [ 5.0, 14.0, 8.0, 15.0 ] },
                "up": { "texture": "#0", "uv": [ 9.0, 13.0, 10.0, 16.0 ] },
                "down": { "texture": "#0", "uv": [ 6.0, 13.0, 7.0, 16.0 ] }
            }
        },
        {
            "name": "Cube",
            "from": [ 7.0, 2.0, 7.0 ], 
            "to": [ 10.0, 3.0, 8.0 ], 
            "faces": {
                "north": { "texture": "#0", "uv": [ 6.0, 11.0, 7.0, 15.0 ] },
                "east": { "texture": "#0", "uv": [ 6.0, 15.0, 7.0, 16.0 ] },
                "south": { "texture": "#0", "uv": [ 8.0, 12.0, 9.0, 16.0 ] },
                "west": { "texture": "#0", "uv": [ 8.0, 15.0, 9.0, 16.0 ] },
                "up": { "texture": "#0", "uv": [ 6.0, 15.0, 9.0, 16.0 ] },
                "down": { "texture": "#0", "uv": [ 8.0, 15.0, 11.0, 16.0 ] }
            }
        },
        {
            "name": "Cube",
            "from": [ 7.2, 2.0, 7.5 ], 
            "to": [ 10.2, 3.0, 8.5 ], 
            "rotation": { "origin": [ 8.0, 8.0, 8.0 ], "axis": "y", "angle": 45.0 },
            "faces": {
                "north": { "texture": "#0", "uv": [ 9.0, 12.0, 10.0, 16.0 ] },
                "east": { "texture": "#0", "uv": [ 6.0, 13.0, 7.0, 14.0 ] },
                "south": { "texture": "#0", "uv": [ 7.0, 15.0, 4.0, 16.0 ] },
                "west": { "texture": "#0", "uv": [ 4.0, 14.0, 5.0, 15.0 ] },
                "up": { "texture": "#0", "uv": [ 7.0, 14.0, 10.0, 15.0 ] },
                "down": { "texture": "#0", "uv": [ 6.0, 14.0, 9.0, 15.0 ] }
            }
        },
        {
            "name": "Cube",
            "from": [ 6.5, 2.0, 6.8 ], 
            "to": [ 9.5, 3.0, 7.8 ], 
            "rotation": { "origin": [ 8.0, 8.0, 8.0 ], "axis": "y", "angle": -45.0 },
            "faces": {
                "north": { "texture": "#0", "uv": [ 5.0, 12.0, 6.0, 16.0 ] },
                "east": { "texture": "#0", "uv": [ 6.0, 13.0, 7.0, 14.0 ] },
                "south": { "texture": "#0", "uv": [ 3.0, 11.0, 4.0, 15.0 ] },
                "west": { "texture": "#0", "uv": [ 7.0, 15.0, 8.0, 16.0 ] },
                "up": { "texture": "#0", "uv": [ 4.0, 15.0, 7.0, 16.0 ] },
                "down": { "texture": "#0", "uv": [ 4.0, 13.0, 7.0, 14.0 ] }
            }
        },
        {
            "name": "Shell 2 up",
            "from": [ 3.0, 1.0, 11.0 ], 
            "to": [ 7.0, 4.0, 12.0 ], 
            "faces": {
                "north": { "texture": "#0", "uv": [ 6.0, 1.0, 10.0, 4.0 ] },
                "east": { "texture": "#0", "uv": [ 10.0, 0.0, 11.0, 3.0 ] },
                "south": { "texture": "#0", "uv": [ 7.0, 1.0, 11.0, 4.0 ] },
                "west": { "texture": "#0", "uv": [ 15.0, 0.0, 16.0, 3.0 ] },
                "up": { "texture": "#0", "uv": [ 12.0, 0.0, 16.0, 1.0 ] },
                "down": { "texture": "#0", "uv": [ 12.0, 0.0, 16.0, 1.0 ] }
            }
        },
        {
            "name": "Shell 2 side",
            "from": [ 3.0, 2.0, 10.0 ], 
            "to": [ 7.0, 3.0, 13.0 ], 
            "faces": {
                "north": { "texture": "#0", "uv": [ 12.0, 0.0, 16.0, 1.0 ] },
                "east": { "texture": "#0", "uv": [ 10.0, 0.0, 13.0, 1.0 ] },
                "south": { "texture": "#0", "uv": [ 12.0, 0.0, 16.0, 1.0 ] },
                "west": { "texture": "#0", "uv": [ 13.0, 0.0, 16.0, 1.0 ] },
                "up": { "texture": "#0", "uv": [ 8.0, 3.0, 12.0, 6.0 ] },
                "down": { "texture": "#0", "uv": [ 7.0, 4.0, 11.0, 7.0 ] }
            }
        },
        {
            "name": "Shell 2 cross 1",
            "from": [ 3.0, 6.1, 12.9 ], 
            "to": [ 7.0, 7.1, 15.9 ], 
            "rotation": { "origin": [ 8.0, 8.0, 8.0 ], "axis": "x", "angle": 45.0 },
            "faces": {
                "north": { "texture": "#0", "uv": [ 12.0, 0.0, 16.0, 1.0 ] },
                "east": { "texture": "#0", "uv": [ 10.0, 0.0, 13.0, 1.0 ] },
                "south": { "texture": "#0", "uv": [ 12.0, 0.0, 16.0, 1.0 ] },
                "west": { "texture": "#0", "uv": [ 13.0, 0.0, 16.0, 1.0 ] },
                "up": { "texture": "#0", "uv": [ 6.0, 1.0, 10.0, 4.0 ] },
                "down": { "texture": "#0", "uv": [ 7.0, 3.0, 11.0, 6.0 ] }
            }
        },
        {
            "name": "Shell 2 Cross 2",
            "from": [ 3.0, 1.0999999999999996, 5.0 ], 
            "to": [ 7.0, 2.0999999999999996, 8.0 ], 
            "rotation": { "origin": [ 8.0, 8.0, 8.0 ], "axis": "x", "angle": -45.0 },
            "faces": {
                "north": { "texture": "#0", "uv": [ 12.0, 0.0, 16.0, 1.0 ] },
                "east": { "texture": "#0", "uv": [ 13.0, 0.0, 16.0, 1.0 ] },
                "south": { "texture": "#0", "uv": [ 12.0, 0.0, 16.0, 1.0 ] },
                "west": { "texture": "#0", "uv": [ 13.0, 0.0, 16.0, 1.0 ] },
                "up": { "texture": "#0", "uv": [ 9.0, 2.0, 13.0, 5.0 ] },
                "down": { "texture": "#0", "uv": [ 7.0, 0.0, 11.0, 3.0 ] }
            }
        },
        {
            "name": "Cube",
            "from": [ 7.0, 1.0, 11.0 ], 
            "to": [ 8.1, 4.0, 12.0 ], 
            "faces": {
                "north": { "texture": "#0", "uv": [ 6.0, 13.0, 7.1, 16.0 ] },
                "east": { "texture": "#0", "uv": [ 2.0, 13.0, 3.0, 16.0 ] },
                "south": { "texture": "#0", "uv": [ 8.0, 13.0, 9.1, 16.0 ] },
                "west": { "texture": "#0", "uv": [ 5.0, 12.0, 6.0, 15.0 ] },
                "up": { "texture": "#0", "uv": [ 4.0, 15.0, 5.1, 16.0 ] },
                "down": { "texture": "#0", "uv": [ 6.0, 15.0, 7.1, 16.0 ] }
            }
        },
        {
            "name": "Cube",
            "from": [ 7.0, 2.0, 10.0 ], 
            "to": [ 8.0, 3.0, 13.0 ], 
            "faces": {
                "north": { "texture": "#0", "uv": [ 9.0, 15.0, 10.0, 16.0 ] },
                "east": { "texture": "#0", "uv": [ 5.0, 15.0, 8.0, 16.0 ] },
                "south": { "texture": "#0", "uv": [ 8.0, 15.0, 9.0, 16.0 ] },
                "west": { "texture": "#0", "uv": [ 5.0, 15.0, 8.0, 16.0 ] },
                "up": { "texture": "#0", "uv": [ 7.0, 13.0, 8.0, 16.0 ] },
                "down": { "texture": "#0", "uv": [ 7.0, 13.0, 8.0, 16.0 ] }
            }
        },
        {
            "name": "Cube",
            "from": [ 7.0, 6.1, 12.9 ], 
            "to": [ 8.0, 7.1, 15.9 ], 
            "rotation": { "origin": [ 8.0, 8.0, 8.0 ], "axis": "x", "angle": 45.0 },
            "faces": {
                "north": { "texture": "#0", "uv": [ 9.0, 14.0, 10.0, 15.0 ] },
                "east": { "texture": "#0", "uv": [ 5.0, 15.0, 8.0, 16.0 ] },
                "south": { "texture": "#0", "uv": [ 5.0, 15.0, 6.0, 16.0 ] },
                "west": { "texture": "#0", "uv": [ 6.0, 15.0, 9.0, 16.0 ] },
                "up": { "texture": "#0", "uv": [ 9.0, 13.0, 10.0, 16.0 ] },
                "down": { "texture": "#0", "uv": [ 9.0, 13.0, 10.0, 16.0 ] }
            }
        },
        {
            "name": "Cube",
            "from": [ 7.0, 1.1, 5.0 ], 
            "to": [ 8.0, 2.1, 8.0 ], 
            "rotation": { "origin": [ 8.0, 8.0, 8.0 ], "axis": "x", "angle": -45.0 },
            "faces": {
                "north": { "texture": "#0", "uv": [ 7.0, 15.0, 8.0, 16.0 ] },
                "east": { "texture": "#0", "uv": [ 5.0, 15.0, 8.0, 16.0 ] },
                "south": { "texture": "#0", "uv": [ 8.0, 15.0, 9.0, 16.0 ] },
                "west": { "texture": "#0", "uv": [ 6.0, 15.0, 9.0, 16.0 ] },
                "up": { "texture": "#0", "uv": [ 8.0, 13.0, 9.0, 16.0 ] },
                "down": { "texture": "#0", "uv": [ 7.0, 13.0, 8.0, 16.0 ] }
            }
        }
    ],
	"display": {
		"thirdperson_righthand": {
			"rotation":  [ -7, -2, -10 ],
			"translation":  [ 0, 0, -2 ],
			"scale":  [ 0.3, 0.3, 0.3]
		},
		"thirdperson_lefthand": {
			"rotation":  [ -7, 1, 11 ],
			"translation":  [ -15, 0, -2 ],
			"scale":  [ 0.3,0.3, 0.3]
		},
		"firstperson_righthand": {
			"rotation":  [ 0, -2, 0 ],
			"translation":  [ 0, 10, 0 ],
			"scale":  [1, 1, 1 ]
		},
		"firstperson_lefthand": {
			"rotation":  [ 0, 0, 0 ],
			"translation":  [ -9, 10, 0 ],
			"scale":  [ 1, 1, 1 ]
		},
		"gui": {
			"rotation":  [ 0, -50, 0 ],
			"translation":  [ 0, 6, 0 ],
			"scale":  [ 1.5, 1.5,  1.5 ]
		},
		"ground": {
			"rotation":  [ 0, 0, -23 ],
			"translation":  [ 3.59, -0.94, 6.05 ],
			"scale":  [ 1, 1, 1 ]
		},
		"fixed": {
			"rotation":  [ -1, 3, -41 ],
			"translation":  [ 12.28, 3.4, 10.39 ],
			"scale":  [ 3.37, 3.37, 3.4 ]
		}
	}
}