{
    "__comment": "Model generated using MrCrayfish's Model Creator (http://mrcrayfish.com/modelcreator/)",
    "textures": {
        "0": "items/ammo556"
    },
    "elements": [
        {
            "name": "Cube",
            "from": [ 7.0, 0.0, 5.0 ], 
            "to": [ 7.3, 10.0, 12.0 ], 
            "faces": {
                "north": { "texture": "#0", "uv": [ 4.0, 9.0, 4.3, 13.0 ] },
                "east": { "texture": "#0", "uv": [ 3.0, 9.0, 10.0, 13.0 ] },
                "south": { "texture": "#0", "uv": [ 2.0, 9.0, 2.3, 14.0 ] },
                "west": { "texture": "#0", "uv": [ 1.0, 12.0, 8.0, 16.0 ] },
                "up": { "texture": "#0", "uv": [ 3.0, 9.0, 3.3, 9.0 ] },
                "down": { "texture": "#0", "uv": [ 4.0, 10.0, 4.3, 11.0 ] }
            }
        },
        {
            "name": "Cube",
            "from": [ 10.0, 0.0, 5.0 ], 
            "to": [ 10.3, 10.0, 12.0 ], 
            "faces": {
                "north": { "texture": "#0", "uv": [ 4.0, 9.0, 4.3, 12.0 ] },
                "east": { "texture": "#0", "uv": [ 2.0, 12.0, 9.0, 14.0 ] },
                "south": { "texture": "#0", "uv": [ 2.0, 9.0, 2.3, 12.0 ] },
                "west": { "texture": "#0", "uv": [ 4.0, 9.0, 11.0, 19.0 ] },
                "up": { "texture": "#0", "uv": [ 3.0, 9.0, 3.3, 12.0 ] },
                "down": { "texture": "#0", "uv": [ 4.0, 10.0, 4.3, 12.0 ] }
            }
        },
        {
            "name": "Bullet",
            "from": [ 8.8, 8.0, 7.0 ], 
            "to": [ 9.8, 9.0, 11.0 ], 
            "faces": {
                "north": { "texture": "#0", "uv": [ 1.0, 1.0, 2.0, 2.0 ] },
                "east": { "texture": "#0", "uv": [ 0.0, 1.0, 4.0, 2.0 ] },
                "south": { "texture": "#0", "uv": [ 1.0, 1.0, 2.0, 2.0 ] },
                "west": { "texture": "#0", "uv": [ 0.0, 1.0, 4.0, 2.0 ] },
                "up": { "texture": "#0", "uv": [ 3.0, 1.0, 4.0, 3.0 ] },
                "down": { "texture": "#0", "uv": [ 2.0, 0.0, 3.0, 3.0 ] }
            }
        },
        {
            "name": "Cube",
            "from": [ 8.8, 7.0, 7.0 ], 
            "to": [ 9.8, 8.0, 11.0 ], 
            "rotation": { "origin": [ 8.0, 8.0, 8.0 ], "axis": "z", "angle": 45.0 },
            "faces": {
                "north": { "texture": "#0", "uv": [ 1.0, 1.0, 2.0, 2.0 ] },
                "east": { "texture": "#0", "uv": [ 0.0, 1.0, 4.0, 2.0 ] },
                "south": { "texture": "#0", "uv": [ 1.0, 1.0, 2.0, 2.0 ] },
                "west": { "texture": "#0", "uv": [ 0.0, 1.0, 4.0, 2.0 ] },
                "up": { "texture": "#0", "uv": [ 3.0, 1.0, 4.0, 3.0 ] },
                "down": { "texture": "#0", "uv": [ 2.0, 0.0, 3.0, 3.0 ] }
            }
        },
        {
            "name": "Cube",
            "from": [ 8.8, 9.0, 7.0 ], 
            "to": [ 9.8, 10.0, 11.0 ], 
            "rotation": { "origin": [ 8.0, 8.0, 8.0 ], "axis": "z", "angle": 45.0 },
            "faces": {
                "north": { "texture": "#0", "uv": [ 1.0, 1.0, 2.0, 2.0 ] },
                "east": { "texture": "#0", "uv": [ 0.0, 1.0, 4.0, 2.0 ] },
                "south": { "texture": "#0", "uv": [ 1.0, 1.0, 2.0, 2.0 ] },
                "west": { "texture": "#0", "uv": [ 0.0, 1.0, 4.0, 2.0 ] },
                "up": { "texture": "#0", "uv": [ 3.0, 1.0, 4.0, 3.0 ] },
                "down": { "texture": "#0", "uv": [ 2.0, 0.0, 3.0, 3.0 ] }
            }
        },
        {
            "name": "Cube",
            "from": [ 7.4, 9.5, 7.0 ], 
            "to": [ 8.4, 10.5, 11.0 ], 
            "faces": {
                "north": { "texture": "#0", "uv": [ 1.0, 1.0, 2.0, 2.0 ] },
                "east": { "texture": "#0", "uv": [ 0.0, 1.0, 4.0, 2.0 ] },
                "south": { "texture": "#0", "uv": [ 1.0, 1.0, 2.0, 2.0 ] },
                "west": { "texture": "#0", "uv": [ 0.0, 1.0, 4.0, 2.0 ] },
                "up": { "texture": "#0", "uv": [ 3.0, 1.0, 4.0, 3.0 ] },
                "down": { "texture": "#0", "uv": [ 2.0, 0.0, 3.0, 3.0 ] }
            }
        },
        {
            "name": "front",
            "from": [ 7.0, 0.0, 5.0 ], 
            "to": [ 10.0, 10.0, 5.3 ], 
            "faces": {
                "north": { "texture": "#0", "uv": [ 4.0, 9.0, 7.0, 12.0 ] },
                "east": { "texture": "#0", "uv": [ 3.0, 9.0, 3.3, 14.0 ] },
                "south": { "texture": "#0", "uv": [ 2.0, 9.0, 5.0, 19.0 ] },
                "west": { "texture": "#0", "uv": [ 4.0, 9.0, 4.3, 13.0 ] },
                "up": { "texture": "#0", "uv": [ 3.0, 9.0, 6.0, 7.300000000000001 ] },
                "down": { "texture": "#0", "uv": [ 4.0, 10.0, 7.0, 4.300000000000001 ] }
            }
        },
        {
            "name": "Cube",
            "from": [ 7.0, 0.0, 12.0 ], 
            "to": [ 10.0, 10.0, 12.3 ], 
            "faces": {
                "north": { "texture": "#0", "uv": [ 4.0, 9.0, 7.0, 19.0 ] },
                "east": { "texture": "#0", "uv": [ 3.0, 9.0, 3.3, 13.0 ] },
                "south": { "texture": "#0", "uv": [ 2.0, 9.0, 5.0, 13.0 ] },
                "west": { "texture": "#0", "uv": [ 4.0, 9.0, 4.3, 12.0 ] },
                "up": { "texture": "#0", "uv": [ 3.0, 9.0, 6.0, 6.300000000000001 ] },
                "down": { "texture": "#0", "uv": [ 4.0, 10.0, 7.0, 9.3 ] }
            }
        },
        {
            "name": "bottom",
            "from": [ 7.3, 0.0, 5.1 ], 
            "to": [ 10.1, 1.0, 11.899999999999999 ], 
            "faces": {
                "north": { "texture": "#0", "uv": [ 4.0, 9.0, 6.8, 10.0 ] },
                "east": { "texture": "#0", "uv": [ 3.0, 9.0, 3.3, 13.0 ] },
                "south": { "texture": "#0", "uv": [ 2.0, 9.0, 5.0, 13.0 ] },
                "west": { "texture": "#0", "uv": [ 4.0, 9.0, 4.3, 12.0 ] },
                "up": { "texture": "#0", "uv": [ 3.0, 9.0, 5.8, 9.8 ] },
                "down": { "texture": "#0", "uv": [ 4.0, 10.0, 6.8, 10.8 ] }
            }
        },
        {
            "name": "Cube",
            "from": [ 6.800000000000001, 7.0, 7.0 ], 
            "to": [ 7.800000000000001, 8.0, 11.0 ], 
            "rotation": { "origin": [ 8.0, 8.0, 8.0 ], "axis": "z", "angle": 45.0 },
            "faces": {
                "north": { "texture": "#0", "uv": [ 1.0, 1.0, 2.0, 2.0 ] },
                "east": { "texture": "#0", "uv": [ 0.0, 1.0, 4.0, 2.0 ] },
                "south": { "texture": "#0", "uv": [ 1.0, 1.0, 2.0, 2.0 ] },
                "west": { "texture": "#0", "uv": [ 0.0, 1.0, 4.0, 2.0 ] },
                "up": { "texture": "#0", "uv": [ 3.0, 1.0, 4.0, 3.0 ] },
                "down": { "texture": "#0", "uv": [ 2.0, 0.0, 3.0, 3.0 ] }
            }
        },
        {
            "name": "Cube",
            "from": [ 7.4, 6.7, 7.0 ], 
            "to": [ 8.4, 7.7, 11.0 ], 
            "faces": {
                "north": { "texture": "#0", "uv": [ 1.0, 1.0, 2.0, 2.0 ] },
                "east": { "texture": "#0", "uv": [ 0.0, 1.0, 4.0, 2.0 ] },
                "south": { "texture": "#0", "uv": [ 1.0, 1.0, 2.0, 2.0 ] },
                "west": { "texture": "#0", "uv": [ 0.0, 1.0, 4.0, 2.0 ] },
                "up": { "texture": "#0", "uv": [ 3.0, 1.0, 4.0, 3.0 ] },
                "down": { "texture": "#0", "uv": [ 2.0, 0.0, 3.0, 3.0 ] }
            }
        }
    ],
	"display": {
		"thirdperson_righthand": {
			"rotation":  [ -7, -2, -10 ],
			"translation":  [ 0, 0, -2 ],
			"scale":  [ 1, 1, 1]
		},
		"thirdperson_lefthand": {
			"rotation":  [ -7, 1, 11 ],
			"translation":  [ -15, 0, -2 ],
			"scale":  [ 1,1, 1]
		},
		"firstperson_righthand": {
			"rotation":  [ 0, -2, 0 ],
			"translation":  [ 0, 3, 0 ],
			"scale":  [1, 1, 1 ]
		},
		"firstperson_lefthand": {
			"rotation":  [ 0, 0, 0 ],
			"translation":  [ -9, 3, 0 ],
			"scale":  [ 1, 1, 1 ]
		},
		"gui": {
			"rotation":  [ 0, -50, 0 ],
			"translation":  [ 0, 1, 0 ],
			"scale":  [ 1, 1,  1 ]
		},
		"ground": {
			"rotation":  [ 0, 0, -23 ],
			"translation":  [ 3.59, -0.94, 6.05 ],
			"scale":  [ 1, 1, 1 ]
		},
		"fixed": {
			"rotation":  [ -1, 3, -41 ],
			"translation":  [ 12.28, 3.4, 10.39 ],
			"scale":  [ 3.37, 3.37, 3.4 ]
		}
	}
}