{
    "__comment": "Model generated using MrCrayfish's Model Creator (http://mrcrayfish.com/modelcreator/)",
    "textures": {
        "0": "items/ammobrass"
    },
    "elements": [
        {
            "name": "Cube",
            "from": [ 7.0, 0.0, 7.0 ], 
            "to": [ 9.0, 12.0, 9.0 ], 
            "faces": {
                "north": { "texture": "#0", "uv": [ 0.0, 0.0, 2.0, 12.0 ] },
                "east": { "texture": "#0", "uv": [ 0.0, 0.0, 2.0, 12.0 ] },
                "south": { "texture": "#0", "uv": [ 0.0, 0.0, 2.0, 12.0 ] },
                "west": { "texture": "#0", "uv": [ 0.0, 0.0, 2.0, 12.0 ] },
                "up": { "texture": "#0", "uv": [ 0.0, 0.0, 2.0, 2.0 ] },
                "down": { "texture": "#0", "uv": [ 0.0, 0.0, 2.0, 2.0 ] }
            }
        },
        {
            "name": "RcketHead1",
            "from": [ 7.0, 11.0, 6.0 ], 
            "to": [ 9.0, 14.0, 8.0 ], 
            "rotation": { "origin": [ 8.0, 8.0, 8.0 ], "axis": "x", "angle": 22.5 },
            "faces": {
                "north": { "texture": "#0", "uv": [ 14.0, 13.0, 16.0, 16.0 ] },
                "east": { "texture": "#0", "uv": [ 14.0, 6.0, 16.0, 9.0 ] },
                "south": { "texture": "#0", "uv": [ 14.0, 13.0, 16.0, 16.0 ] },
                "west": { "texture": "#0", "uv": [ 14.0, 13.0, 16.0, 16.0 ] },
                "up": { "texture": "#0", "uv": [ 14.0, 14.0, 16.0, 16.0 ] },
                "down": { "texture": "#0", "uv": [ 14.0, 14.0, 16.0, 16.0 ] }
            }
        },
        {
            "name": "Cube",
            "from": [ 7.0, 11.0, 8.0 ], 
            "to": [ 9.0, 14.0, 10.0 ], 
            "rotation": { "origin": [ 8.0, 8.0, 8.0 ], "axis": "x", "angle": -22.5 },
            "faces": {
                "north": { "texture": "#0", "uv": [ 14.0, 13.0, 16.0, 16.0 ] },
                "east": { "texture": "#0", "uv": [ 14.0, 6.0, 16.0, 9.0 ] },
                "south": { "texture": "#0", "uv": [ 14.0, 13.0, 16.0, 16.0 ] },
                "west": { "texture": "#0", "uv": [ 14.0, 13.0, 16.0, 16.0 ] },
                "up": { "texture": "#0", "uv": [ 14.0, 14.0, 16.0, 16.0 ] },
                "down": { "texture": "#0", "uv": [ 14.0, 14.0, 16.0, 16.0 ] }
            }
        },
        {
            "name": "Cube",
            "from": [ 8.0, 11.0, 7.0 ], 
            "to": [ 10.0, 14.0, 9.0 ], 
            "rotation": { "origin": [ 8.0, 8.0, 8.0 ], "axis": "z", "angle": 22.5 },
            "faces": {
                "north": { "texture": "#0", "uv": [ 14.0, 13.0, 16.0, 16.0 ] },
                "east": { "texture": "#0", "uv": [ 14.0, 6.0, 16.0, 9.0 ] },
                "south": { "texture": "#0", "uv": [ 14.0, 13.0, 16.0, 16.0 ] },
                "west": { "texture": "#0", "uv": [ 14.0, 13.0, 16.0, 16.0 ] },
                "up": { "texture": "#0", "uv": [ 14.0, 14.0, 16.0, 16.0 ] },
                "down": { "texture": "#0", "uv": [ 14.0, 14.0, 16.0, 16.0 ] }
            }
        },
        {
            "name": "Cube",
            "from": [ 6.0, 11.0, 7.0 ], 
            "to": [ 8.0, 14.0, 9.0 ], 
            "rotation": { "origin": [ 8.0, 8.0, 8.0 ], "axis": "z", "angle": -22.5 },
            "faces": {
                "north": { "texture": "#0", "uv": [ 14.0, 13.0, 16.0, 16.0 ] },
                "east": { "texture": "#0", "uv": [ 14.0, 6.0, 16.0, 9.0 ] },
                "south": { "texture": "#0", "uv": [ 14.0, 13.0, 16.0, 16.0 ] },
                "west": { "texture": "#0", "uv": [ 14.0, 13.0, 16.0, 16.0 ] },
                "up": { "texture": "#0", "uv": [ 14.0, 14.0, 16.0, 16.0 ] },
                "down": { "texture": "#0", "uv": [ 14.0, 14.0, 16.0, 16.0 ] }
            }
        },
        {
            "name": "RocketHead",
            "from": [ 10.0, 12.0, 7.0 ], 
            "to": [ 12.0, 15.0, 9.0 ], 
            "rotation": { "origin": [ 8.0, 8.0, 8.0 ], "axis": "z", "angle": 22.5 },
            "faces": {
                "north": { "texture": "#0", "uv": [ 14.0, 13.0, 16.0, 16.0 ] },
                "east": { "texture": "#0", "uv": [ 14.0, 6.0, 16.0, 9.0 ] },
                "south": { "texture": "#0", "uv": [ 14.0, 13.0, 16.0, 16.0 ] },
                "west": { "texture": "#0", "uv": [ 14.0, 13.0, 16.0, 16.0 ] },
                "up": { "texture": "#0", "uv": [ 14.0, 14.0, 16.0, 16.0 ] },
                "down": { "texture": "#0", "uv": [ 14.0, 14.0, 16.0, 16.0 ] }
            }
        },
        {
            "name": "Cube",
            "from": [ 4.0, 12.0, 7.0 ], 
            "to": [ 6.0, 15.0, 9.0 ], 
            "rotation": { "origin": [ 8.0, 8.0, 8.0 ], "axis": "z", "angle": -22.5 },
            "faces": {
                "north": { "texture": "#0", "uv": [ 14.0, 13.0, 16.0, 16.0 ] },
                "east": { "texture": "#0", "uv": [ 14.0, 6.0, 16.0, 9.0 ] },
                "south": { "texture": "#0", "uv": [ 14.0, 13.0, 16.0, 16.0 ] },
                "west": { "texture": "#0", "uv": [ 14.0, 13.0, 16.0, 16.0 ] },
                "up": { "texture": "#0", "uv": [ 14.0, 14.0, 16.0, 16.0 ] },
                "down": { "texture": "#0", "uv": [ 14.0, 14.0, 16.0, 16.0 ] }
            }
        },
        {
            "name": "Cube",
            "from": [ 7.0, 12.0, 4.0 ], 
            "to": [ 9.0, 15.0, 6.0 ], 
            "rotation": { "origin": [ 8.0, 8.0, 8.0 ], "axis": "x", "angle": 22.5 },
            "faces": {
                "north": { "texture": "#0", "uv": [ 14.0, 13.0, 16.0, 16.0 ] },
                "east": { "texture": "#0", "uv": [ 14.0, 6.0, 16.0, 9.0 ] },
                "south": { "texture": "#0", "uv": [ 14.0, 13.0, 16.0, 16.0 ] },
                "west": { "texture": "#0", "uv": [ 14.0, 13.0, 16.0, 16.0 ] },
                "up": { "texture": "#0", "uv": [ 14.0, 14.0, 16.0, 16.0 ] },
                "down": { "texture": "#0", "uv": [ 14.0, 14.0, 16.0, 16.0 ] }
            }
        },
        {
            "name": "Cube",
            "from": [ 7.0, 12.0, 10.0 ], 
            "to": [ 9.0, 15.0, 12.0 ], 
            "rotation": { "origin": [ 8.0, 8.0, 8.0 ], "axis": "x", "angle": -22.5 },
            "faces": {
                "north": { "texture": "#0", "uv": [ 14.0, 13.0, 16.0, 16.0 ] },
                "east": { "texture": "#0", "uv": [ 14.0, 6.0, 16.0, 9.0 ] },
                "south": { "texture": "#0", "uv": [ 14.0, 13.0, 16.0, 16.0 ] },
                "west": { "texture": "#0", "uv": [ 14.0, 13.0, 16.0, 16.0 ] },
                "up": { "texture": "#0", "uv": [ 14.0, 14.0, 16.0, 16.0 ] },
                "down": { "texture": "#0", "uv": [ 14.0, 14.0, 16.0, 16.0 ] }
            }
        },
        {
            "name": "Cube",
            "from": [ 7.5, 16.0, 7.5 ], 
            "to": [ 8.5, 18.0, 8.5 ], 
            "faces": {
                "north": { "texture": "#0", "uv": [ 15.0, 0.0, 16.0, 2.0 ] },
                "east": { "texture": "#0", "uv": [ 14.0, 0.0, 15.0, 2.0 ] },
                "south": { "texture": "#0", "uv": [ 15.0, 0.0, 16.0, 2.0 ] },
                "west": { "texture": "#0", "uv": [ 13.0, 0.0, 14.0, 2.0 ] },
                "up": { "texture": "#0", "uv": [ 14.0, 0.0, 15.0, 1.0 ] },
                "down": { "texture": "#0", "uv": [ 15.0, 1.0, 16.0, 2.0 ] }
            }
        },
        {
            "name": "Cube",
            "from": [ 7.5, 16.0, 7.5 ], 
            "to": [ 8.5, 18.0, 8.5 ], 
            "rotation": { "origin": [ 8.0, 8.0, 8.0 ], "axis": "y", "angle": 45.0 },
            "faces": {
                "north": { "texture": "#0", "uv": [ 15.0, 0.0, 16.0, 2.0 ] },
                "east": { "texture": "#0", "uv": [ 14.0, 0.0, 15.0, 2.0 ] },
                "south": { "texture": "#0", "uv": [ 15.0, 0.0, 16.0, 2.0 ] },
                "west": { "texture": "#0", "uv": [ 13.0, 0.0, 14.0, 2.0 ] },
                "up": { "texture": "#0", "uv": [ 14.0, 0.0, 15.0, 1.0 ] },
                "down": { "texture": "#0", "uv": [ 15.0, 1.0, 16.0, 2.0 ] }
            }
        },
        {
            "name": "Baseturn'",
            "from": [ 7.0, 0.0, 7.0 ], 
            "to": [ 9.0, 12.0, 9.0 ], 
            "rotation": { "origin": [ 8.0, 8.0, 8.0 ], "axis": "y", "angle": 45.0 },
            "faces": {
                "north": { "texture": "#0", "uv": [ 0.0, 0.0, 2.0, 12.0 ] },
                "east": { "texture": "#0", "uv": [ 0.0, 0.0, 2.0, 12.0 ] },
                "south": { "texture": "#0", "uv": [ 0.0, 0.0, 2.0, 12.0 ] },
                "west": { "texture": "#0", "uv": [ 0.0, 0.0, 2.0, 12.0 ] },
                "up": { "texture": "#0", "uv": [ 0.0, 0.0, 2.0, 2.0 ] },
                "down": { "texture": "#0", "uv": [ 0.0, 0.0, 2.0, 2.0 ] }
            }
        },
        {
            "name": "Rocketfin",
            "from": [ 5.0, 0.0, 7.5 ], 
            "to": [ 7.0, 2.0, 8.5 ], 
            "faces": {
                "north": { "texture": "#0", "uv": [ 9.0, 9.0, 11.0, 11.0 ] },
                "east": { "texture": "#0", "uv": [ 11.0, 7.0, 12.0, 9.0 ] },
                "south": { "texture": "#0", "uv": [ 11.0, 6.0, 13.0, 8.0 ] },
                "west": { "texture": "#0", "uv": [ 8.0, 11.0, 9.0, 13.0 ] },
                "up": { "texture": "#0", "uv": [ 10.0, 8.0, 12.0, 9.0 ] },
                "down": { "texture": "#0", "uv": [ 10.0, 9.0, 12.0, 10.0 ] }
            }
        },
        {
            "name": "Cube",
            "from": [ 9.0, 0.0, 7.5 ], 
            "to": [ 11.0, 2.0, 8.5 ], 
            "faces": {
                "north": { "texture": "#0", "uv": [ 9.0, 9.0, 11.0, 11.0 ] },
                "east": { "texture": "#0", "uv": [ 11.0, 7.0, 12.0, 9.0 ] },
                "south": { "texture": "#0", "uv": [ 11.0, 6.0, 13.0, 8.0 ] },
                "west": { "texture": "#0", "uv": [ 8.0, 11.0, 9.0, 13.0 ] },
                "up": { "texture": "#0", "uv": [ 10.0, 8.0, 12.0, 9.0 ] },
                "down": { "texture": "#0", "uv": [ 10.0, 9.0, 12.0, 10.0 ] }
            }
        },
        {
            "name": "Cube",
            "from": [ 7.5, 0.0, 5.0 ], 
            "to": [ 8.5, 2.0, 7.0 ], 
            "faces": {
                "north": { "texture": "#0", "uv": [ 9.0, 9.0, 10.0, 11.0 ] },
                "east": { "texture": "#0", "uv": [ 11.0, 7.0, 13.0, 9.0 ] },
                "south": { "texture": "#0", "uv": [ 11.0, 6.0, 12.0, 8.0 ] },
                "west": { "texture": "#0", "uv": [ 8.0, 11.0, 10.0, 13.0 ] },
                "up": { "texture": "#0", "uv": [ 10.0, 8.0, 11.0, 10.0 ] },
                "down": { "texture": "#0", "uv": [ 10.0, 9.0, 11.0, 11.0 ] }
            }
        },
        {
            "name": "Cube",
            "from": [ 7.5, 0.0, 9.0 ], 
            "to": [ 8.5, 2.0, 11.0 ], 
            "faces": {
                "north": { "texture": "#0", "uv": [ 9.0, 9.0, 10.0, 11.0 ] },
                "east": { "texture": "#0", "uv": [ 11.0, 7.0, 13.0, 9.0 ] },
                "south": { "texture": "#0", "uv": [ 11.0, 6.0, 12.0, 8.0 ] },
                "west": { "texture": "#0", "uv": [ 8.0, 11.0, 10.0, 13.0 ] },
                "up": { "texture": "#0", "uv": [ 10.0, 8.0, 11.0, 10.0 ] },
                "down": { "texture": "#0", "uv": [ 10.0, 9.0, 11.0, 11.0 ] }
            }
        }
    ],
	"display": {
		"thirdperson_righthand": {
			"rotation":  [ -7, -2, -10 ],
			"translation":  [ 0, 0, -2 ],
			"scale":  [ 1, 1, 1]
		},
		"thirdperson_lefthand": {
			"rotation":  [ -7, 1, 11 ],
			"translation":  [ -15, 0, -2 ],
			"scale":  [ 1,1, 1]
		},
		"firstperson_righthand": {
			"rotation":  [ 0, -2, 0 ],
			"translation":  [ 0, 3, 0 ],
			"scale":  [1, 1, 1 ]
		},
		"firstperson_lefthand": {
			"rotation":  [ 0, 0, 0 ],
			"translation":  [ -9, 3, 0 ],
			"scale":  [ 1, 1, 1 ]
		},
		"gui": {
			"rotation":  [ 0, -50, 0 ],
			"translation":  [ 0, 1, 0 ],
			"scale":  [ 0.7, 0.7,  0.7 ]
		},
		"ground": {
			"rotation":  [ 0, 0, -23 ],
			"translation":  [ 3.59, -0.94, 6.05 ],
			"scale":  [ 1, 1, 1 ]
		},
		"fixed": {
			"rotation":  [ -1, 3, -41 ],
			"translation":  [ 12.28, 3.4, 10.39 ],
			"scale":  [ 3.37, 3.37, 3.4 ]
		}
	}
}