{
	"credit": "Made with Blockbench, a free, modern block model editor by JannisX11",
	"textures": {
		"1": "items/dragunov",
		"particle": "items/dragunov"
	},
	"elements": [
		{
			"name": "Cube",
			"from": [7.25, 3.75, 7],
			"to": [8.75, 4, 13],
			"faces": {
				"north": {"uv": [0, 12, 2, 14], "texture": "#1"},
				"east": {"uv": [0, 14, 4, 16], "texture": "#1"},
				"south": {"uv": [1, 13, 3, 15], "texture": "#1"},
				"west": {"uv": [0, 14, 4, 16], "texture": "#1"},
				"up": {"uv": [0, 16, 2, 13], "texture": "#1"},
				"down": {"uv": [1, 14, 3, 12], "texture": "#1"}
			},
			"type": "cube"
		},
		{
			"name": "Cube",
			"from": [7, 2, 7],
			"to": [9, 3.75, 13],
			"faces": {
				"north": {"uv": [0, 12, 2, 14], "texture": "#1"},
				"east": {"uv": [0, 14, 4, 16], "texture": "#1"},
				"south": {"uv": [1, 13, 3, 15], "texture": "#1"},
				"west": {"uv": [0, 14, 4, 16], "texture": "#1"},
				"up": {"uv": [0, 16, 2, 13], "texture": "#1"},
				"down": {"uv": [1, 14, 3, 12], "texture": "#1"}
			},
			"type": "cube"
		},
		{
			"name": "ReloadBit",
			"from": [9, 3, 9],
			"to": [9.1, 3.5, 12],
			"faces": {
				"north": {
					"uv": [15, 2, 15.1, 2.5],
					"texture": "#1"
				},
				"east": {"uv": [13, 1, 16, 1.5], "texture": "#1"},
				"south": {
					"uv": [13, 2, 13.1, 2.5],
					"texture": "#1"
				},
				"west": {"uv": [14, 2, 17, 2.5], "texture": "#1"},
				"up": {"uv": [14, 2, 14.1, 5], "texture": "#1"},
				"down": {"uv": [14, 1, 14.1, 4], "texture": "#1"}
			},
			"type": "cube"
		},
		{
			"name": "nob",
			"from": [9, 3, 11],
			"to": [9.5, 3.5, 11.5],
			"faces": {
				"north": {
					"uv": [15, 6, 15.5, 6.5],
					"texture": "#1"
				},
				"east": {"uv": [13, 7, 13.5, 7.5], "texture": "#1"},
				"south": {
					"uv": [14, 6, 14.5, 6.5],
					"texture": "#1"
				},
				"west": {"uv": [14, 6, 14.5, 6.5], "texture": "#1"},
				"up": {"uv": [14, 7, 14.5, 7.5], "texture": "#1"},
				"down": {"uv": [14, 5, 14.5, 5.5], "texture": "#1"}
			},
			"type": "cube"
		},
		{
			"name": "Cube",
			"from": [7.35, 2.5, 2],
			"to": [8.65, 4, 7],
			"faces": {
				"north": {"uv": [8, 6, 9.8, 8], "texture": "#1"},
				"east": {"uv": [8, 6, 9.8, 8], "texture": "#1"},
				"south": {"uv": [8, 6, 9.8, 8], "texture": "#1"},
				"west": {"uv": [8, 6, 9.8, 8], "texture": "#1"},
				"up": {"uv": [9, 1, 10.8, 3], "texture": "#1"},
				"down": {"uv": [8, 6, 9.8, 8], "texture": "#1"}
			},
			"type": "cube"
		},
		{
			"name": "Cube",
			"from": [7.25, 3, 2.8],
			"to": [7.35, 3.4, 3.5999999999999996],
			"faces": {
				"north": {
					"uv": [10, 13, 10.1, 13.4],
					"texture": "#1"
				},
				"east": {"uv": [9, 14, 11, 16], "texture": "#1"},
				"south": {
					"uv": [9, 14, 9.1, 14.4],
					"texture": "#1"
				},
				"west": {"uv": [9, 14, 11, 16], "texture": "#1"},
				"up": {"uv": [9, 13, 10.8, 15], "texture": "#1"},
				"down": {"uv": [9, 13, 10.8, 15], "texture": "#1"}
			},
			"type": "cube"
		},
		{
			"name": "bottmwood",
			"from": [7.1, 2.5, 2.5],
			"to": [8.9, 3, 5],
			"faces": {
				"north": {"uv": [8, 6, 9.8, 7.5], "texture": "#1"},
				"east": {"uv": [9, 1, 11, 3], "texture": "#1"},
				"south": {
					"uv": [10, 5, 11.8, 6.5],
					"texture": "#1"
				},
				"west": {"uv": [8, 0, 10, 2], "texture": "#1"},
				"up": {"uv": [8, 6, 9.8, 8], "texture": "#1"},
				"down": {"uv": [9, 5, 10.8, 7], "texture": "#1"}
			},
			"type": "cube"
		},
		{
			"name": "bottmwood",
			"from": [7.1, 3, 5.75],
			"to": [8.9, 3.25, 7],
			"faces": {
				"north": {"uv": [8, 1, 11.8, 3.5], "texture": "#1"},
				"east": {"uv": [9, 1, 11, 3], "texture": "#1"},
				"south": {
					"uv": [10, 5, 11.8, 6.5],
					"texture": "#1"
				},
				"west": {"uv": [10, 1, 12, 3], "texture": "#1"},
				"up": {"uv": [8, 6, 9.8, 8], "texture": "#1"},
				"down": {"uv": [9, 5, 10.8, 7], "texture": "#1"}
			},
			"type": "cube"
		},
		{
			"name": "bottmwood",
			"from": [7.1, 2.5, 1.75],
			"to": [8.9, 3.75, 2.5],
			"faces": {
				"north": {"uv": [8, 1, 11.8, 3.5], "texture": "#1"},
				"east": {"uv": [9, 1, 11, 3], "texture": "#1"},
				"south": {
					"uv": [10, 5, 11.8, 6.5],
					"texture": "#1"
				},
				"west": {"uv": [9, 0, 11, 2], "texture": "#1"},
				"up": {"uv": [8, 6, 9.8, 8], "texture": "#1"},
				"down": {"uv": [9, 5, 10.8, 7], "texture": "#1"}
			},
			"type": "cube"
		},
		{
			"name": "bottmwood",
			"from": [7.1, 3.25, 2.5],
			"to": [8.9, 3.75, 7],
			"faces": {
				"north": {"uv": [8, 6, 9.8, 7.5], "texture": "#1"},
				"east": {"uv": [9, 1, 11, 3], "texture": "#1"},
				"south": {
					"uv": [10, 5, 11.8, 6.5],
					"texture": "#1"
				},
				"west": {"uv": [9, 1, 11, 3], "texture": "#1"},
				"up": {"uv": [8, 6, 9.8, 8], "texture": "#1"},
				"down": {"uv": [9, 5, 10.8, 7], "texture": "#1"}
			},
			"type": "cube"
		},
		{
			"name": "bottmwood",
			"from": [7.1, 2, 4.75],
			"to": [8.9, 3, 7],
			"faces": {
				"north": {"uv": [9, 0, 11, 2], "texture": "#1"},
				"east": {"uv": [9, 0, 11, 2], "texture": "#1"},
				"south": {"uv": [9, 0, 11, 2], "texture": "#1"},
				"west": {"uv": [9, 0, 11, 2], "texture": "#1"},
				"up": {"uv": [9, 0, 11, 2], "texture": "#1"},
				"down": {"uv": [9, 0, 11, 2], "texture": "#1"}
			},
			"type": "cube"
		},
		{
			"name": "bottmwood",
			"from": [7.35, 1.75, 5],
			"to": [8.65, 3.5, 7],
			"faces": {
				"north": {"uv": [8, 6, 9.8, 7.5], "texture": "#1"},
				"east": {"uv": [9, 5, 11, 7], "texture": "#1"},
				"south": {
					"uv": [10, 5, 11.8, 6.5],
					"texture": "#1"
				},
				"west": {"uv": [9, 5, 11, 7], "texture": "#1"},
				"up": {"uv": [8, 6, 9.8, 8], "texture": "#1"},
				"down": {"uv": [9, 5, 10.8, 7], "texture": "#1"}
			},
			"type": "cube"
		},
		{
			"name": "Cube",
			"from": [7.25, 3, 3.8],
			"to": [7.35, 3.4, 4.6],
			"faces": {
				"north": {
					"uv": [10, 13, 10.1, 13.4],
					"texture": "#1"
				},
				"east": {"uv": [9, 14, 11, 16], "texture": "#1"},
				"south": {
					"uv": [9, 14, 9.1, 14.4],
					"texture": "#1"
				},
				"west": {"uv": [9, 14, 11, 16], "texture": "#1"},
				"up": {"uv": [9, 13, 10.8, 15], "texture": "#1"},
				"down": {"uv": [9, 13, 10.8, 15], "texture": "#1"}
			},
			"type": "cube"
		},
		{
			"name": "Cube",
			"from": [7.25, 3, 4.8],
			"to": [7.35, 3.4, 5.6],
			"faces": {
				"north": {
					"uv": [10, 13, 10.1, 13.4],
					"texture": "#1"
				},
				"east": {"uv": [9, 14, 11, 16], "texture": "#1"},
				"south": {
					"uv": [9, 14, 9.1, 14.4],
					"texture": "#1"
				},
				"west": {"uv": [9, 14, 11, 16], "texture": "#1"},
				"up": {"uv": [9, 13, 10.8, 15], "texture": "#1"},
				"down": {"uv": [9, 13, 10.8, 15], "texture": "#1"}
			},
			"type": "cube"
		},
		{
			"name": "Cube",
			"from": [8.65, 3, 4.8],
			"to": [8.75, 3.4, 5.6],
			"faces": {
				"north": {
					"uv": [10, 13, 10.1, 13.4],
					"texture": "#1"
				},
				"east": {"uv": [9, 14, 11, 16], "texture": "#1"},
				"south": {
					"uv": [9, 14, 9.1, 14.4],
					"texture": "#1"
				},
				"west": {"uv": [9, 14, 11, 16], "texture": "#1"},
				"up": {"uv": [9, 13, 10.8, 15], "texture": "#1"},
				"down": {"uv": [9, 13, 10.8, 15], "texture": "#1"}
			},
			"type": "cube"
		},
		{
			"name": "Cube",
			"from": [8.65, 3, 3.8],
			"to": [8.75, 3.4, 4.6],
			"faces": {
				"north": {
					"uv": [10, 13, 10.1, 13.4],
					"texture": "#1"
				},
				"east": {"uv": [9, 14, 11, 16], "texture": "#1"},
				"south": {
					"uv": [9, 14, 9.1, 14.4],
					"texture": "#1"
				},
				"west": {"uv": [9, 14, 11, 16], "texture": "#1"},
				"up": {"uv": [9, 13, 10.8, 15], "texture": "#1"},
				"down": {"uv": [9, 13, 10.8, 15], "texture": "#1"}
			},
			"type": "cube"
		},
		{
			"name": "Cube",
			"from": [8.65, 3, 2.8],
			"to": [8.75, 3.4, 3.5999999999999996],
			"faces": {
				"north": {
					"uv": [10, 13, 10.1, 13.4],
					"texture": "#1"
				},
				"east": {"uv": [9, 14, 11, 16], "texture": "#1"},
				"south": {
					"uv": [9, 14, 9.1, 14.4],
					"texture": "#1"
				},
				"west": {"uv": [9, 14, 11, 16], "texture": "#1"},
				"up": {"uv": [9, 13, 10.8, 15], "texture": "#1"},
				"down": {"uv": [9, 13, 10.8, 15], "texture": "#1"}
			},
			"type": "cube"
		},
		{
			"name": "NobFor",
			"from": [7.8, 4, 5.4],
			"to": [8.3, 4.2, 7.2],
			"faces": {
				"north": {
					"uv": [10, 13, 10.5, 13.2],
					"texture": "#1"
				},
				"east": {"uv": [9, 14, 11, 16], "texture": "#1"},
				"south": {
					"uv": [9, 14, 9.5, 14.2],
					"texture": "#1"
				},
				"west": {"uv": [9, 14, 11, 16], "texture": "#1"},
				"up": {"uv": [9, 13, 10.8, 15], "texture": "#1"},
				"down": {"uv": [9, 13, 10.8, 15], "texture": "#1"}
			},
			"type": "cube"
		},
		{
			"name": "nuzzle",
			"from": [7.65, 2.95, -4.6],
			"to": [8.450000000000001, 3.2, 2.200000000000001],
			"faces": {
				"north": {
					"uv": [10, 13, 10.5, 13.7],
					"texture": "#1"
				},
				"east": {"uv": [9, 14, 11, 16], "texture": "#1"},
				"south": {
					"uv": [9, 14, 9.5, 14.7],
					"texture": "#1"
				},
				"west": {"uv": [9, 14, 11, 16], "texture": "#1"},
				"up": {"uv": [9, 13, 10.8, 15], "texture": "#1"},
				"down": {"uv": [9, 13, 10.8, 15], "texture": "#1"}
			},
			"rotation": {
				"origin": [8.05, 3.05, -4],
				"axis": "z",
				"angle": 45
			},
			"type": "cube"
		},
		{
			"name": "nuzzle",
			"from": [7.65, 2.95, -4.6],
			"to": [8.450000000000001, 3.2, 2.200000000000001],
			"faces": {
				"north": {
					"uv": [10, 13, 10.5, 13.7],
					"texture": "#1"
				},
				"east": {"uv": [9, 14, 11, 16], "texture": "#1"},
				"south": {
					"uv": [9, 14, 9.5, 14.7],
					"texture": "#1"
				},
				"west": {"uv": [9, 14, 11, 16], "texture": "#1"},
				"up": {"uv": [9, 13, 10.8, 15], "texture": "#1"},
				"down": {"uv": [9, 13, 10.8, 15], "texture": "#1"}
			},
			"rotation": {
				"origin": [8.05, 3.05, -4],
				"axis": "z",
				"angle": -45
			},
			"type": "cube"
		},
		{
			"name": "nuzzle",
			"from": [7.65, 2.95, -4.6],
			"to": [8.450000000000001, 3.2, 2.200000000000001],
			"faces": {
				"north": {
					"uv": [10, 13, 10.5, 13.7],
					"texture": "#1"
				},
				"east": {"uv": [9, 14, 11, 16], "texture": "#1"},
				"south": {
					"uv": [9, 14, 9.5, 14.7],
					"texture": "#1"
				},
				"west": {"uv": [9, 14, 11, 16], "texture": "#1"},
				"up": {"uv": [9, 13, 10.8, 15], "texture": "#1"},
				"down": {"uv": [9, 13, 10.8, 15], "texture": "#1"}
			},
			"rotation": {
				"origin": [8.05, 3.05, -4],
				"axis": "z",
				"angle": -22.5
			},
			"type": "cube"
		},
		{
			"name": "nuzzle",
			"from": [7.65, 2.95, -4.6],
			"to": [8.450000000000001, 3.2, 2.200000000000001],
			"faces": {
				"north": {
					"uv": [10, 13, 10.5, 13.7],
					"texture": "#1"
				},
				"east": {"uv": [9, 14, 11, 16], "texture": "#1"},
				"south": {
					"uv": [9, 14, 9.5, 14.7],
					"texture": "#1"
				},
				"west": {"uv": [9, 14, 11, 16], "texture": "#1"},
				"up": {"uv": [9, 13, 10.8, 15], "texture": "#1"},
				"down": {"uv": [9, 13, 10.8, 15], "texture": "#1"}
			},
			"rotation": {
				"origin": [8.05, 3.05, -4],
				"axis": "z",
				"angle": 22.5
			},
			"type": "cube"
		},
		{
			"name": "nuzzle",
			"from": [7.65, 2.95, -4.6],
			"to": [8.450000000000001, 3.2, 2.200000000000001],
			"faces": {
				"north": {
					"uv": [10, 13, 10.5, 13.7],
					"texture": "#1"
				},
				"east": {"uv": [9, 14, 11, 16], "texture": "#1"},
				"south": {
					"uv": [9, 14, 9.5, 14.7],
					"texture": "#1"
				},
				"west": {"uv": [9, 14, 11, 16], "texture": "#1"},
				"up": {"uv": [9, 13, 10.8, 15], "texture": "#1"},
				"down": {"uv": [9, 13, 10.8, 15], "texture": "#1"}
			},
			"rotation": {
				"origin": [8.05, 3.05, -4],
				"axis": "y",
				"angle": 0
			},
			"type": "cube"
		},
		{
			"name": "nuzzle",
			"from": [7.9, 2.7, -4.6],
			"to": [8.200000000000001, 3.45, 2.200000000000001],
			"faces": {
				"north": {
					"uv": [10, 13, 10.5, 13.7],
					"texture": "#1"
				},
				"east": {"uv": [9, 14, 11, 16], "texture": "#1"},
				"south": {
					"uv": [9, 14, 9.5, 14.7],
					"texture": "#1"
				},
				"west": {"uv": [9, 14, 11, 16], "texture": "#1"},
				"up": {"uv": [9, 13, 10.8, 15], "texture": "#1"},
				"down": {"uv": [9, 13, 10.8, 15], "texture": "#1"}
			},
			"type": "cube"
		},
		{
			"name": "Cube",
			"from": [7.8, 3.7, -0.5999999999999996],
			"to": [8.3, 3.9000000000000004, 2.200000000000001],
			"faces": {
				"north": {
					"uv": [10, 13, 10.5, 13.2],
					"texture": "#1"
				},
				"east": {"uv": [9, 14, 11, 16], "texture": "#1"},
				"south": {
					"uv": [9, 14, 9.5, 14.2],
					"texture": "#1"
				},
				"west": {"uv": [9, 14, 11, 16], "texture": "#1"},
				"up": {"uv": [9, 13, 10.8, 15], "texture": "#1"},
				"down": {"uv": [9, 13, 10.8, 15], "texture": "#1"}
			},
			"type": "cube"
		},
		{
			"name": "Cube",
			"from": [7.8, 3.7, -0.5999999999999996],
			"to": [8.3, 3.2, -0.19999999999999962],
			"faces": {
				"north": {
					"uv": [10, 13, 10.5, 12.5],
					"texture": "#1"
				},
				"east": {"uv": [9, 14, 11, 16], "texture": "#1"},
				"south": {
					"uv": [9, 14, 9.5, 13.5],
					"texture": "#1"
				},
				"west": {"uv": [9, 14, 11, 16], "texture": "#1"},
				"up": {"uv": [9, 13, 10.8, 15], "texture": "#1"},
				"down": {"uv": [9, 13, 10.8, 15], "texture": "#1"}
			},
			"type": "cube"
		},
		{
			"name": "mag",
			"from": [7.1, -0.2999999999999998, 7.4],
			"to": [8.9, 2.7, 9.9],
			"faces": {
				"north": {
					"uv": [10, 13, 11.8, 16],
					"texture": "#1"
				},
				"east": {"uv": [9, 13, 11, 15], "texture": "#1"},
				"south": {"uv": [9, 13, 10.8, 16], "texture": "#1"},
				"west": {"uv": [9, 14, 11, 16], "texture": "#1"},
				"up": {"uv": [9, 13, 10.8, 15], "texture": "#1"},
				"down": {"uv": [9, 13, 10.8, 15], "texture": "#1"}
			},
			"type": "cube"
		},
		{
			"name": "handle",
			"from": [7.35, -2.3, 10.9],
			"to": [8.65, 1.5, 11.15],
			"faces": {
				"north": {
					"uv": [10, 4, 11.8, 7.8],
					"texture": "#1"
				},
				"east": {"uv": [9, 5, 11, 7], "texture": "#1"},
				"south": {"uv": [9, 4, 10.8, 7.8], "texture": "#1"},
				"west": {"uv": [9, 5, 11, 7], "texture": "#1"},
				"up": {"uv": [10, 5, 11.8, 7], "texture": "#1"},
				"down": {"uv": [10, 5, 11.8, 7], "texture": "#1"}
			},
			"rotation": {
				"origin": [8, 8, 8],
				"axis": "x",
				"angle": -22.5
			},
			"type": "cube"
		},
		{
			"name": "handle",
			"from": [7.1, -2.3, 9.4],
			"to": [8.9, 1.5, 10.9],
			"faces": {
				"north": {
					"uv": [10, 4, 11.8, 7.8],
					"texture": "#1"
				},
				"east": {"uv": [9, 5, 11, 7], "texture": "#1"},
				"south": {"uv": [9, 4, 10.8, 7.8], "texture": "#1"},
				"west": {"uv": [9, 5, 11, 7], "texture": "#1"},
				"up": {"uv": [10, 5, 11.8, 7], "texture": "#1"},
				"down": {"uv": [10, 5, 11.8, 7], "texture": "#1"}
			},
			"rotation": {
				"origin": [8, 8, 8],
				"axis": "x",
				"angle": -22.5
			},
			"type": "cube"
		},
		{
			"name": "Cube",
			"from": [7.1, -0.2999999999999998, 13.4],
			"to": [8.9, 0.5, 18.9],
			"faces": {
				"north": {
					"uv": [10, 5, 11.8, 5.8],
					"texture": "#1"
				},
				"east": {"uv": [9, 5, 11, 7], "texture": "#1"},
				"south": {"uv": [9, 5, 10.8, 5.8], "texture": "#1"},
				"west": {"uv": [9, 5, 11, 7], "texture": "#1"},
				"up": {"uv": [10, 5, 11.8, 7], "texture": "#1"},
				"down": {"uv": [10, 5, 11.8, 7], "texture": "#1"}
			},
			"type": "cube"
		},
		{
			"name": "Cube",
			"from": [7.35, 3.45, 12.4],
			"to": [8.65, 3.750000000000001, 20.9],
			"faces": {
				"north": {
					"uv": [10, 5, 11.8, 5.8],
					"texture": "#1"
				},
				"east": {"uv": [9, 5, 11, 7], "texture": "#1"},
				"south": {"uv": [9, 5, 10.8, 5.8], "texture": "#1"},
				"west": {"uv": [9, 5, 11, 7], "texture": "#1"},
				"up": {"uv": [10, 5, 11.8, 7], "texture": "#1"},
				"down": {"uv": [10, 5, 11.8, 7], "texture": "#1"}
			},
			"type": "cube"
		},
		{
			"name": "Cube",
			"from": [7.1, 2.7, 12.4],
			"to": [8.9, 3.5, 19.9],
			"faces": {
				"north": {
					"uv": [10, 5, 11.8, 5.8],
					"texture": "#1"
				},
				"east": {"uv": [9, 5, 11, 7], "texture": "#1"},
				"south": {"uv": [9, 5, 10.8, 5.8], "texture": "#1"},
				"west": {"uv": [9, 5, 11, 7], "texture": "#1"},
				"up": {"uv": [10, 5, 11.8, 7], "texture": "#1"},
				"down": {"uv": [10, 5, 11.8, 7], "texture": "#1"}
			},
			"type": "cube"
		},
		{
			"name": "Cube",
			"from": [7.1, -0.2999999999999998, 16.4],
			"to": [8.9, 3.5, 18.9],
			"faces": {
				"north": {
					"uv": [10, 4, 11.8, 7.8],
					"texture": "#1"
				},
				"east": {"uv": [9, 5, 11, 7], "texture": "#1"},
				"south": {"uv": [9, 4, 10.8, 7.8], "texture": "#1"},
				"west": {"uv": [9, 5, 11, 7], "texture": "#1"},
				"up": {"uv": [10, 5, 11.8, 7], "texture": "#1"},
				"down": {"uv": [10, 5, 11.8, 7], "texture": "#1"}
			},
			"type": "cube"
		},
		{
			"name": "Cube",
			"from": [7.1, -0.2999999999999998, 18.4],
			"to": [8.9, 1.5, 19.9],
			"faces": {
				"north": {
					"uv": [10, 5, 11.8, 6.8],
					"texture": "#1"
				},
				"east": {"uv": [9, 5, 11, 7], "texture": "#1"},
				"south": {"uv": [9, 5, 10.8, 6.8], "texture": "#1"},
				"west": {"uv": [9, 5, 11, 7], "texture": "#1"},
				"up": {"uv": [10, 5, 11.8, 7], "texture": "#1"},
				"down": {"uv": [10, 5, 11.8, 7], "texture": "#1"}
			},
			"type": "cube"
		},
		{
			"name": "Cube",
			"from": [7.1, -0.2999999999999998, 19.8],
			"to": [8.9, 3.5, 21],
			"faces": {
				"north": {"uv": [9, 4, 10.8, 7.8], "texture": "#1"},
				"east": {"uv": [9, 5, 11, 7], "texture": "#1"},
				"south": {"uv": [9, 4, 10.8, 7.8], "texture": "#1"},
				"west": {"uv": [9, 5, 11, 7], "texture": "#1"},
				"up": {"uv": [10, 4, 8.8, 6], "texture": "#1"},
				"down": {"uv": [10, 5, 11.8, 7], "texture": "#1"}
			},
			"type": "cube"
		},
		{
			"name": "leffsidereload",
			"from": [6.9, 3, 9],
			"to": [7, 3.5, 12],
			"faces": {
				"north": {
					"uv": [10, 14, 10.1, 14.5],
					"texture": "#1"
				},
				"east": {"uv": [8, 15, 11, 15.5], "texture": "#1"},
				"south": {
					"uv": [8, 13, 8.1, 13.5],
					"texture": "#1"
				},
				"west": {"uv": [9, 13, 12, 13.5], "texture": "#1"},
				"up": {"uv": [10, 13, 10.1, 16], "texture": "#1"},
				"down": {"uv": [10, 12, 10.1, 15], "texture": "#1"}
			},
			"type": "cube"
		},
		{
			"name": "MAG-GROVE-START",
			"from": [7, -0.3, 9.6],
			"to": [7.1, 1.9999999999999998, 9.799999999999999],
			"faces": {
				"north": {
					"uv": [5, 13, 5.1, 15.3],
					"texture": "#1"
				},
				"east": {"uv": [7, 15, 7.2, 15.3], "texture": "#1"},
				"south": {
					"uv": [7, 13, 7.1, 15.3],
					"texture": "#1"
				},
				"west": {"uv": [6, 13, 6.2, 15.3], "texture": "#1"},
				"up": {"uv": [6, 14, 6.1, 14.2], "texture": "#1"},
				"down": {"uv": [6, 13, 6.1, 13.2], "texture": "#1"}
			},
			"type": "cube"
		},
		{
			"name": "Cube",
			"from": [7, -0.3, 9],
			"to": [7.1, 1.9999999999999998, 9.2],
			"faces": {
				"north": {
					"uv": [5, 13, 5.1, 15.3],
					"texture": "#1"
				},
				"east": {"uv": [7, 15, 7.2, 15.3], "texture": "#1"},
				"south": {
					"uv": [7, 13, 7.1, 15.3],
					"texture": "#1"
				},
				"west": {"uv": [6, 13, 6.2, 15.3], "texture": "#1"},
				"up": {"uv": [6, 14, 6.1, 14.2], "texture": "#1"},
				"down": {"uv": [6, 13, 6.1, 13.2], "texture": "#1"}
			},
			"type": "cube"
		},
		{
			"name": "Cube",
			"from": [7, -0.3, 8.4],
			"to": [7.1, 1.9999999999999998, 8.6],
			"faces": {
				"north": {
					"uv": [5, 13, 5.1, 15.3],
					"texture": "#1"
				},
				"east": {"uv": [7, 15, 7.2, 15.3], "texture": "#1"},
				"south": {
					"uv": [7, 13, 7.1, 15.3],
					"texture": "#1"
				},
				"west": {"uv": [6, 13, 6.2, 15.3], "texture": "#1"},
				"up": {"uv": [6, 14, 6.1, 14.2], "texture": "#1"},
				"down": {"uv": [6, 13, 6.1, 13.2], "texture": "#1"}
			},
			"type": "cube"
		},
		{
			"name": "GROVE-LEFT-END",
			"from": [7, -0.3, 7.8],
			"to": [7.1, 1.9999999999999998, 8],
			"faces": {
				"north": {
					"uv": [5, 13, 5.1, 15.3],
					"texture": "#1"
				},
				"east": {"uv": [7, 15, 7.2, 15.3], "texture": "#1"},
				"south": {
					"uv": [7, 13, 7.1, 15.3],
					"texture": "#1"
				},
				"west": {"uv": [6, 13, 6.2, 15.3], "texture": "#1"},
				"up": {"uv": [6, 14, 6.1, 14.2], "texture": "#1"},
				"down": {"uv": [6, 13, 6.1, 13.2], "texture": "#1"}
			},
			"type": "cube"
		},
		{
			"name": "MAG-GROVE-RIGHt-START",
			"from": [8.9, -0.3, 7.8],
			"to": [9, 1.9999999999999998, 8],
			"faces": {
				"north": {
					"uv": [5, 13, 5.1, 15.3],
					"texture": "#1"
				},
				"east": {"uv": [7, 15, 7.2, 15.3], "texture": "#1"},
				"south": {
					"uv": [7, 13, 7.1, 15.3],
					"texture": "#1"
				},
				"west": {"uv": [6, 13, 6.2, 15.3], "texture": "#1"},
				"up": {"uv": [6, 14, 6.1, 14.2], "texture": "#1"},
				"down": {"uv": [6, 13, 6.1, 13.2], "texture": "#1"}
			},
			"type": "cube"
		},
		{
			"name": "Cube",
			"from": [8.9, -0.3, 8.4],
			"to": [9, 1.9999999999999998, 8.6],
			"faces": {
				"north": {
					"uv": [5, 13, 5.1, 15.3],
					"texture": "#1"
				},
				"east": {"uv": [7, 15, 7.2, 15.3], "texture": "#1"},
				"south": {
					"uv": [7, 13, 7.1, 15.3],
					"texture": "#1"
				},
				"west": {"uv": [6, 13, 6.2, 15.3], "texture": "#1"},
				"up": {"uv": [6, 14, 6.1, 14.2], "texture": "#1"},
				"down": {"uv": [6, 13, 6.1, 13.2], "texture": "#1"}
			},
			"type": "cube"
		},
		{
			"name": "Cube",
			"from": [8.9, -0.3, 9],
			"to": [9, 1.9999999999999998, 9.2],
			"faces": {
				"north": {
					"uv": [5, 13, 5.1, 15.3],
					"texture": "#1"
				},
				"east": {"uv": [7, 15, 7.2, 15.3], "texture": "#1"},
				"south": {
					"uv": [7, 13, 7.1, 15.3],
					"texture": "#1"
				},
				"west": {"uv": [6, 13, 6.2, 15.3], "texture": "#1"},
				"up": {"uv": [6, 14, 6.1, 14.2], "texture": "#1"},
				"down": {"uv": [6, 13, 6.1, 13.2], "texture": "#1"}
			},
			"type": "cube"
		},
		{
			"name": "RIGHT_GROVE_END",
			"from": [8.9, -0.3, 9.5],
			"to": [9, 1.9999999999999998, 9.7],
			"faces": {
				"north": {
					"uv": [5, 13, 5.1, 15.3],
					"texture": "#1"
				},
				"east": {"uv": [7, 15, 7.2, 15.3], "texture": "#1"},
				"south": {
					"uv": [7, 13, 7.1, 15.3],
					"texture": "#1"
				},
				"west": {"uv": [6, 13, 6.2, 15.3], "texture": "#1"},
				"up": {"uv": [6, 14, 6.1, 14.2], "texture": "#1"},
				"down": {"uv": [6, 13, 6.1, 13.2], "texture": "#1"}
			},
			"type": "cube"
		},
		{
			"name": "SightBottom",
			"from": [7.75, 4.5, 7],
			"to": [8.25, 4.6, 13],
			"faces": {
				"north": {"uv": [0, 12, 1, 12.1], "texture": "#1"},
				"east": {"uv": [0, 14, 4, 16], "texture": "#1"},
				"south": {"uv": [1, 13, 2, 13.1], "texture": "#1"},
				"west": {"uv": [0, 14, 4, 16], "texture": "#1"},
				"up": {"uv": [0, 16, 2, 13], "texture": "#1"},
				"down": {"uv": [1, 14, 3, 12], "texture": "#1"}
			},
			"rotation": {
				"origin": [8, 5.5, 8],
				"axis": "z",
				"angle": -22.5
			},
			"type": "cube"
		},
		{
			"name": "SightBottom",
			"from": [7, 5.25, 7],
			"to": [7.1, 5.75, 13],
			"faces": {
				"north": {
					"uv": [0, 12, 1, 12.1],
					"texture": "#1",
					"rotation": 270
				},
				"east": {
					"uv": [0, 16, 2, 13],
					"texture": "#1",
					"rotation": 90
				},
				"south": {
					"uv": [1, 13, 2, 13.1],
					"texture": "#1",
					"rotation": 90
				},
				"west": {
					"uv": [1, 14, 3, 12],
					"texture": "#1",
					"rotation": 90
				},
				"up": {
					"uv": [0, 14, 4, 16],
					"texture": "#1",
					"rotation": 90
				},
				"down": {
					"uv": [0, 14, 4, 16],
					"texture": "#1",
					"rotation": 90
				}
			},
			"rotation": {
				"origin": [8, 5.5, 8],
				"axis": "z",
				"angle": 45
			},
			"type": "cube"
		},
		{
			"name": "SightBottom",
			"from": [7, 5.25, 7],
			"to": [7.1, 5.75, 13],
			"faces": {
				"north": {
					"uv": [0, 12, 1, 12.1],
					"texture": "#1",
					"rotation": 270
				},
				"east": {
					"uv": [0, 16, 2, 13],
					"texture": "#1",
					"rotation": 90
				},
				"south": {
					"uv": [1, 13, 2, 13.1],
					"texture": "#1",
					"rotation": 90
				},
				"west": {
					"uv": [1, 14, 3, 12],
					"texture": "#1",
					"rotation": 90
				},
				"up": {
					"uv": [0, 14, 4, 16],
					"texture": "#1",
					"rotation": 90
				},
				"down": {
					"uv": [0, 14, 4, 16],
					"texture": "#1",
					"rotation": 90
				}
			},
			"rotation": {
				"origin": [8, 5.5, 8],
				"axis": "z",
				"angle": 22.5
			},
			"type": "cube"
		},
		{
			"name": "SightBottom",
			"from": [7, 5.25, 7],
			"to": [7.1, 5.75, 13],
			"faces": {
				"north": {
					"uv": [0, 12, 1, 12.1],
					"texture": "#1",
					"rotation": 270
				},
				"east": {
					"uv": [0, 16, 2, 13],
					"texture": "#1",
					"rotation": 90
				},
				"south": {
					"uv": [1, 13, 2, 13.1],
					"texture": "#1",
					"rotation": 90
				},
				"west": {
					"uv": [1, 14, 3, 12],
					"texture": "#1",
					"rotation": 90
				},
				"up": {
					"uv": [0, 14, 4, 16],
					"texture": "#1",
					"rotation": 90
				},
				"down": {
					"uv": [0, 14, 4, 16],
					"texture": "#1",
					"rotation": 90
				}
			},
			"rotation": {
				"origin": [8, 5.5, 8],
				"axis": "z",
				"angle": 0
			},
			"type": "cube"
		},
		{
			"name": "SightBottom",
			"from": [7, 5.25, 7],
			"to": [7.1, 5.75, 13],
			"faces": {
				"north": {
					"uv": [0, 12, 1, 12.1],
					"texture": "#1",
					"rotation": 270
				},
				"east": {
					"uv": [0, 16, 2, 13],
					"texture": "#1",
					"rotation": 90
				},
				"south": {
					"uv": [1, 13, 2, 13.1],
					"texture": "#1",
					"rotation": 90
				},
				"west": {
					"uv": [1, 14, 3, 12],
					"texture": "#1",
					"rotation": 90
				},
				"up": {
					"uv": [0, 14, 4, 16],
					"texture": "#1",
					"rotation": 90
				},
				"down": {
					"uv": [0, 14, 4, 16],
					"texture": "#1",
					"rotation": 90
				}
			},
			"rotation": {
				"origin": [8, 5.5, 8],
				"axis": "z",
				"angle": -22.5
			},
			"type": "cube"
		},
		{
			"name": "SightBottom",
			"from": [7.75, 6.4, 7],
			"to": [8.25, 6.5, 13],
			"faces": {
				"north": {
					"uv": [0, 12, 1, 12.1],
					"texture": "#1",
					"rotation": 180
				},
				"east": {
					"uv": [0, 14, 4, 16],
					"texture": "#1",
					"rotation": 180
				},
				"south": {
					"uv": [1, 13, 2, 13.1],
					"texture": "#1",
					"rotation": 180
				},
				"west": {
					"uv": [0, 14, 4, 16],
					"texture": "#1",
					"rotation": 180
				},
				"up": {
					"uv": [1, 14, 3, 12],
					"texture": "#1",
					"rotation": 180
				},
				"down": {
					"uv": [0, 16, 2, 13],
					"texture": "#1",
					"rotation": 180
				}
			},
			"rotation": {
				"origin": [8, 5.5, 8],
				"axis": "z",
				"angle": 45
			},
			"type": "cube"
		},
		{
			"name": "SightBottom",
			"from": [7.75, 6.4, 7],
			"to": [8.25, 6.5, 13],
			"faces": {
				"north": {
					"uv": [0, 12, 1, 12.1],
					"texture": "#1",
					"rotation": 180
				},
				"east": {
					"uv": [0, 14, 4, 16],
					"texture": "#1",
					"rotation": 180
				},
				"south": {
					"uv": [1, 13, 2, 13.1],
					"texture": "#1",
					"rotation": 180
				},
				"west": {
					"uv": [0, 14, 4, 16],
					"texture": "#1",
					"rotation": 180
				},
				"up": {
					"uv": [1, 14, 3, 12],
					"texture": "#1",
					"rotation": 180
				},
				"down": {
					"uv": [0, 16, 2, 13],
					"texture": "#1",
					"rotation": 180
				}
			},
			"rotation": {
				"origin": [8, 5.5, 8],
				"axis": "z",
				"angle": 22.5
			},
			"type": "cube"
		},
		{
			"name": "SightBottom",
			"from": [7.75, 6.4, 7],
			"to": [8.25, 6.5, 13],
			"faces": {
				"north": {
					"uv": [0, 12, 1, 12.1],
					"texture": "#1",
					"rotation": 180
				},
				"east": {
					"uv": [0, 14, 4, 16],
					"texture": "#1",
					"rotation": 180
				},
				"south": {
					"uv": [1, 13, 2, 13.1],
					"texture": "#1",
					"rotation": 180
				},
				"west": {
					"uv": [0, 14, 4, 16],
					"texture": "#1",
					"rotation": 180
				},
				"up": {
					"uv": [1, 14, 3, 12],
					"texture": "#1",
					"rotation": 180
				},
				"down": {
					"uv": [0, 16, 2, 13],
					"texture": "#1",
					"rotation": 180
				}
			},
			"rotation": {
				"origin": [8, 5.5, 8],
				"axis": "z",
				"angle": 0
			},
			"type": "cube"
		},
		{
			"name": "SightBottom",
			"from": [7.75, 6.4, 7],
			"to": [8.25, 6.5, 13],
			"faces": {
				"north": {
					"uv": [0, 12, 1, 12.1],
					"texture": "#1",
					"rotation": 180
				},
				"east": {
					"uv": [0, 14, 4, 16],
					"texture": "#1",
					"rotation": 180
				},
				"south": {
					"uv": [1, 13, 2, 13.1],
					"texture": "#1",
					"rotation": 180
				},
				"west": {
					"uv": [0, 14, 4, 16],
					"texture": "#1",
					"rotation": 180
				},
				"up": {
					"uv": [1, 14, 3, 12],
					"texture": "#1",
					"rotation": 180
				},
				"down": {
					"uv": [0, 16, 2, 13],
					"texture": "#1",
					"rotation": 180
				}
			},
			"rotation": {
				"origin": [8, 5.5, 8],
				"axis": "z",
				"angle": -22.5
			},
			"type": "cube"
		},
		{
			"name": "SightBottom",
			"from": [8.9, 5.25, 7],
			"to": [9, 5.75, 13],
			"faces": {
				"north": {
					"uv": [0, 12, 1, 12.1],
					"texture": "#1",
					"rotation": 90
				},
				"east": {
					"uv": [1, 14, 3, 12],
					"texture": "#1",
					"rotation": 270
				},
				"south": {
					"uv": [1, 13, 2, 13.1],
					"texture": "#1",
					"rotation": 270
				},
				"west": {
					"uv": [0, 16, 2, 13],
					"texture": "#1",
					"rotation": 270
				},
				"up": {
					"uv": [0, 14, 4, 16],
					"texture": "#1",
					"rotation": 270
				},
				"down": {
					"uv": [0, 14, 4, 16],
					"texture": "#1",
					"rotation": 270
				}
			},
			"rotation": {
				"origin": [8, 5.5, 8],
				"axis": "z",
				"angle": 45
			},
			"type": "cube"
		},
		{
			"name": "SightBottom",
			"from": [8.9, 5.25, 7],
			"to": [9, 5.75, 13],
			"faces": {
				"north": {
					"uv": [0, 12, 1, 12.1],
					"texture": "#1",
					"rotation": 90
				},
				"east": {
					"uv": [1, 14, 3, 12],
					"texture": "#1",
					"rotation": 270
				},
				"south": {
					"uv": [1, 13, 2, 13.1],
					"texture": "#1",
					"rotation": 270
				},
				"west": {
					"uv": [0, 16, 2, 13],
					"texture": "#1",
					"rotation": 270
				},
				"up": {
					"uv": [0, 14, 4, 16],
					"texture": "#1",
					"rotation": 270
				},
				"down": {
					"uv": [0, 14, 4, 16],
					"texture": "#1",
					"rotation": 270
				}
			},
			"rotation": {
				"origin": [8, 5.5, 8],
				"axis": "z",
				"angle": 22.5
			},
			"type": "cube"
		},
		{
			"name": "SightBottom",
			"from": [8.9, 5.25, 7],
			"to": [9, 5.75, 13],
			"faces": {
				"north": {
					"uv": [0, 12, 1, 12.1],
					"texture": "#1",
					"rotation": 90
				},
				"east": {
					"uv": [1, 14, 3, 12],
					"texture": "#1",
					"rotation": 270
				},
				"south": {
					"uv": [1, 13, 2, 13.1],
					"texture": "#1",
					"rotation": 270
				},
				"west": {
					"uv": [0, 16, 2, 13],
					"texture": "#1",
					"rotation": 270
				},
				"up": {
					"uv": [0, 14, 4, 16],
					"texture": "#1",
					"rotation": 270
				},
				"down": {
					"uv": [0, 14, 4, 16],
					"texture": "#1",
					"rotation": 270
				}
			},
			"rotation": {
				"origin": [8, 5.5, 8],
				"axis": "z",
				"angle": 0
			},
			"type": "cube"
		},
		{
			"name": "SightBottom",
			"from": [8.9, 5.25, 7],
			"to": [9, 5.75, 13],
			"faces": {
				"north": {
					"uv": [0, 12, 1, 12.1],
					"texture": "#1",
					"rotation": 90
				},
				"east": {
					"uv": [1, 14, 3, 12],
					"texture": "#1",
					"rotation": 270
				},
				"south": {
					"uv": [1, 13, 2, 13.1],
					"texture": "#1",
					"rotation": 270
				},
				"west": {
					"uv": [0, 16, 2, 13],
					"texture": "#1",
					"rotation": 270
				},
				"up": {
					"uv": [0, 14, 4, 16],
					"texture": "#1",
					"rotation": 270
				},
				"down": {
					"uv": [0, 14, 4, 16],
					"texture": "#1",
					"rotation": 270
				}
			},
			"rotation": {
				"origin": [8, 5.5, 8],
				"axis": "z",
				"angle": -22.5
			},
			"type": "cube"
		},
		{
			"name": "SightBottom",
			"from": [7.75, 4.5, 7],
			"to": [8.25, 4.6, 13],
			"faces": {
				"north": {"uv": [0, 12, 1, 12.1], "texture": "#1"},
				"east": {"uv": [0, 14, 4, 16], "texture": "#1"},
				"south": {"uv": [1, 13, 2, 13.1], "texture": "#1"},
				"west": {"uv": [0, 14, 4, 16], "texture": "#1"},
				"up": {"uv": [0, 16, 2, 13], "texture": "#1"},
				"down": {"uv": [1, 14, 3, 12], "texture": "#1"}
			},
			"rotation": {
				"origin": [8, 5.5, 8],
				"axis": "z",
				"angle": 45
			},
			"type": "cube"
		},
		{
			"name": "SightBottom",
			"from": [7.75, 4.5, 7],
			"to": [8.25, 4.6, 13],
			"faces": {
				"north": {"uv": [0, 12, 1, 12.1], "texture": "#1"},
				"east": {"uv": [0, 14, 4, 16], "texture": "#1"},
				"south": {"uv": [1, 13, 2, 13.1], "texture": "#1"},
				"west": {"uv": [0, 14, 4, 16], "texture": "#1"},
				"up": {"uv": [0, 16, 2, 13], "texture": "#1"},
				"down": {"uv": [1, 14, 3, 12], "texture": "#1"}
			},
			"rotation": {
				"origin": [8, 5.5, 8],
				"axis": "z",
				"angle": 22.5
			},
			"type": "cube"
		},
		{
			"name": "PartOfCross",
			"from": [8.174999999999999, 5.5, 7],
			"to": [8.975, 5.6, 7],
			"faces": {
				"north": {"uv": [0, 12, 1, 12.1], "texture": "#1"},
				"east": {"uv": [0, 14, 4, 16], "texture": "#1"},
				"south": {"uv": [1, 13, 2, 13.1], "texture": "#1"},
				"west": {"uv": [0, 14, 4, 16], "texture": "#1"},
				"up": {"uv": [0, 16, 2, 13], "texture": "#1"},
				"down": {"uv": [1, 14, 3, 12], "texture": "#1"}
			},
			"rotation": {
				"origin": [9.25, 5.5, 8],
				"axis": "y",
				"angle": 0
			},
			"type": "cube"
		},
		{
			"name": "PartOfCross",
			"from": [7, 5.5, 7],
			"to": [7.850000000000001, 5.6, 7],
			"faces": {
				"north": {"uv": [0, 12, 1, 12.1], "texture": "#1"},
				"east": {"uv": [0, 14, 4, 16], "texture": "#1"},
				"south": {"uv": [1, 13, 2, 13.1], "texture": "#1"},
				"west": {"uv": [0, 14, 4, 16], "texture": "#1"},
				"up": {"uv": [0, 16, 2, 13], "texture": "#1"},
				"down": {"uv": [1, 14, 3, 12], "texture": "#1"}
			},
			"rotation": {
				"origin": [8, 5.5, 8],
				"axis": "y",
				"angle": 0
			},
			"type": "cube"
		},
		{
			"name": "PartOfCross",
			"from": [7.925, 4.5, 7],
			"to": [8.025, 5.35, 7],
			"faces": {
				"north": {"uv": [0, 12, 1, 12.1], "texture": "#1"},
				"east": {"uv": [0, 14, 4, 16], "texture": "#1"},
				"south": {"uv": [1, 13, 2, 13.1], "texture": "#1"},
				"west": {"uv": [0, 14, 4, 16], "texture": "#1"},
				"up": {"uv": [0, 16, 2, 13], "texture": "#1"},
				"down": {"uv": [1, 14, 3, 12], "texture": "#1"}
			},
			"rotation": {
				"origin": [8, 5.5, 8],
				"axis": "y",
				"angle": 0
			},
			"type": "cube"
		},
		{
			"name": "SightBottom",
			"from": [7.75, 4.5, 7],
			"to": [8.25, 4.6, 13],
			"faces": {
				"north": {"uv": [0, 12, 1, 12.1], "texture": "#1"},
				"east": {"uv": [0, 14, 4, 16], "texture": "#1"},
				"south": {"uv": [1, 13, 2, 13.1], "texture": "#1"},
				"west": {"uv": [0, 14, 4, 16], "texture": "#1"},
				"up": {"uv": [0, 16, 2, 13], "texture": "#1"},
				"down": {"uv": [1, 14, 3, 12], "texture": "#1"}
			},
			"rotation": {
				"origin": [8, 5.5, 8],
				"axis": "y",
				"angle": 0
			},
			"type": "cube"
		},
		{
			"name": "Stand 2",
			"from": [7.5, 4, 11],
			"to": [8.5, 4.5, 12],
			"faces": {
				"north": {"uv": [0, 12, 1, 12.5], "texture": "#1"},
				"east": {"uv": [0, 14, 4, 16], "texture": "#1"},
				"south": {"uv": [1, 13, 2, 13.5], "texture": "#1"},
				"west": {"uv": [0, 14, 4, 16], "texture": "#1"},
				"up": {"uv": [0, 16, 2, 13], "texture": "#1"},
				"down": {"uv": [1, 14, 3, 12], "texture": "#1"}
			},
			"type": "cube"
		},
		{
			"name": "Stand 1",
			"from": [7.5, 4, 9],
			"to": [8.5, 4.5, 10],
			"faces": {
				"north": {"uv": [0, 12, 1, 12.5], "texture": "#1"},
				"east": {"uv": [0, 14, 4, 16], "texture": "#1"},
				"south": {"uv": [1, 13, 2, 13.5], "texture": "#1"},
				"west": {"uv": [0, 14, 4, 16], "texture": "#1"},
				"up": {"uv": [0, 16, 2, 13], "texture": "#1"},
				"down": {"uv": [1, 14, 3, 12], "texture": "#1"}
			},
			"type": "cube"
		},
		{
			"name": "Scopeswitch",
			"from": [8.85, 6.25, 9],
			"to": [9.25, 6.75, 9.5],
			"faces": {
				"north": {
					"uv": [6, 14, 6.4, 14.5],
					"texture": "#1"
				},
				"east": {"uv": [5, 13, 9, 15], "texture": "#1"},
				"south": {
					"uv": [7, 13, 7.4, 13.5],
					"texture": "#1"
				},
				"west": {"uv": [4, 13, 8, 15], "texture": "#1"},
				"up": {"uv": [4, 15, 6, 12], "texture": "#1"},
				"down": {"uv": [5, 15, 7, 13], "texture": "#1"}
			},
			"rotation": {
				"origin": [7.75, 8.75, 8],
				"axis": "z",
				"angle": -45
			},
			"type": "cube"
		}
	],
	"display": {
		"thirdperson_righthand": {
			"rotation": [-7, -2, -10],
			"translation": [0, 4, -2],
			"scale": [0.7, 0.7, 0.7]
		},
		"thirdperson_lefthand": {
			"rotation": [-7, 1, 11],
			"translation": [-15, 4, -2],
			"scale": [0.7, 0.7, 0.7]
		},
		"firstperson_righthand": {
			"rotation": [0, -2, 0],
			"translation": [0, 12, 0],
			"scale": [2, 2, 2]
		},
		"firstperson_lefthand": {
			"rotation": [0, 0, 0],
			"translation": [-9, 13, 0],
			"scale": [2, 2, 2]
		},
		"gui": {
			"rotation": [45, -50, 0],
			"translation": [0, 3, 0],
			"scale": [0.6, 0.6, 0.6]
		},
		"ground": {
			"rotation": [0, 0, -23],
			"translation": [3.59, -0.94, 6.05],
			"scale": [1, 1, 1]
		},
		"fixed": {
			"rotation": [-1, 3, -41],
			"translation": [12.28, 3.4, 10.39],
			"scale": [3.37, 3.37, 3.4]
		}
	}
}