{
	"credit": "Made with Blockbench, a free, modern block model editor by JannisX11",
	"textures": {
		"0": "items/falloutxptexture",
		"particle": "items/falloutxptexture"
	},
	"elements": [
		{
			"name": "Topbat",
			"from": [7, 8.25, 5.5],
			"to": [9, 8.75, 10.5],
			"faces": {
				"north": {"uv": [13, 5, 15, 7], "texture": "#0"},
				"east": {"uv": [13, 5, 15, 7], "texture": "#0"},
				"south": {"uv": [13, 5, 15, 7], "texture": "#0"},
				"west": {"uv": [13, 5, 15, 7], "texture": "#0"},
				"up": {"uv": [13, 5, 15, 7], "texture": "#0"},
				"down": {"uv": [13, 5, 15, 7], "texture": "#0"}
			}
		},
		{
			"name": "Topbat",
			"from": [7, 8.25, 5.5],
			"to": [9, 8.75, 10.5],
			"rotation": {
				"angle": 45,
				"axis": "y",
				"origin": [8, 8.75, 8]
			},
			"faces": {
				"north": {"uv": [13, 5, 15, 7], "texture": "#0"},
				"east": {"uv": [13, 5, 15, 7], "texture": "#0"},
				"south": {"uv": [13, 5, 15, 7], "texture": "#0"},
				"west": {"uv": [13, 5, 15, 7], "texture": "#0"},
				"up": {"uv": [13, 5, 15, 7], "texture": "#0"},
				"down": {"uv": [13, 5, 15, 7], "texture": "#0"}
			}
		},
		{
			"name": "Topbat",
			"from": [7, 8.25, 5.5],
			"to": [9, 8.75, 10.5],
			"rotation": {
				"angle": -45,
				"axis": "y",
				"origin": [8, 8.75, 8]
			},
			"faces": {
				"north": {"uv": [13, 5, 15, 7], "texture": "#0"},
				"east": {"uv": [13, 5, 15, 7], "texture": "#0"},
				"south": {"uv": [13, 5, 15, 7], "texture": "#0"},
				"west": {"uv": [13, 5, 15, 7], "texture": "#0"},
				"up": {"uv": [13, 5, 15, 7], "texture": "#0"},
				"down": {"uv": [13, 5, 15, 7], "texture": "#0"}
			}
		},
		{
			"name": "Topbat",
			"from": [5.5, 8.25, 7],
			"to": [10.5, 8.75, 9],
			"rotation": {
				"angle": 0,
				"axis": "y",
				"origin": [8, 8.75, 8]
			},
			"faces": {
				"north": {
					"uv": [13, 5, 15, 7],
					"texture": "#0",
					"rotation": 90
				},
				"east": {
					"uv": [13, 5, 15, 7],
					"texture": "#0",
					"rotation": 90
				},
				"south": {
					"uv": [13, 5, 15, 7],
					"texture": "#0",
					"rotation": 90
				},
				"west": {
					"uv": [13, 5, 15, 7],
					"texture": "#0",
					"rotation": 90
				},
				"up": {
					"uv": [13, 5, 15, 7],
					"texture": "#0",
					"rotation": 90
				},
				"down": {
					"uv": [13, 5, 15, 7],
					"texture": "#0",
					"rotation": 90
				}
			}
		},
		{
			"name": "Redline",
			"from": [7, 1, 4],
			"to": [9, 1.25, 12],
			"faces": {
				"north": {"uv": [1, 9, 3, 11], "texture": "#0"},
				"east": {"uv": [1, 9, 3, 11], "texture": "#0"},
				"south": {"uv": [1, 9, 3, 11], "texture": "#0"},
				"west": {"uv": [1, 9, 3, 11], "texture": "#0"},
				"up": {"uv": [1, 9, 3, 11], "texture": "#0"},
				"down": {"uv": [1, 9, 3, 11], "texture": "#0"}
			}
		},
		{
			"name": "Redline",
			"from": [7, 1, 4],
			"to": [9, 1.25, 12],
			"rotation": {
				"angle": 22.5,
				"axis": "y",
				"origin": [8, 1.5, 8]
			},
			"faces": {
				"north": {"uv": [1, 9, 3, 11], "texture": "#0"},
				"east": {"uv": [1, 9, 3, 11], "texture": "#0"},
				"south": {"uv": [1, 9, 3, 11], "texture": "#0"},
				"west": {"uv": [1, 9, 3, 11], "texture": "#0"},
				"up": {"uv": [1, 9, 3, 11], "texture": "#0"},
				"down": {"uv": [1, 9, 3, 11], "texture": "#0"}
			}
		},
		{
			"name": "Redline",
			"from": [7, 1, 4],
			"to": [9, 1.25, 12],
			"rotation": {
				"angle": 45,
				"axis": "y",
				"origin": [8, 1.5, 8]
			},
			"faces": {
				"north": {"uv": [1, 9, 3, 11], "texture": "#0"},
				"east": {"uv": [1, 9, 3, 11], "texture": "#0"},
				"south": {"uv": [1, 9, 3, 11], "texture": "#0"},
				"west": {"uv": [1, 9, 3, 11], "texture": "#0"},
				"up": {"uv": [1, 9, 3, 11], "texture": "#0"},
				"down": {"uv": [1, 9, 3, 11], "texture": "#0"}
			}
		},
		{
			"name": "Redline",
			"from": [7, 1, 4],
			"to": [9, 1.25, 12],
			"rotation": {
				"angle": -22.5,
				"axis": "y",
				"origin": [8, 1.5, 8]
			},
			"faces": {
				"north": {"uv": [1, 9, 3, 11], "texture": "#0"},
				"east": {"uv": [1, 9, 3, 11], "texture": "#0"},
				"south": {"uv": [1, 9, 3, 11], "texture": "#0"},
				"west": {"uv": [1, 9, 3, 11], "texture": "#0"},
				"up": {"uv": [1, 9, 3, 11], "texture": "#0"},
				"down": {"uv": [1, 9, 3, 11], "texture": "#0"}
			}
		},
		{
			"name": "Redline",
			"from": [7, 1, 4],
			"to": [9, 1.25, 12],
			"rotation": {
				"angle": -45,
				"axis": "y",
				"origin": [8, 1.5, 8]
			},
			"faces": {
				"north": {"uv": [1, 9, 3, 11], "texture": "#0"},
				"east": {"uv": [1, 9, 3, 11], "texture": "#0"},
				"south": {"uv": [1, 9, 3, 11], "texture": "#0"},
				"west": {"uv": [1, 9, 3, 11], "texture": "#0"},
				"up": {"uv": [1, 9, 3, 11], "texture": "#0"},
				"down": {"uv": [1, 9, 3, 11], "texture": "#0"}
			}
		},
		{
			"name": "Redline",
			"from": [4, 1, 7],
			"to": [12, 1.25, 9],
			"rotation": {
				"angle": 22.5,
				"axis": "y",
				"origin": [8, 1.5, 8]
			},
			"faces": {
				"north": {
					"uv": [1, 9, 3, 11],
					"texture": "#0",
					"rotation": 90
				},
				"east": {
					"uv": [1, 9, 3, 11],
					"texture": "#0",
					"rotation": 90
				},
				"south": {
					"uv": [1, 9, 3, 11],
					"texture": "#0",
					"rotation": 90
				},
				"west": {
					"uv": [1, 9, 3, 11],
					"texture": "#0",
					"rotation": 90
				},
				"up": {
					"uv": [1, 9, 3, 11],
					"texture": "#0",
					"rotation": 90
				},
				"down": {
					"uv": [1, 9, 3, 11],
					"texture": "#0",
					"rotation": 90
				}
			}
		},
		{
			"name": "Redline",
			"from": [4, 1, 7],
			"to": [12, 1.25, 9],
			"rotation": {
				"angle": 0,
				"axis": "y",
				"origin": [8, 1.5, 8]
			},
			"faces": {
				"north": {
					"uv": [1, 9, 3, 11],
					"texture": "#0",
					"rotation": 90
				},
				"east": {
					"uv": [1, 9, 3, 11],
					"texture": "#0",
					"rotation": 90
				},
				"south": {
					"uv": [1, 9, 3, 11],
					"texture": "#0",
					"rotation": 90
				},
				"west": {
					"uv": [1, 9, 3, 11],
					"texture": "#0",
					"rotation": 90
				},
				"up": {
					"uv": [1, 9, 3, 11],
					"texture": "#0",
					"rotation": 90
				},
				"down": {
					"uv": [1, 9, 3, 11],
					"texture": "#0",
					"rotation": 90
				}
			}
		},
		{
			"name": "Redline",
			"from": [4, 1, 7],
			"to": [12, 1.25, 9],
			"rotation": {
				"angle": -22.5,
				"axis": "y",
				"origin": [8, 1.5, 8]
			},
			"faces": {
				"north": {
					"uv": [1, 9, 3, 11],
					"texture": "#0",
					"rotation": 90
				},
				"east": {
					"uv": [1, 9, 3, 11],
					"texture": "#0",
					"rotation": 90
				},
				"south": {
					"uv": [1, 9, 3, 11],
					"texture": "#0",
					"rotation": 90
				},
				"west": {
					"uv": [1, 9, 3, 11],
					"texture": "#0",
					"rotation": 90
				},
				"up": {
					"uv": [1, 9, 3, 11],
					"texture": "#0",
					"rotation": 90
				},
				"down": {
					"uv": [1, 9, 3, 11],
					"texture": "#0",
					"rotation": 90
				}
			}
		},
		{
			"name": "Gray1",
			"from": [7, 6.25, 4],
			"to": [9, 8.25, 12],
			"faces": {
				"north": {"uv": [5, 13, 7, 15], "texture": "#0"},
				"east": {"uv": [5, 13, 7, 15], "texture": "#0"},
				"south": {"uv": [5, 13, 7, 15], "texture": "#0"},
				"west": {"uv": [5, 13, 7, 15], "texture": "#0"},
				"up": {"uv": [5, 13, 7, 15], "texture": "#0"},
				"down": {"uv": [5, 13, 7, 15], "texture": "#0"}
			}
		},
		{
			"name": "Gray1",
			"from": [7, 6.25, 4],
			"to": [9, 8.25, 12],
			"rotation": {
				"angle": 22.5,
				"axis": "y",
				"origin": [8, 6.75, 8]
			},
			"faces": {
				"north": {"uv": [5, 13, 7, 15], "texture": "#0"},
				"east": {"uv": [5, 13, 7, 15], "texture": "#0"},
				"south": {"uv": [5, 13, 7, 15], "texture": "#0"},
				"west": {"uv": [5, 13, 7, 15], "texture": "#0"},
				"up": {"uv": [5, 13, 7, 15], "texture": "#0"},
				"down": {"uv": [5, 13, 7, 15], "texture": "#0"}
			}
		},
		{
			"name": "Gray1",
			"from": [7, 6.25, 4],
			"to": [9, 8.25, 12],
			"rotation": {
				"angle": 45,
				"axis": "y",
				"origin": [8, 6.75, 8]
			},
			"faces": {
				"north": {"uv": [5, 13, 7, 15], "texture": "#0"},
				"east": {"uv": [5, 13, 7, 15], "texture": "#0"},
				"south": {"uv": [5, 13, 7, 15], "texture": "#0"},
				"west": {"uv": [5, 13, 7, 15], "texture": "#0"},
				"up": {"uv": [5, 13, 7, 15], "texture": "#0"},
				"down": {"uv": [5, 13, 7, 15], "texture": "#0"}
			}
		},
		{
			"name": "Gray1",
			"from": [7, 6.25, 4],
			"to": [9, 8.25, 12],
			"rotation": {
				"angle": -22.5,
				"axis": "y",
				"origin": [8, 6.75, 8]
			},
			"faces": {
				"north": {"uv": [5, 13, 7, 15], "texture": "#0"},
				"east": {"uv": [5, 13, 7, 15], "texture": "#0"},
				"south": {"uv": [5, 13, 7, 15], "texture": "#0"},
				"west": {"uv": [5, 13, 7, 15], "texture": "#0"},
				"up": {"uv": [5, 13, 7, 15], "texture": "#0"},
				"down": {"uv": [5, 13, 7, 15], "texture": "#0"}
			}
		},
		{
			"name": "Gray1",
			"from": [7, 6.25, 4],
			"to": [9, 8.25, 12],
			"rotation": {
				"angle": -45,
				"axis": "y",
				"origin": [8, 6.75, 8]
			},
			"faces": {
				"north": {"uv": [5, 13, 7, 15], "texture": "#0"},
				"east": {"uv": [5, 13, 7, 15], "texture": "#0"},
				"south": {"uv": [5, 13, 7, 15], "texture": "#0"},
				"west": {"uv": [5, 13, 7, 15], "texture": "#0"},
				"up": {"uv": [5, 13, 7, 15], "texture": "#0"},
				"down": {"uv": [5, 13, 7, 15], "texture": "#0"}
			}
		},
		{
			"name": "Gray1",
			"from": [4, 6.25, 7],
			"to": [12, 8.25, 9],
			"rotation": {
				"angle": 22.5,
				"axis": "y",
				"origin": [8, 6.75, 8]
			},
			"faces": {
				"north": {
					"uv": [5, 13, 7, 15],
					"texture": "#0",
					"rotation": 90
				},
				"east": {
					"uv": [5, 13, 7, 15],
					"texture": "#0",
					"rotation": 90
				},
				"south": {
					"uv": [5, 13, 7, 15],
					"texture": "#0",
					"rotation": 90
				},
				"west": {
					"uv": [5, 13, 7, 15],
					"texture": "#0",
					"rotation": 90
				},
				"up": {
					"uv": [5, 13, 7, 15],
					"texture": "#0",
					"rotation": 90
				},
				"down": {
					"uv": [5, 13, 7, 15],
					"texture": "#0",
					"rotation": 90
				}
			}
		},
		{
			"name": "Gray1",
			"from": [4, 6.25, 7],
			"to": [12, 8.25, 9],
			"rotation": {
				"angle": 0,
				"axis": "y",
				"origin": [8, 6.75, 8]
			},
			"faces": {
				"north": {
					"uv": [5, 13, 7, 15],
					"texture": "#0",
					"rotation": 90
				},
				"east": {
					"uv": [5, 13, 7, 15],
					"texture": "#0",
					"rotation": 90
				},
				"south": {
					"uv": [5, 13, 7, 15],
					"texture": "#0",
					"rotation": 90
				},
				"west": {
					"uv": [5, 13, 7, 15],
					"texture": "#0",
					"rotation": 90
				},
				"up": {
					"uv": [5, 13, 7, 15],
					"texture": "#0",
					"rotation": 90
				},
				"down": {
					"uv": [5, 13, 7, 15],
					"texture": "#0",
					"rotation": 90
				}
			}
		},
		{
			"name": "Gray1",
			"from": [4, 6.25, 7],
			"to": [12, 8.25, 9],
			"rotation": {
				"angle": -22.5,
				"axis": "y",
				"origin": [8, 6.75, 8]
			},
			"faces": {
				"north": {
					"uv": [5, 13, 7, 15],
					"texture": "#0",
					"rotation": 90
				},
				"east": {
					"uv": [5, 13, 7, 15],
					"texture": "#0",
					"rotation": 90
				},
				"south": {
					"uv": [5, 13, 7, 15],
					"texture": "#0",
					"rotation": 90
				},
				"west": {
					"uv": [5, 13, 7, 15],
					"texture": "#0",
					"rotation": 90
				},
				"up": {
					"uv": [5, 13, 7, 15],
					"texture": "#0",
					"rotation": 90
				},
				"down": {
					"uv": [5, 13, 7, 15],
					"texture": "#0",
					"rotation": 90
				}
			}
		},
		{
			"name": "yellowbig",
			"from": [7, 1.25, 4],
			"to": [9, 6.25, 12],
			"faces": {
				"north": {"uv": [9, 9, 11, 11], "texture": "#0"},
				"east": {"uv": [9, 9, 11, 11], "texture": "#0"},
				"south": {"uv": [9, 9, 11, 11], "texture": "#0"},
				"west": {"uv": [9, 9, 11, 11], "texture": "#0"},
				"up": {"uv": [9, 9, 11, 11], "texture": "#0"},
				"down": {"uv": [9, 9, 11, 11], "texture": "#0"}
			}
		},
		{
			"name": "yellowbig",
			"from": [7, 1.25, 4],
			"to": [9, 6.25, 12],
			"rotation": {
				"angle": 22.5,
				"axis": "y",
				"origin": [8, 1.75, 8]
			},
			"faces": {
				"north": {"uv": [9, 9, 11, 11], "texture": "#0"},
				"east": {"uv": [9, 9, 11, 11], "texture": "#0"},
				"south": {"uv": [9, 9, 11, 11], "texture": "#0"},
				"west": {"uv": [9, 9, 11, 11], "texture": "#0"},
				"up": {"uv": [9, 9, 11, 11], "texture": "#0"},
				"down": {"uv": [9, 9, 11, 11], "texture": "#0"}
			}
		},
		{
			"name": "yellowbig",
			"from": [7, 1.25, 4],
			"to": [9, 6.25, 12],
			"rotation": {
				"angle": 45,
				"axis": "y",
				"origin": [8, 1.75, 8]
			},
			"faces": {
				"north": {"uv": [9, 9, 11, 11], "texture": "#0"},
				"east": {"uv": [9, 9, 11, 11], "texture": "#0"},
				"south": {"uv": [9, 9, 11, 11], "texture": "#0"},
				"west": {"uv": [9, 9, 11, 11], "texture": "#0"},
				"up": {"uv": [9, 9, 11, 11], "texture": "#0"},
				"down": {"uv": [9, 9, 11, 11], "texture": "#0"}
			}
		},
		{
			"name": "yellowbig",
			"from": [7, 1.25, 4],
			"to": [9, 6.25, 12],
			"rotation": {
				"angle": -22.5,
				"axis": "y",
				"origin": [8, 1.75, 8]
			},
			"faces": {
				"north": {"uv": [1, 9, 3, 11], "texture": "#0"},
				"east": {"uv": [1, 9, 3, 11], "texture": "#0"},
				"south": {"uv": [1, 9, 3, 11], "texture": "#0"},
				"west": {"uv": [1, 9, 3, 11], "texture": "#0"},
				"up": {"uv": [1, 9, 3, 11], "texture": "#0"},
				"down": {"uv": [1, 9, 3, 11], "texture": "#0"}
			}
		},
		{
			"name": "yellowbig",
			"from": [7, 1.25, 4],
			"to": [9, 6.25, 12],
			"rotation": {
				"angle": -45,
				"axis": "y",
				"origin": [8, 1.75, 8]
			},
			"faces": {
				"north": {"uv": [9, 9, 11, 11], "texture": "#0"},
				"east": {"uv": [9, 9, 11, 11], "texture": "#0"},
				"south": {"uv": [9, 9, 11, 11], "texture": "#0"},
				"west": {"uv": [9, 9, 11, 11], "texture": "#0"},
				"up": {"uv": [9, 9, 11, 11], "texture": "#0"},
				"down": {"uv": [9, 9, 11, 11], "texture": "#0"}
			}
		},
		{
			"name": "yellowbig",
			"from": [4, 1.25, 7],
			"to": [12, 6.25, 9],
			"rotation": {
				"angle": 22.5,
				"axis": "y",
				"origin": [8, 1.75, 8]
			},
			"faces": {
				"north": {"uv": [9, 9, 11, 11], "texture": "#0"},
				"east": {"uv": [9, 9, 11, 11], "texture": "#0"},
				"south": {"uv": [9, 9, 11, 11], "texture": "#0"},
				"west": {"uv": [9, 9, 11, 11], "texture": "#0"},
				"up": {
					"uv": [9, 9, 11, 11],
					"texture": "#0",
					"rotation": 90
				},
				"down": {
					"uv": [9, 9, 11, 11],
					"texture": "#0",
					"rotation": 270
				}
			}
		},
		{
			"name": "yellowbig",
			"from": [4, 1.25, 7],
			"to": [12, 6.25, 9],
			"rotation": {
				"angle": 0,
				"axis": "y",
				"origin": [8, 1.75, 8]
			},
			"faces": {
				"north": {"uv": [9, 9, 11, 11], "texture": "#0"},
				"east": {"uv": [9, 9, 11, 11], "texture": "#0"},
				"south": {"uv": [9, 9, 11, 11], "texture": "#0"},
				"west": {"uv": [9, 9, 11, 11], "texture": "#0"},
				"up": {
					"uv": [9, 9, 11, 11],
					"texture": "#0",
					"rotation": 90
				},
				"down": {
					"uv": [9, 9, 11, 11],
					"texture": "#0",
					"rotation": 270
				}
			}
		},
		{
			"name": "yellowbig",
			"from": [4, 1.25, 7],
			"to": [12, 6.25, 9],
			"rotation": {
				"angle": -22.5,
				"axis": "y",
				"origin": [8, 1.75, 8]
			},
			"faces": {
				"north": {"uv": [1, 9, 3, 11], "texture": "#0"},
				"east": {"uv": [1, 9, 3, 11], "texture": "#0"},
				"south": {"uv": [1, 9, 3, 11], "texture": "#0"},
				"west": {"uv": [1, 9, 3, 11], "texture": "#0"},
				"up": {
					"uv": [1, 9, 3, 11],
					"texture": "#0",
					"rotation": 90
				},
				"down": {
					"uv": [1, 9, 3, 11],
					"texture": "#0",
					"rotation": 270
				}
			}
		},
		{
			"name": "yellowsmall",
			"from": [7, 0, 4],
			"to": [9, 1, 12],
			"faces": {
				"north": {"uv": [9, 9, 11, 11], "texture": "#0"},
				"east": {"uv": [9, 9, 11, 11], "texture": "#0"},
				"south": {"uv": [9, 9, 11, 11], "texture": "#0"},
				"west": {"uv": [9, 9, 11, 11], "texture": "#0"},
				"up": {"uv": [9, 9, 11, 11], "texture": "#0"},
				"down": {"uv": [9, 9, 11, 11], "texture": "#0"}
			}
		},
		{
			"name": "yellowsmall",
			"from": [7, 0, 4],
			"to": [9, 1, 12],
			"rotation": {
				"angle": 22.5,
				"axis": "y",
				"origin": [8, 0.5, 8]
			},
			"faces": {
				"north": {"uv": [9, 9, 11, 11], "texture": "#0"},
				"east": {"uv": [9, 9, 11, 11], "texture": "#0"},
				"south": {"uv": [9, 9, 11, 11], "texture": "#0"},
				"west": {"uv": [9, 9, 11, 11], "texture": "#0"},
				"up": {"uv": [9, 9, 11, 11], "texture": "#0"},
				"down": {"uv": [9, 9, 11, 11], "texture": "#0"}
			}
		},
		{
			"name": "yellowsmall",
			"from": [7, 0, 4],
			"to": [9, 1, 12],
			"rotation": {
				"angle": 45,
				"axis": "y",
				"origin": [8, 0.5, 8]
			},
			"faces": {
				"north": {"uv": [9, 9, 11, 11], "texture": "#0"},
				"east": {"uv": [9, 9, 11, 11], "texture": "#0"},
				"south": {"uv": [9, 9, 11, 11], "texture": "#0"},
				"west": {"uv": [9, 9, 11, 11], "texture": "#0"},
				"up": {"uv": [9, 9, 11, 11], "texture": "#0"},
				"down": {"uv": [9, 9, 11, 11], "texture": "#0"}
			}
		},
		{
			"name": "yellowsmall",
			"from": [7, 0, 4],
			"to": [9, 1, 12],
			"rotation": {
				"angle": -22.5,
				"axis": "y",
				"origin": [8, 0.5, 8]
			},
			"faces": {
				"north": {"uv": [9, 9, 11, 11], "texture": "#0"},
				"east": {"uv": [9, 9, 11, 11], "texture": "#0"},
				"south": {"uv": [9, 9, 11, 11], "texture": "#0"},
				"west": {"uv": [9, 9, 11, 11], "texture": "#0"},
				"up": {"uv": [9, 9, 11, 11], "texture": "#0"},
				"down": {"uv": [9, 9, 11, 11], "texture": "#0"}
			}
		},
		{
			"name": "yellowsmall",
			"from": [7, 0, 4],
			"to": [9, 1, 12],
			"rotation": {
				"angle": -45,
				"axis": "y",
				"origin": [8, 0.5, 8]
			},
			"faces": {
				"north": {"uv": [9, 9, 11, 11], "texture": "#0"},
				"east": {"uv": [9, 9, 11, 11], "texture": "#0"},
				"south": {"uv": [9, 9, 11, 11], "texture": "#0"},
				"west": {"uv": [9, 9, 11, 11], "texture": "#0"},
				"up": {"uv": [9, 9, 11, 11], "texture": "#0"},
				"down": {"uv": [9, 9, 11, 11], "texture": "#0"}
			}
		},
		{
			"name": "yellowsmall",
			"from": [4, 0, 7],
			"to": [12, 1, 9],
			"rotation": {
				"angle": 22.5,
				"axis": "y",
				"origin": [8, 0.5, 8]
			},
			"faces": {
				"north": {"uv": [9, 9, 11, 11], "texture": "#0"},
				"east": {"uv": [9, 9, 11, 11], "texture": "#0"},
				"south": {"uv": [9, 9, 11, 11], "texture": "#0"},
				"west": {"uv": [9, 9, 11, 11], "texture": "#0"},
				"up": {
					"uv": [9, 9, 11, 11],
					"texture": "#0",
					"rotation": 90
				},
				"down": {
					"uv": [9, 9, 11, 11],
					"texture": "#0",
					"rotation": 270
				}
			}
		},
		{
			"name": "yellowsmall",
			"from": [4, 0, 7],
			"to": [12, 1, 9],
			"rotation": {
				"angle": 0,
				"axis": "y",
				"origin": [8, 0.5, 8]
			},
			"faces": {
				"north": {"uv": [9, 9, 11, 11], "texture": "#0"},
				"east": {"uv": [9, 9, 11, 11], "texture": "#0"},
				"south": {"uv": [9, 9, 11, 11], "texture": "#0"},
				"west": {"uv": [9, 9, 11, 11], "texture": "#0"},
				"up": {
					"uv": [9, 9, 11, 11],
					"texture": "#0",
					"rotation": 90
				},
				"down": {
					"uv": [9, 9, 11, 11],
					"texture": "#0",
					"rotation": 270
				}
			}
		},
		{
			"name": "yellowsmall",
			"from": [4, 0, 7],
			"to": [12, 1, 9],
			"rotation": {
				"angle": -22.5,
				"axis": "y",
				"origin": [8, 0.5, 8]
			},
			"faces": {
				"north": {"uv": [9, 9, 11, 11], "texture": "#0"},
				"east": {"uv": [9, 9, 11, 11], "texture": "#0"},
				"south": {"uv": [9, 9, 11, 11], "texture": "#0"},
				"west": {"uv": [9, 9, 11, 11], "texture": "#0"},
				"up": {
					"uv": [9, 9, 11, 11],
					"texture": "#0",
					"rotation": 90
				},
				"down": {
					"uv": [9, 9, 11, 11],
					"texture": "#0",
					"rotation": 270
				}
			}
		},
		{
			"name": "grayoutline",
			"from": [7, 7.5, 3.75],
			"to": [9, 8, 12.25],
			"faces": {
				"north": {"uv": [5, 13, 7, 15], "texture": "#0"},
				"east": {"uv": [5, 13, 7, 15], "texture": "#0"},
				"south": {"uv": [5, 13, 7, 15], "texture": "#0"},
				"west": {"uv": [5, 13, 7, 15], "texture": "#0"},
				"up": {"uv": [5, 13, 7, 15], "texture": "#0"},
				"down": {"uv": [5, 13, 7, 15], "texture": "#0"}
			}
		},
		{
			"name": "grayoutline",
			"from": [7, 7.5, 3.75],
			"to": [9, 8, 12.25],
			"rotation": {
				"angle": 22.5,
				"axis": "y",
				"origin": [8, 6.75, 8]
			},
			"faces": {
				"north": {"uv": [5, 13, 7, 15], "texture": "#0"},
				"east": {"uv": [5, 13, 7, 15], "texture": "#0"},
				"south": {"uv": [5, 13, 7, 15], "texture": "#0"},
				"west": {"uv": [5, 13, 7, 15], "texture": "#0"},
				"up": {"uv": [5, 13, 7, 15], "texture": "#0"},
				"down": {"uv": [5, 13, 7, 15], "texture": "#0"}
			}
		},
		{
			"name": "grayoutline",
			"from": [7, 7.5, 3.75],
			"to": [9, 8, 12.25],
			"rotation": {
				"angle": 45,
				"axis": "y",
				"origin": [8, 6.75, 8]
			},
			"faces": {
				"north": {"uv": [5, 13, 7, 15], "texture": "#0"},
				"east": {"uv": [5, 13, 7, 15], "texture": "#0"},
				"south": {"uv": [5, 13, 7, 15], "texture": "#0"},
				"west": {"uv": [5, 13, 7, 15], "texture": "#0"},
				"up": {"uv": [5, 13, 7, 15], "texture": "#0"},
				"down": {"uv": [5, 13, 7, 15], "texture": "#0"}
			}
		},
		{
			"name": "grayoutline",
			"from": [7, 7.5, 3.75],
			"to": [9, 8, 12.25],
			"rotation": {
				"angle": -22.5,
				"axis": "y",
				"origin": [8, 6.75, 8]
			},
			"faces": {
				"north": {"uv": [5, 13, 7, 15], "texture": "#0"},
				"east": {"uv": [5, 13, 7, 15], "texture": "#0"},
				"south": {"uv": [5, 13, 7, 15], "texture": "#0"},
				"west": {"uv": [5, 13, 7, 15], "texture": "#0"},
				"up": {"uv": [5, 13, 7, 15], "texture": "#0"},
				"down": {"uv": [5, 13, 7, 15], "texture": "#0"}
			}
		},
		{
			"name": "grayoutline",
			"from": [7, 7.5, 3.75],
			"to": [9, 8, 12.25],
			"rotation": {
				"angle": -45,
				"axis": "y",
				"origin": [8, 6.75, 8]
			},
			"faces": {
				"north": {"uv": [5, 13, 7, 15], "texture": "#0"},
				"east": {"uv": [5, 13, 7, 15], "texture": "#0"},
				"south": {"uv": [5, 13, 7, 15], "texture": "#0"},
				"west": {"uv": [5, 13, 7, 15], "texture": "#0"},
				"up": {"uv": [5, 13, 7, 15], "texture": "#0"},
				"down": {"uv": [5, 13, 7, 15], "texture": "#0"}
			}
		},
		{
			"name": "grayoutline",
			"from": [3.75, 7.5, 7],
			"to": [12.25, 8, 9],
			"rotation": {
				"angle": 22.5,
				"axis": "y",
				"origin": [8, 6.75, 8]
			},
			"faces": {
				"north": {
					"uv": [5, 13, 7, 15],
					"texture": "#0",
					"rotation": 90
				},
				"east": {
					"uv": [5, 13, 7, 15],
					"texture": "#0",
					"rotation": 90
				},
				"south": {
					"uv": [5, 13, 7, 15],
					"texture": "#0",
					"rotation": 90
				},
				"west": {
					"uv": [5, 13, 7, 15],
					"texture": "#0",
					"rotation": 90
				},
				"up": {
					"uv": [5, 13, 7, 15],
					"texture": "#0",
					"rotation": 90
				},
				"down": {
					"uv": [5, 13, 7, 15],
					"texture": "#0",
					"rotation": 90
				}
			}
		},
		{
			"name": "grayoutline",
			"from": [3.75, 7.5, 7],
			"to": [12.25, 8, 9],
			"rotation": {
				"angle": 0,
				"axis": "y",
				"origin": [8, 6.75, 8]
			},
			"faces": {
				"north": {
					"uv": [5, 13, 7, 15],
					"texture": "#0",
					"rotation": 90
				},
				"east": {
					"uv": [5, 13, 7, 15],
					"texture": "#0",
					"rotation": 90
				},
				"south": {
					"uv": [5, 13, 7, 15],
					"texture": "#0",
					"rotation": 90
				},
				"west": {
					"uv": [5, 13, 7, 15],
					"texture": "#0",
					"rotation": 90
				},
				"up": {
					"uv": [5, 13, 7, 15],
					"texture": "#0",
					"rotation": 90
				},
				"down": {
					"uv": [5, 13, 7, 15],
					"texture": "#0",
					"rotation": 90
				}
			}
		},
		{
			"name": "grayoutline",
			"from": [3.75, 7.5, 7],
			"to": [12.25, 8, 9],
			"rotation": {
				"angle": -22.5,
				"axis": "y",
				"origin": [8, 6.75, 8]
			},
			"faces": {
				"north": {
					"uv": [5, 13, 7, 15],
					"texture": "#0",
					"rotation": 90
				},
				"east": {
					"uv": [5, 13, 7, 15],
					"texture": "#0",
					"rotation": 90
				},
				"south": {
					"uv": [5, 13, 7, 15],
					"texture": "#0",
					"rotation": 90
				},
				"west": {
					"uv": [5, 13, 7, 15],
					"texture": "#0",
					"rotation": 90
				},
				"up": {
					"uv": [5, 13, 7, 15],
					"texture": "#0",
					"rotation": 90
				},
				"down": {
					"uv": [5, 13, 7, 15],
					"texture": "#0",
					"rotation": 90
				}
			}
		}
	],
	"display": {
		"thirdperson_righthand": {"scale": [0.2, 0.2, 0.2]}
	}
}