{
	"credit": "Made with Blockbench, a free, modern block model editor by JannisX11",
	"textures": {
		"0": "items/falloutxptexture",
		"1": "items/metaltexture1",
		"particle": "items/falloutxptexture"
	},
	"elements": [
		{
			"name": "cube",
			"from": [5, 11.25, 9],
			"to": [5.25, 11.5, 10],
			"faces": {
				"north": {"uv": [13, 9, 15, 11], "texture": "#0"},
				"east": {"uv": [13, 9, 15, 11], "texture": "#0"},
				"south": {"uv": [13, 9, 15, 11], "texture": "#0"},
				"west": {"uv": [13, 9, 15, 11], "texture": "#0"},
				"up": {"uv": [13, 9, 15, 11], "texture": "#0"},
				"down": {"uv": [13, 9, 15, 11], "texture": "#0"}
			}
		},
		{
			"name": "cube",
			"from": [4.25, 10.5, 9],
			"to": [4.5, 11.5, 10],
			"faces": {
				"north": {"uv": [13, 9, 15, 11], "texture": "#0"},
				"east": {"uv": [13, 9, 15, 11], "texture": "#0"},
				"south": {"uv": [13, 9, 15, 11], "texture": "#0"},
				"west": {"uv": [13, 9, 15, 11], "texture": "#0"},
				"up": {"uv": [13, 9, 15, 11], "texture": "#0"},
				"down": {"uv": [13, 9, 15, 11], "texture": "#0"}
			}
		},
		{
			"name": "cube",
			"from": [4.5, 10.5, 9],
			"to": [6.25, 11.25, 10],
			"faces": {
				"north": {
					"uv": [0, 0, 1.75, 0.75],
					"texture": "#1"
				},
				"east": {"uv": [0, 0, 1.75, 0.75], "texture": "#1"},
				"south": {
					"uv": [5, 3, 6.75, 3.75],
					"texture": "#1"
				},
				"west": {"uv": [0, 0, 1.75, 0.75], "texture": "#1"},
				"up": {"uv": [0, 0, 1.75, 0.75], "texture": "#1"},
				"down": {"uv": [0, 0, 1.75, 0.75], "texture": "#1"}
			}
		},
		{
			"name": "cube",
			"from": [9.25, 9.75, 15],
			"to": [11.25, 11.25, 16],
			"faces": {
				"north": {"uv": [5, 13, 7, 15], "texture": "#0"},
				"east": {"uv": [5, 13, 7, 15], "texture": "#0"},
				"south": {"uv": [5, 13, 7, 15], "texture": "#0"},
				"west": {"uv": [5, 13, 7, 15], "texture": "#0"},
				"up": {"uv": [5, 13, 7, 15], "texture": "#0"},
				"down": {"uv": [5, 13, 7, 15], "texture": "#0"}
			}
		},
		{
			"name": "cube",
			"from": [9.75, 9.75, 5],
			"to": [11.25, 11.25, 6],
			"faces": {
				"north": {"uv": [5, 13, 7, 15], "texture": "#0"},
				"east": {"uv": [5, 13, 7, 15], "texture": "#0"},
				"south": {"uv": [5, 13, 7, 15], "texture": "#0"},
				"west": {"uv": [5, 13, 7, 15], "texture": "#0"},
				"up": {"uv": [5, 13, 7, 15], "texture": "#0"},
				"down": {"uv": [5, 13, 7, 15], "texture": "#0"}
			}
		},
		{
			"name": "cube",
			"from": [9.75, 9.75, 12],
			"to": [11.25, 11.25, 13],
			"faces": {
				"north": {"uv": [5, 13, 7, 15], "texture": "#0"},
				"east": {"uv": [5, 13, 7, 15], "texture": "#0"},
				"south": {"uv": [5, 13, 7, 15], "texture": "#0"},
				"west": {"uv": [5, 13, 7, 15], "texture": "#0"},
				"up": {"uv": [5, 13, 7, 15], "texture": "#0"},
				"down": {"uv": [5, 13, 7, 15], "texture": "#0"}
			}
		},
		{
			"name": "cube",
			"from": [5.75, 11.25, 23],
			"to": [10.25, 12, 23.75],
			"faces": {
				"north": {"uv": [0, 0, 1, 0.75], "texture": "#1"},
				"east": {"uv": [0, 0, 1, 0.75], "texture": "#1"},
				"south": {"uv": [0, 0, 1, 0.75], "texture": "#1"},
				"west": {"uv": [0, 0, 1, 0.75], "texture": "#1"},
				"up": {"uv": [0, 0, 1, 0.75], "texture": "#1"},
				"down": {"uv": [0, 0, 1, 0.75], "texture": "#1"}
			}
		},
		{
			"name": "cube",
			"from": [5.25, 12.5, 23],
			"to": [10.75, 13.25, 23.75],
			"faces": {
				"north": {"uv": [0, 0, 5.5, 0.75], "texture": "#1"},
				"east": {"uv": [0, 0, 5.5, 0.75], "texture": "#1"},
				"south": {"uv": [0, 0, 5.5, 0.75], "texture": "#1"},
				"west": {"uv": [0, 0, 5.5, 0.75], "texture": "#1"},
				"up": {"uv": [0, 0, 5.5, 0.75], "texture": "#1"},
				"down": {"uv": [0, 0, 5.5, 0.75], "texture": "#1"}
			}
		},
		{
			"name": "cube",
			"from": [7, 11, 22],
			"to": [9, 12.5, 23.75],
			"faces": {
				"north": {"uv": [14, 9, 16, 11], "texture": "#0"},
				"east": {"uv": [14, 9, 16, 11], "texture": "#0"},
				"south": {"uv": [14, 9, 16, 11], "texture": "#0"},
				"west": {"uv": [14, 9, 16, 11], "texture": "#0"},
				"up": {"uv": [14, 9, 16, 11], "texture": "#0"},
				"down": {"uv": [14, 9, 16, 11], "texture": "#0"}
			}
		},
		{
			"name": "cube",
			"from": [6, 10.25, 23],
			"to": [10, 13, 24],
			"faces": {
				"north": {"uv": [0, 0, 4, 2.75], "texture": "#1"},
				"east": {"uv": [0, 0, 4, 2.75], "texture": "#1"},
				"south": {"uv": [0, 0, 4, 2.75], "texture": "#1"},
				"west": {"uv": [0, 0, 4, 2.75], "texture": "#1"},
				"up": {"uv": [0, 0, 4, 2.75], "texture": "#1"},
				"down": {"uv": [0, 0, 4, 2.75], "texture": "#1"}
			}
		},
		{
			"name": "cube",
			"from": [7, 9, -1],
			"to": [9, 10, 9],
			"faces": {
				"north": {"uv": [9, 13, 11, 15], "texture": "#0"},
				"east": {"uv": [9, 13, 11, 15], "texture": "#0"},
				"south": {"uv": [9, 13, 11, 15], "texture": "#0"},
				"west": {"uv": [9, 13, 11, 15], "texture": "#0"},
				"up": {"uv": [9, 13, 11, 15], "texture": "#0"},
				"down": {"uv": [9, 13, 11, 15], "texture": "#0"}
			}
		},
		{
			"name": "cube",
			"from": [7, 6, 9],
			"to": [9, 10, 10],
			"faces": {
				"north": {"uv": [5, 13, 7, 15], "texture": "#0"},
				"east": {"uv": [5, 13, 7, 15], "texture": "#0"},
				"south": {"uv": [5, 13, 7, 15], "texture": "#0"},
				"west": {"uv": [5, 13, 7, 15], "texture": "#0"},
				"up": {"uv": [5, 13, 7, 15], "texture": "#0"},
				"down": {"uv": [5, 13, 7, 15], "texture": "#0"}
			}
		},
		{
			"name": "cube",
			"from": [7, 10, -3],
			"to": [9, 10.25, 10],
			"rotation": {
				"angle": -45,
				"axis": "z",
				"origin": [8, 12.5, -7.5]
			},
			"faces": {
				"north": {"uv": [0, 0, 2, 0.25], "texture": "#1"},
				"east": {"uv": [0, 0, 13, 0.25], "texture": "#1"},
				"south": {"uv": [0, 0, 2, 0.25], "texture": "#1"},
				"west": {"uv": [0, 0, 16, 1.25], "texture": "#1"},
				"up": {"uv": [0, 0, 2, 13], "texture": "#1"},
				"down": {"uv": [0, 0, 7, 16], "texture": "#1"}
			}
		},
		{
			"name": "cube",
			"from": [7, 10, 10],
			"to": [9, 10.25, 24],
			"rotation": {
				"angle": -45,
				"axis": "z",
				"origin": [8, 12.5, 6.5]
			},
			"faces": {
				"north": {"uv": [0, 0, 2, 16], "texture": "#1"},
				"east": {"uv": [0, 0, 2, 16], "texture": "#1"},
				"south": {"uv": [0, 0, 2, 16], "texture": "#1"},
				"west": {"uv": [0, 0, 2, 16], "texture": "#1"},
				"up": {"uv": [0, 0, 2, 16], "texture": "#1"},
				"down": {"uv": [0, 0, 6, 16], "texture": "#1"}
			}
		},
		{
			"name": "cube",
			"from": [7, 10, -3],
			"to": [9, 10.25, 24],
			"rotation": {
				"angle": 45,
				"axis": "z",
				"origin": [8, 12.5, 6.5]
			},
			"faces": {
				"north": {"uv": [0, 0, 2, 16], "texture": "#1"},
				"east": {"uv": [0, 0, 2, 16], "texture": "#1"},
				"south": {"uv": [0, 0, 2, 16], "texture": "#1"},
				"west": {"uv": [0, 0, 2, 16], "texture": "#1"},
				"up": {"uv": [0, 0, 2, 16], "texture": "#1"},
				"down": {"uv": [0, 0, 2, 16], "texture": "#1"}
			}
		},
		{
			"name": "cube",
			"from": [7, 10, -3],
			"to": [9, 10.25, 24],
			"rotation": {
				"angle": 0,
				"axis": "y",
				"origin": [8, 12.5, 6.5]
			},
			"faces": {
				"north": {"uv": [0, 0, 2, 16], "texture": "#1"},
				"east": {"uv": [0, 0, 2, 16], "texture": "#1"},
				"south": {"uv": [0, 0, 2, 16], "texture": "#1"},
				"west": {"uv": [0, 0, 2, 16], "texture": "#1"},
				"up": {"uv": [0, 0, 2, 16], "texture": "#1"},
				"down": {"uv": [0, 0, 2, 16], "texture": "#1"}
			}
		},
		{
			"name": "cube",
			"from": [10.25, 13, -3],
			"to": [10.75, 13.25, 24],
			"rotation": {
				"angle": 0,
				"axis": "y",
				"origin": [13, 15.5, 6.5]
			},
			"faces": {
				"north": {"uv": [0, 0, 16, 0.25], "texture": "#1"},
				"east": {"uv": [0, 0, 16, 0.25], "texture": "#1"},
				"south": {"uv": [0, 0, 16, 0.25], "texture": "#1"},
				"west": {"uv": [0, 0, 16, 0.25], "texture": "#1"},
				"up": {"uv": [0, 0, 16, 0.25], "texture": "#1"},
				"down": {"uv": [0, 0, 16, 0.25], "texture": "#1"}
			}
		},
		{
			"name": "cube",
			"from": [10.25, 11.5, 4],
			"to": [10.5, 13, 5],
			"rotation": {
				"angle": 0,
				"axis": "y",
				"origin": [13, 15.5, 6.5]
			},
			"faces": {
				"north": {"uv": [0, 0, 1, 1.5], "texture": "#1"},
				"east": {"uv": [0, 0, 1, 1.5], "texture": "#1"},
				"south": {"uv": [0, 0, 1, 1.5], "texture": "#1"},
				"west": {"uv": [0, 0, 1, 1.5], "texture": "#1"},
				"up": {"uv": [0, 0, 1, 1.5], "texture": "#1"},
				"down": {"uv": [0, 0, 1, 1.5], "texture": "#1"}
			}
		},
		{
			"name": "cube",
			"from": [5.5, 11.5, 4],
			"to": [5.75, 13, 5],
			"rotation": {
				"angle": 0,
				"axis": "y",
				"origin": [8, 15.5, 6.5]
			},
			"faces": {
				"north": {"uv": [0, 0, 0.25, 1.5], "texture": "#1"},
				"east": {"uv": [0, 0, 0.25, 1.5], "texture": "#1"},
				"south": {"uv": [0, 0, 0.25, 1.5], "texture": "#1"},
				"west": {"uv": [0, 0, 0.25, 1.5], "texture": "#1"},
				"up": {"uv": [0, 0, 0.25, 1.5], "texture": "#1"},
				"down": {"uv": [0, 0, 0.25, 1.5], "texture": "#1"}
			}
		},
		{
			"name": "cube",
			"from": [5.25, 13, -3],
			"to": [5.75, 13.25, 24],
			"rotation": {
				"angle": 0,
				"axis": "y",
				"origin": [8, 15.5, 6.5]
			},
			"faces": {
				"north": {"uv": [0, 0, 16, 0.25], "texture": "#1"},
				"east": {"uv": [0, 0, 16, 0.25], "texture": "#1"},
				"south": {"uv": [0, 0, 16, 0.25], "texture": "#1"},
				"west": {"uv": [0, 0, 16, 0.25], "texture": "#1"},
				"up": {"uv": [0, 0, 16, 0.25], "texture": "#1"},
				"down": {"uv": [0, 0, 16, 0.25], "texture": "#1"}
			}
		},
		{
			"name": "cube",
			"from": [10.25, 11.5, -3],
			"to": [10.5, 13, -2.75],
			"rotation": {
				"angle": 0,
				"axis": "y",
				"origin": [12.75, 15.5, -0.5]
			},
			"faces": {
				"north": {"uv": [0, 0, 0.25, 1.5], "texture": "#1"},
				"east": {"uv": [0, 0, 0.25, 1.5], "texture": "#1"},
				"south": {"uv": [0, 0, 0.25, 1.5], "texture": "#1"},
				"west": {"uv": [0, 0, 0.25, 1.5], "texture": "#1"},
				"up": {"uv": [0, 0, 0.25, 1.5], "texture": "#1"},
				"down": {"uv": [0, 0, 0.25, 1.5], "texture": "#1"}
			}
		},
		{
			"name": "cube",
			"from": [5.5, 11.5, -3],
			"to": [5.75, 13, -2.75],
			"rotation": {
				"angle": 0,
				"axis": "y",
				"origin": [8, 15.5, -0.5]
			},
			"faces": {
				"north": {"uv": [0, 0, 0.25, 1.5], "texture": "#1"},
				"east": {"uv": [0, 0, 0.25, 1.5], "texture": "#1"},
				"south": {"uv": [0, 0, 0.25, 1.5], "texture": "#1"},
				"west": {"uv": [0, 0, 0.25, 1.5], "texture": "#1"},
				"up": {"uv": [0, 0, 0.25, 1.5], "texture": "#1"},
				"down": {"uv": [0, 0, 0.25, 1.5], "texture": "#1"}
			}
		},
		{
			"name": "cube",
			"from": [7.75, 10.75, 17.75],
			"to": [8.25, 12.25, 18],
			"rotation": {
				"angle": -22.5,
				"axis": "z",
				"origin": [8, 11.5, 17.875]
			},
			"faces": {
				"north": {
					"uv": [0, 9, 3, 12],
					"texture": "#0",
					"rotation": 180
				},
				"east": {
					"uv": [0, 9, 3, 12],
					"texture": "#0",
					"rotation": 180
				},
				"south": {
					"uv": [0, 9, 3, 12],
					"texture": "#0",
					"rotation": 180
				},
				"west": {
					"uv": [0, 9, 3, 12],
					"texture": "#0",
					"rotation": 180
				},
				"up": {
					"uv": [0, 9, 3, 12],
					"texture": "#0",
					"rotation": 180
				},
				"down": {
					"uv": [0, 9, 3, 12],
					"texture": "#0",
					"rotation": 180
				}
			}
		},
		{
			"name": "cube",
			"from": [7.25, 11.25, 17.75],
			"to": [8.75, 11.75, 18],
			"rotation": {
				"angle": 45,
				"axis": "z",
				"origin": [8, 11.5, 17.875]
			},
			"faces": {
				"north": {
					"uv": [0, 9, 3, 12],
					"texture": "#0",
					"rotation": 90
				},
				"east": {
					"uv": [0, 9, 3, 12],
					"texture": "#0",
					"rotation": 270
				},
				"south": {
					"uv": [0, 9, 3, 12],
					"texture": "#0",
					"rotation": 270
				},
				"west": {
					"uv": [0, 9, 3, 12],
					"texture": "#0",
					"rotation": 270
				},
				"up": {
					"uv": [0, 9, 3, 12],
					"texture": "#0",
					"rotation": 270
				},
				"down": {
					"uv": [0, 9, 3, 12],
					"texture": "#0",
					"rotation": 270
				}
			}
		},
		{
			"name": "cube",
			"from": [7.25, 11.25, 17.75],
			"to": [8.75, 11.75, 18],
			"rotation": {
				"angle": 22.5,
				"axis": "z",
				"origin": [8, 11.5, 17.875]
			},
			"faces": {
				"north": {
					"uv": [0, 9, 3, 12],
					"texture": "#0",
					"rotation": 90
				},
				"east": {
					"uv": [0, 9, 3, 12],
					"texture": "#0",
					"rotation": 270
				},
				"south": {
					"uv": [0, 9, 3, 12],
					"texture": "#0",
					"rotation": 270
				},
				"west": {
					"uv": [0, 9, 3, 12],
					"texture": "#0",
					"rotation": 270
				},
				"up": {
					"uv": [0, 9, 3, 12],
					"texture": "#0",
					"rotation": 270
				},
				"down": {
					"uv": [0, 9, 3, 12],
					"texture": "#0",
					"rotation": 270
				}
			}
		},
		{
			"name": "cube",
			"from": [7.25, 11.25, 17.75],
			"to": [8.75, 11.75, 18],
			"rotation": {
				"angle": 0,
				"axis": "z",
				"origin": [8, 11.5, 17.875]
			},
			"faces": {
				"north": {
					"uv": [0, 9, 3, 12],
					"texture": "#0",
					"rotation": 90
				},
				"east": {
					"uv": [0, 9, 3, 12],
					"texture": "#0",
					"rotation": 270
				},
				"south": {
					"uv": [0, 9, 3, 12],
					"texture": "#0",
					"rotation": 270
				},
				"west": {
					"uv": [0, 9, 3, 12],
					"texture": "#0",
					"rotation": 270
				},
				"up": {
					"uv": [0, 9, 3, 12],
					"texture": "#0",
					"rotation": 270
				},
				"down": {
					"uv": [0, 9, 3, 12],
					"texture": "#0",
					"rotation": 270
				}
			}
		},
		{
			"name": "cube",
			"from": [7.25, 11.25, 17.75],
			"to": [8.75, 11.75, 18],
			"rotation": {
				"angle": -22.5,
				"axis": "z",
				"origin": [8, 11.5, 17.875]
			},
			"faces": {
				"north": {
					"uv": [0, 9, 3, 12],
					"texture": "#0",
					"rotation": 90
				},
				"east": {
					"uv": [0, 9, 3, 12],
					"texture": "#0",
					"rotation": 270
				},
				"south": {
					"uv": [0, 9, 3, 12],
					"texture": "#0",
					"rotation": 270
				},
				"west": {
					"uv": [0, 9, 3, 12],
					"texture": "#0",
					"rotation": 270
				},
				"up": {
					"uv": [0, 9, 3, 12],
					"texture": "#0",
					"rotation": 270
				},
				"down": {
					"uv": [0, 9, 3, 12],
					"texture": "#0",
					"rotation": 270
				}
			}
		},
		{
			"name": "cube",
			"from": [7.75, 10.75, 17.75],
			"to": [8.25, 12.25, 18],
			"rotation": {
				"angle": 22.5,
				"axis": "z",
				"origin": [8, 11.5, 17.875]
			},
			"faces": {
				"north": {"uv": [0, 9, 3, 12], "texture": "#0"},
				"east": {"uv": [0, 9, 3, 12], "texture": "#0"},
				"south": {"uv": [0, 9, 3, 12], "texture": "#0"},
				"west": {"uv": [0, 9, 3, 12], "texture": "#0"},
				"up": {"uv": [0, 9, 3, 12], "texture": "#0"},
				"down": {"uv": [0, 9, 3, 12], "texture": "#0"}
			}
		},
		{
			"name": "cube",
			"from": [7.75, 10.75, 17.75],
			"to": [8.25, 12.25, 18],
			"faces": {
				"north": {"uv": [0, 9, 3, 12], "texture": "#0"},
				"east": {"uv": [0, 9, 3, 12], "texture": "#0"},
				"south": {"uv": [0, 9, 3, 12], "texture": "#0"},
				"west": {"uv": [0, 9, 3, 12], "texture": "#0"},
				"up": {"uv": [0, 9, 3, 12], "texture": "#0"},
				"down": {"uv": [0, 9, 3, 12], "texture": "#0"}
			}
		},
		{
			"name": "cube",
			"from": [7.5, 11.25, 17.25],
			"to": [8.5, 11.75, 18],
			"rotation": {
				"angle": 0,
				"axis": "z",
				"origin": [8, 11.5, 17.5]
			},
			"faces": {
				"north": {
					"uv": [0, 9, 3, 12],
					"texture": "#0",
					"rotation": 270
				},
				"east": {
					"uv": [0, 9, 3, 12],
					"texture": "#0",
					"rotation": 90
				},
				"south": {
					"uv": [0, 9, 3, 12],
					"texture": "#0",
					"rotation": 90
				},
				"west": {
					"uv": [0, 9, 3, 12],
					"texture": "#0",
					"rotation": 90
				},
				"up": {
					"uv": [0, 9, 3, 12],
					"texture": "#0",
					"rotation": 90
				},
				"down": {
					"uv": [0, 9, 3, 12],
					"texture": "#0",
					"rotation": 90
				}
			}
		},
		{
			"name": "cube",
			"from": [7.75, 11, 17.25],
			"to": [8.25, 12, 18],
			"rotation": {
				"angle": -45,
				"axis": "z",
				"origin": [8, 11.5, 17.5]
			},
			"faces": {
				"north": {"uv": [0, 9, 3, 12], "texture": "#0"},
				"east": {"uv": [0, 9, 3, 12], "texture": "#0"},
				"south": {"uv": [0, 9, 3, 12], "texture": "#0"},
				"west": {"uv": [0, 9, 3, 12], "texture": "#0"},
				"up": {"uv": [0, 9, 3, 12], "texture": "#0"},
				"down": {"uv": [0, 9, 3, 12], "texture": "#0"}
			}
		},
		{
			"name": "cube",
			"from": [7.75, 11, 17.25],
			"to": [8.25, 12, 18],
			"rotation": {
				"angle": 45,
				"axis": "z",
				"origin": [8, 11.5, 17.5]
			},
			"faces": {
				"north": {"uv": [0, 9, 3, 12], "texture": "#0"},
				"east": {"uv": [0, 9, 3, 12], "texture": "#0"},
				"south": {"uv": [0, 9, 3, 12], "texture": "#0"},
				"west": {"uv": [0, 9, 3, 12], "texture": "#0"},
				"up": {"uv": [0, 9, 3, 12], "texture": "#0"},
				"down": {"uv": [0, 9, 3, 12], "texture": "#0"}
			}
		},
		{
			"name": "cube",
			"from": [7.75, 11, 17.25],
			"to": [8.25, 12, 18],
			"faces": {
				"north": {"uv": [0, 9, 3, 12], "texture": "#0"},
				"east": {"uv": [0, 9, 3, 12], "texture": "#0"},
				"south": {"uv": [0, 9, 3, 12], "texture": "#0"},
				"west": {"uv": [0, 9, 3, 12], "texture": "#0"},
				"up": {"uv": [0, 9, 3, 12], "texture": "#0"},
				"down": {"uv": [0, 9, 3, 12], "texture": "#0"}
			}
		},
		{
			"name": "cube",
			"from": [7, 11, 18],
			"to": [9, 12, 22],
			"rotation": {
				"angle": 0,
				"axis": "z",
				"origin": [8, 11.5, 20]
			},
			"faces": {
				"north": {
					"uv": [1, 4, 4, 7],
					"texture": "#0",
					"rotation": 270
				},
				"east": {
					"uv": [1, 4, 4, 7],
					"texture": "#0",
					"rotation": 90
				},
				"south": {
					"uv": [1, 4, 4, 7],
					"texture": "#0",
					"rotation": 90
				},
				"west": {
					"uv": [1, 4, 4, 7],
					"texture": "#0",
					"rotation": 90
				},
				"up": {
					"uv": [1, 4, 4, 7],
					"texture": "#0",
					"rotation": 90
				},
				"down": {
					"uv": [1, 4, 4, 7],
					"texture": "#0",
					"rotation": 90
				}
			}
		},
		{
			"name": "cube",
			"from": [7.5, 10.5, 18],
			"to": [8.5, 12.5, 22],
			"rotation": {
				"angle": -45,
				"axis": "z",
				"origin": [8, 11.5, 20]
			},
			"faces": {
				"north": {"uv": [1, 4, 4, 7], "texture": "#0"},
				"east": {"uv": [1, 4, 4, 7], "texture": "#0"},
				"south": {"uv": [1, 4, 4, 7], "texture": "#0"},
				"west": {"uv": [1, 4, 4, 7], "texture": "#0"},
				"up": {"uv": [1, 4, 4, 7], "texture": "#0"},
				"down": {"uv": [1, 4, 4, 7], "texture": "#0"}
			}
		},
		{
			"name": "cube",
			"from": [7.5, 10.5, 18],
			"to": [8.5, 12.5, 22],
			"rotation": {
				"angle": 45,
				"axis": "z",
				"origin": [8, 11.5, 20]
			},
			"faces": {
				"north": {"uv": [1, 4, 4, 7], "texture": "#0"},
				"east": {"uv": [1, 4, 4, 7], "texture": "#0"},
				"south": {"uv": [1, 4, 4, 7], "texture": "#0"},
				"west": {"uv": [1, 4, 4, 7], "texture": "#0"},
				"up": {"uv": [1, 4, 4, 7], "texture": "#0"},
				"down": {"uv": [1, 4, 4, 7], "texture": "#0"}
			}
		},
		{
			"name": "cube",
			"from": [7.5, 10.5, 18],
			"to": [8.5, 12.5, 22],
			"faces": {
				"north": {"uv": [1, 4, 4, 7], "texture": "#0"},
				"east": {"uv": [1, 4, 4, 7], "texture": "#0"},
				"south": {"uv": [1, 4, 4, 7], "texture": "#0"},
				"west": {"uv": [1, 4, 4, 7], "texture": "#0"},
				"up": {"uv": [1, 4, 4, 7], "texture": "#0"},
				"down": {"uv": [1, 4, 4, 7], "texture": "#0"}
			}
		},
		{
			"name": "cube",
			"from": [9.75, 10.25, 3],
			"to": [11, 10.5, 15],
			"rotation": {
				"angle": 45,
				"axis": "z",
				"origin": [10.375, 10.375, 9]
			},
			"faces": {
				"north": {"uv": [9, 9, 11, 11], "texture": "#0"},
				"east": {"uv": [9, 9, 11, 11], "texture": "#0"},
				"south": {"uv": [9, 9, 11, 11], "texture": "#0"},
				"west": {"uv": [9, 9, 11, 11], "texture": "#0"},
				"up": {"uv": [9, 9, 11, 11], "texture": "#0"},
				"down": {"uv": [9, 9, 11, 11], "texture": "#0"}
			}
		},
		{
			"name": "cube",
			"from": [9.75, 10.25, 3],
			"to": [11, 10.5, 15],
			"rotation": {
				"angle": 22.5,
				"axis": "z",
				"origin": [10.375, 10.375, 9]
			},
			"faces": {
				"north": {"uv": [9, 9, 11, 11], "texture": "#0"},
				"east": {"uv": [9, 9, 11, 11], "texture": "#0"},
				"south": {"uv": [9, 9, 11, 11], "texture": "#0"},
				"west": {"uv": [9, 9, 11, 11], "texture": "#0"},
				"up": {"uv": [9, 9, 11, 11], "texture": "#0"},
				"down": {"uv": [9, 9, 11, 11], "texture": "#0"}
			}
		},
		{
			"name": "cube",
			"from": [10.25, 9.75, 3],
			"to": [10.5, 11, 15],
			"rotation": {
				"angle": -22.5,
				"axis": "z",
				"origin": [10.375, 10.375, 9]
			},
			"faces": {
				"north": {
					"uv": [9, 9, 11, 11],
					"texture": "#0",
					"rotation": 270
				},
				"east": {
					"uv": [9, 9, 11, 11],
					"texture": "#0",
					"rotation": 90
				},
				"south": {
					"uv": [9, 9, 11, 11],
					"texture": "#0",
					"rotation": 90
				},
				"west": {
					"uv": [9, 9, 11, 11],
					"texture": "#0",
					"rotation": 90
				},
				"up": {
					"uv": [9, 9, 11, 11],
					"texture": "#0",
					"rotation": 90
				},
				"down": {
					"uv": [9, 9, 11, 11],
					"texture": "#0",
					"rotation": 90
				}
			}
		},
		{
			"name": "cube",
			"from": [10.25, 9.75, 3],
			"to": [10.5, 11, 15],
			"rotation": {
				"angle": 0,
				"axis": "z",
				"origin": [10.375, 10.375, 9]
			},
			"faces": {
				"north": {
					"uv": [9, 9, 11, 11],
					"texture": "#0",
					"rotation": 270
				},
				"east": {
					"uv": [9, 9, 11, 11],
					"texture": "#0",
					"rotation": 90
				},
				"south": {
					"uv": [9, 9, 11, 11],
					"texture": "#0",
					"rotation": 90
				},
				"west": {
					"uv": [9, 9, 11, 11],
					"texture": "#0",
					"rotation": 90
				},
				"up": {
					"uv": [9, 9, 11, 11],
					"texture": "#0",
					"rotation": 90
				},
				"down": {
					"uv": [9, 9, 11, 11],
					"texture": "#0",
					"rotation": 90
				}
			}
		},
		{
			"name": "cube",
			"from": [10.25, 9.75, 3],
			"to": [10.5, 11, 15],
			"rotation": {
				"angle": 22.5,
				"axis": "z",
				"origin": [10.375, 10.375, 9]
			},
			"faces": {
				"north": {
					"uv": [9, 9, 11, 11],
					"texture": "#0",
					"rotation": 270
				},
				"east": {
					"uv": [9, 9, 11, 11],
					"texture": "#0",
					"rotation": 90
				},
				"south": {
					"uv": [9, 9, 11, 11],
					"texture": "#0",
					"rotation": 90
				},
				"west": {
					"uv": [9, 9, 11, 11],
					"texture": "#0",
					"rotation": 90
				},
				"up": {
					"uv": [9, 9, 11, 11],
					"texture": "#0",
					"rotation": 90
				},
				"down": {
					"uv": [9, 9, 11, 11],
					"texture": "#0",
					"rotation": 90
				}
			}
		},
		{
			"name": "cube",
			"from": [9.75, 10.25, 3],
			"to": [11, 10.5, 15],
			"rotation": {
				"angle": -45,
				"axis": "z",
				"origin": [10.375, 10.375, 9]
			},
			"faces": {
				"north": {"uv": [9, 9, 11, 11], "texture": "#0"},
				"east": {"uv": [9, 9, 11, 11], "texture": "#0"},
				"south": {"uv": [9, 9, 11, 11], "texture": "#0"},
				"west": {"uv": [9, 9, 11, 11], "texture": "#0"},
				"up": {"uv": [9, 9, 11, 11], "texture": "#0"},
				"down": {"uv": [9, 9, 11, 11], "texture": "#0"}
			}
		},
		{
			"name": "cube",
			"from": [9.75, 10.25, 3],
			"to": [11, 10.5, 15],
			"rotation": {
				"angle": -22.5,
				"axis": "z",
				"origin": [10.375, 10.375, 9]
			},
			"faces": {
				"north": {"uv": [9, 9, 11, 11], "texture": "#0"},
				"east": {"uv": [9, 9, 11, 11], "texture": "#0"},
				"south": {"uv": [9, 9, 11, 11], "texture": "#0"},
				"west": {"uv": [9, 9, 11, 11], "texture": "#0"},
				"up": {"uv": [9, 9, 11, 11], "texture": "#0"},
				"down": {"uv": [9, 9, 11, 11], "texture": "#0"}
			}
		},
		{
			"name": "cube",
			"from": [9.75, 10.25, 3],
			"to": [11, 10.5, 15],
			"faces": {
				"north": {"uv": [9, 9, 11, 11], "texture": "#0"},
				"east": {"uv": [9, 9, 11, 11], "texture": "#0"},
				"south": {"uv": [9, 9, 11, 11], "texture": "#0"},
				"west": {"uv": [9, 9, 11, 11], "texture": "#0"},
				"up": {"uv": [9, 9, 11, 11], "texture": "#0"},
				"down": {"uv": [9, 9, 11, 11], "texture": "#0"}
			}
		},
		{
			"name": "cube",
			"from": [7.75, 10.75, 17.75],
			"to": [8.25, 12.25, 18],
			"rotation": {
				"angle": 45,
				"axis": "z",
				"origin": [8, 11.5, 17.875]
			},
			"faces": {
				"north": {"uv": [0, 9, 3, 12], "texture": "#0"},
				"east": {"uv": [0, 9, 3, 12], "texture": "#0"},
				"south": {"uv": [0, 9, 3, 12], "texture": "#0"},
				"west": {"uv": [0, 9, 3, 12], "texture": "#0"},
				"up": {"uv": [0, 9, 3, 12], "texture": "#0"},
				"down": {"uv": [0, 9, 3, 12], "texture": "#0"}
			}
		},
		{
			"name": "cube",
			"from": [7.75, 10.75, 17.75],
			"to": [8.25, 12.25, 18],
			"rotation": {
				"angle": 22.5,
				"axis": "z",
				"origin": [8, 11.5, 17.875]
			},
			"faces": {
				"north": {"uv": [0, 9, 3, 12], "texture": "#0"},
				"east": {"uv": [0, 9, 3, 12], "texture": "#0"},
				"south": {"uv": [0, 9, 3, 12], "texture": "#0"},
				"west": {"uv": [0, 9, 3, 12], "texture": "#0"},
				"up": {"uv": [0, 9, 3, 12], "texture": "#0"},
				"down": {"uv": [0, 9, 3, 12], "texture": "#0"}
			}
		},
		{
			"name": "cube",
			"from": [7.75, 10.75, 17.75],
			"to": [8.25, 12.25, 18],
			"faces": {
				"north": {"uv": [0, 9, 3, 12], "texture": "#0"},
				"east": {"uv": [0, 9, 3, 12], "texture": "#0"},
				"south": {"uv": [0, 9, 3, 12], "texture": "#0"},
				"west": {"uv": [0, 9, 3, 12], "texture": "#0"},
				"up": {"uv": [0, 9, 3, 12], "texture": "#0"},
				"down": {"uv": [0, 9, 3, 12], "texture": "#0"}
			}
		},
		{
			"name": "cube",
			"from": [7.5, 11.25, 17.25],
			"to": [8.5, 11.75, 18],
			"rotation": {
				"angle": 0,
				"axis": "z",
				"origin": [8, 11.5, 17.5]
			},
			"faces": {
				"north": {
					"uv": [0, 9, 3, 12],
					"texture": "#0",
					"rotation": 270
				},
				"east": {
					"uv": [0, 9, 3, 12],
					"texture": "#0",
					"rotation": 90
				},
				"south": {
					"uv": [0, 9, 3, 12],
					"texture": "#0",
					"rotation": 90
				},
				"west": {
					"uv": [0, 9, 3, 12],
					"texture": "#0",
					"rotation": 90
				},
				"up": {
					"uv": [0, 9, 3, 12],
					"texture": "#0",
					"rotation": 90
				},
				"down": {
					"uv": [0, 9, 3, 12],
					"texture": "#0",
					"rotation": 90
				}
			}
		},
		{
			"name": "cube",
			"from": [7.75, 11, 17.25],
			"to": [8.25, 12, 18],
			"rotation": {
				"angle": -45,
				"axis": "z",
				"origin": [8, 11.5, 17.5]
			},
			"faces": {
				"north": {"uv": [0, 9, 3, 12], "texture": "#0"},
				"east": {"uv": [0, 9, 3, 12], "texture": "#0"},
				"south": {"uv": [0, 9, 3, 12], "texture": "#0"},
				"west": {"uv": [0, 9, 3, 12], "texture": "#0"},
				"up": {"uv": [0, 9, 3, 12], "texture": "#0"},
				"down": {"uv": [0, 9, 3, 12], "texture": "#0"}
			}
		},
		{
			"name": "cube",
			"from": [7.75, 11, 17.25],
			"to": [8.25, 12, 18],
			"rotation": {
				"angle": 45,
				"axis": "z",
				"origin": [8, 11.5, 17.5]
			},
			"faces": {
				"north": {"uv": [0, 9, 3, 12], "texture": "#0"},
				"east": {"uv": [0, 9, 3, 12], "texture": "#0"},
				"south": {"uv": [0, 9, 3, 12], "texture": "#0"},
				"west": {"uv": [0, 9, 3, 12], "texture": "#0"},
				"up": {"uv": [0, 9, 3, 12], "texture": "#0"},
				"down": {"uv": [0, 9, 3, 12], "texture": "#0"}
			}
		},
		{
			"name": "cube",
			"from": [7.75, 11, 17.25],
			"to": [8.25, 12, 18],
			"faces": {
				"north": {"uv": [0, 9, 3, 12], "texture": "#0"},
				"east": {"uv": [0, 9, 3, 12], "texture": "#0"},
				"south": {"uv": [0, 9, 3, 12], "texture": "#0"},
				"west": {"uv": [0, 9, 3, 12], "texture": "#0"},
				"up": {"uv": [0, 9, 3, 12], "texture": "#0"},
				"down": {"uv": [0, 9, 3, 12], "texture": "#0"}
			}
		},
		{
			"name": "cube",
			"from": [7, 11, 18],
			"to": [9, 12, 22],
			"rotation": {
				"angle": 0,
				"axis": "z",
				"origin": [8, 11.5, 20]
			},
			"faces": {
				"north": {
					"uv": [1, 4, 4, 7],
					"texture": "#0",
					"rotation": 270
				},
				"east": {
					"uv": [1, 4, 4, 7],
					"texture": "#0",
					"rotation": 90
				},
				"south": {
					"uv": [1, 4, 4, 7],
					"texture": "#0",
					"rotation": 90
				},
				"west": {
					"uv": [1, 4, 4, 7],
					"texture": "#0",
					"rotation": 90
				},
				"up": {
					"uv": [1, 4, 4, 7],
					"texture": "#0",
					"rotation": 90
				},
				"down": {
					"uv": [1, 4, 4, 7],
					"texture": "#0",
					"rotation": 90
				}
			}
		},
		{
			"name": "cube",
			"from": [7.5, 10.5, 18],
			"to": [8.5, 12.5, 22],
			"rotation": {
				"angle": -45,
				"axis": "z",
				"origin": [8, 11.5, 20]
			},
			"faces": {
				"north": {"uv": [1, 4, 4, 7], "texture": "#0"},
				"east": {"uv": [1, 4, 4, 7], "texture": "#0"},
				"south": {"uv": [1, 4, 4, 7], "texture": "#0"},
				"west": {"uv": [1, 4, 4, 7], "texture": "#0"},
				"up": {"uv": [1, 4, 4, 7], "texture": "#0"},
				"down": {"uv": [1, 4, 4, 7], "texture": "#0"}
			}
		},
		{
			"name": "cube",
			"from": [7.5, 10.5, 18],
			"to": [8.5, 12.5, 22],
			"rotation": {
				"angle": 45,
				"axis": "z",
				"origin": [8, 11.5, 20]
			},
			"faces": {
				"north": {"uv": [1, 4, 4, 7], "texture": "#0"},
				"east": {"uv": [1, 4, 4, 7], "texture": "#0"},
				"south": {"uv": [1, 4, 4, 7], "texture": "#0"},
				"west": {"uv": [1, 4, 4, 7], "texture": "#0"},
				"up": {"uv": [1, 4, 4, 7], "texture": "#0"},
				"down": {"uv": [1, 4, 4, 7], "texture": "#0"}
			}
		},
		{
			"name": "cube",
			"from": [7.5, 10.5, 18],
			"to": [8.5, 12.5, 22],
			"faces": {
				"north": {"uv": [1, 4, 4, 7], "texture": "#0"},
				"east": {"uv": [1, 4, 4, 7], "texture": "#0"},
				"south": {"uv": [1, 4, 4, 7], "texture": "#0"},
				"west": {"uv": [1, 4, 4, 7], "texture": "#0"},
				"up": {"uv": [1, 4, 4, 7], "texture": "#0"},
				"down": {"uv": [1, 4, 4, 7], "texture": "#0"}
			}
		}
	],
	"display": {
		"thirdperson_righthand": {
			"rotation": [76, 0, 0],
			"translation": [1, 2.5, 9.5]
		},
		"gui": {
			"scale": [1, 1, 0.625],
			"translation": [1, -4.5, 0],
			"rotation": [22, -136, 1]
		}
	}
}