{
	"credit": "Made with Blockbench, a free, modern block model editor by JannisX11",
	"textures": {
		"0": "items/falloutxptexture",
		"1": "items/metaltexture1",
		"particle": "items/falloutxptexture"
	},
	"elements": [
		{
			"name": "cube",
			"from": [7, 8, 13],
			"to": [10, 11, 18.25],
			"faces": {
				"north": {"uv": [5, 4, 13.25, 12], "texture": "#1"},
				"east": {"uv": [5, 4, 13.25, 12], "texture": "#1"},
				"south": {"uv": [5, 4, 13.25, 12], "texture": "#1"},
				"west": {"uv": [5, 4, 13.25, 12], "texture": "#1"},
				"up": {"uv": [5, 4, 13.25, 12], "texture": "#1"},
				"down": {"uv": [5, 4, 13.25, 12], "texture": "#1"}
			}
		},
		{
			"name": "cube",
			"from": [7.75, 3.75, 16.75],
			"to": [9.25, 10.25, 18.75],
			"rotation": {
				"angle": -45,
				"axis": "x",
				"origin": [8.5, 6.5, 17.75]
			},
			"faces": {
				"north": {"uv": [0, 0, 2, 6.5], "texture": "#1"},
				"east": {"uv": [0, 0, 2, 6.5], "texture": "#1"},
				"south": {"uv": [0, 0, 2, 6.5], "texture": "#1"},
				"west": {"uv": [6, 5, 8, 11.5], "texture": "#1"},
				"up": {"uv": [0, 0, 2, 6.5], "texture": "#1"},
				"down": {"uv": [0, 0, 2, 6.5], "texture": "#1"}
			}
		},
		{
			"name": "cube",
			"from": [6.25, 9.25, 16.75],
			"to": [8, 11.5, 18.75],
			"faces": {
				"north": {"uv": [0, 0, 7, 6.5], "texture": "#1"},
				"east": {"uv": [0, 0, 7, 6.5], "texture": "#1"},
				"south": {"uv": [0, 0, 7, 6.5], "texture": "#1"},
				"west": {"uv": [0, 0, 7, 6.5], "texture": "#1"},
				"up": {"uv": [0, 0, 7, 6.5], "texture": "#1"},
				"down": {"uv": [0, 0, 7, 6.5], "texture": "#1"}
			}
		},
		{
			"name": "cube",
			"from": [6.75, 7.75, 18],
			"to": [10.25, 11.25, 20],
			"faces": {
				"north": {"uv": [0, 0, 7, 6.5], "texture": "#1"},
				"east": {"uv": [0, 0, 7, 6.5], "texture": "#1"},
				"south": {"uv": [0, 0, 7, 6.5], "texture": "#1"},
				"west": {"uv": [0, 0, 7, 6.5], "texture": "#1"},
				"up": {"uv": [0, 0, 7, 6.5], "texture": "#1"},
				"down": {"uv": [0, 0, 7, 6.5], "texture": "#1"}
			}
		},
		{
			"name": "cube",
			"from": [6.75, 7.75, 11],
			"to": [10.25, 11.25, 13],
			"faces": {
				"north": {"uv": [0, 0, 9, 9.5], "texture": "#1"},
				"east": {"uv": [0, 0, 9, 9.5], "texture": "#1"},
				"south": {"uv": [0, 0, 9, 9.5], "texture": "#1"},
				"west": {"uv": [0, 0, 9, 9.5], "texture": "#1"},
				"up": {"uv": [0, 0, 9, 9.5], "texture": "#1"},
				"down": {"uv": [0, 0, 9, 9.5], "texture": "#1"}
			}
		},
		{
			"name": "cube",
			"from": [8, 5.5, 19.25],
			"to": [9, 6.5, 27.75],
			"faces": {
				"north": {"uv": [0, 0, 8.5, 1], "texture": "#1"},
				"east": {"uv": [0, 0, 8.5, 1], "texture": "#1"},
				"south": {"uv": [0, 0, 8.5, 1], "texture": "#1"},
				"west": {"uv": [5, 10, 13.5, 11], "texture": "#1"},
				"up": {"uv": [0, 0, 8.5, 1], "texture": "#1"},
				"down": {"uv": [0, 0, 8.5, 1], "texture": "#1"}
			}
		},
		{
			"name": "cube",
			"from": [8, 3.5, 15.25],
			"to": [9, 7.75, 16.25],
			"faces": {
				"north": {"uv": [0, 0, 5.25, 3], "texture": "#1"},
				"east": {"uv": [0, 0, 5.25, 3], "texture": "#1"},
				"south": {"uv": [0, 0, 5.25, 3], "texture": "#1"},
				"west": {"uv": [0, 0, 5.25, 3], "texture": "#1"},
				"up": {"uv": [0, 0, 5.25, 3], "texture": "#1"},
				"down": {"uv": [0, 0, 5.25, 3], "texture": "#1"}
			}
		},
		{
			"name": "cube",
			"from": [8, 3.5, -1.75],
			"to": [9, 7.75, -0.75],
			"faces": {
				"north": {"uv": [0, 0, 10, 11.25], "texture": "#1"},
				"east": {"uv": [0, 0, 10, 11.25], "texture": "#1"},
				"south": {"uv": [0, 0, 10, 11.25], "texture": "#1"},
				"west": {"uv": [0, 0, 10, 11.25], "texture": "#1"},
				"up": {"uv": [0, 0, 10, 11.25], "texture": "#1"},
				"down": {"uv": [0, 0, 10, 11.25], "texture": "#1"}
			}
		},
		{
			"name": "cube",
			"from": [8, 3.5, 27.75],
			"to": [9, 7.75, 30.5],
			"faces": {
				"north": {
					"uv": [9, 11, 11.75, 15.25],
					"texture": "#1"
				},
				"east": {
					"uv": [9, 11, 11.75, 15.25],
					"texture": "#1"
				},
				"south": {
					"uv": [9, 11, 11.75, 15.25],
					"texture": "#1"
				},
				"west": {
					"uv": [9, 11, 11.75, 15.25],
					"texture": "#1"
				},
				"up": {
					"uv": [9, 11, 11.75, 15.25],
					"texture": "#1"
				},
				"down": {
					"uv": [9, 11, 11.75, 15.25],
					"texture": "#1"
				}
			}
		},
		{
			"name": "cube",
			"from": [8, 3.5, -1],
			"to": [9, 4.5, 15.25],
			"faces": {
				"north": {"uv": [0, 0, 16, 6], "texture": "#1"},
				"east": {"uv": [0, 0, 16, 6], "texture": "#1"},
				"south": {"uv": [0, 0, 16, 6], "texture": "#1"},
				"west": {"uv": [0, 0, 16, 6], "texture": "#1"},
				"up": {"uv": [0, 0, 16, 6], "texture": "#1"},
				"down": {"uv": [0, 0, 16, 6], "texture": "#1"}
			}
		},
		{
			"name": "cube",
			"from": [8, 3.5, 18.5],
			"to": [9, 4.5, 28],
			"faces": {
				"north": {"uv": [0, 0, 9.5, 1], "texture": "#1"},
				"east": {"uv": [0, 0, 9.5, 1], "texture": "#1"},
				"south": {"uv": [0, 0, 9.5, 1], "texture": "#1"},
				"west": {"uv": [3, 9, 12.5, 10], "texture": "#1"},
				"up": {"uv": [0, 0, 9.5, 1], "texture": "#1"},
				"down": {"uv": [0, 0, 9.5, 1], "texture": "#1"}
			}
		},
		{
			"name": "cube",
			"from": [7.75, 8.5, -2.25],
			"to": [9.25, 10.75, -0.25],
			"faces": {
				"north": {"uv": [13, 9, 15, 10.5], "texture": "#1"},
				"east": {"uv": [13, 9, 15, 10.5], "texture": "#1"},
				"south": {"uv": [13, 9, 15, 10.5], "texture": "#1"},
				"west": {"uv": [13, 9, 15, 10.5], "texture": "#1"},
				"up": {"uv": [13, 9, 15, 10.5], "texture": "#1"},
				"down": {"uv": [13, 9, 15, 10.5], "texture": "#1"}
			}
		},
		{
			"name": "cube",
			"from": [6.75, 7.75, -2],
			"to": [10.25, 11.25, 0],
			"faces": {
				"north": {"uv": [0, 0, 15, 14.5], "texture": "#1"},
				"east": {"uv": [0, 0, 15, 14.5], "texture": "#1"},
				"south": {"uv": [0, 0, 15, 14.5], "texture": "#1"},
				"west": {"uv": [0, 0, 15, 14.5], "texture": "#1"},
				"up": {"uv": [0, 0, 15, 14.5], "texture": "#1"},
				"down": {"uv": [0, 0, 15, 14.5], "texture": "#1"}
			}
		},
		{
			"name": "cube",
			"from": [7, 8, 9],
			"to": [10, 11, 9.25],
			"faces": {
				"north": {"uv": [9, 8, 11, 11], "texture": "#0"},
				"east": {"uv": [9, 8, 11, 11], "texture": "#0"},
				"south": {"uv": [9, 8, 11, 11], "texture": "#0"},
				"west": {"uv": [9, 8, 11, 11], "texture": "#0"},
				"up": {"uv": [9, 8, 11, 11], "texture": "#0"},
				"down": {"uv": [9, 8, 11, 11], "texture": "#0"}
			}
		},
		{
			"name": "cube",
			"from": [7, 8, 7],
			"to": [10, 11, 7.25],
			"faces": {
				"north": {"uv": [9, 8, 11, 11], "texture": "#0"},
				"east": {"uv": [9, 8, 11, 11], "texture": "#0"},
				"south": {"uv": [9, 8, 11, 11], "texture": "#0"},
				"west": {"uv": [9, 8, 11, 11], "texture": "#0"},
				"up": {"uv": [9, 8, 11, 11], "texture": "#0"},
				"down": {"uv": [9, 8, 11, 11], "texture": "#0"}
			}
		},
		{
			"name": "cube",
			"from": [7, 8, 9.25],
			"to": [10, 11, 11],
			"faces": {
				"north": {"uv": [0, 4, 2, 7], "texture": "#0"},
				"east": {"uv": [0, 4, 2, 7], "texture": "#0"},
				"south": {"uv": [0, 4, 2, 7], "texture": "#0"},
				"west": {"uv": [0, 4, 2, 7], "texture": "#0"},
				"up": {"uv": [0, 4, 2, 7], "texture": "#0"},
				"down": {"uv": [0, 4, 2, 7], "texture": "#0"}
			}
		},
		{
			"name": "cube",
			"from": [7, 8, 7.25],
			"to": [10, 11, 9],
			"faces": {
				"north": {"uv": [0, 4, 2, 7], "texture": "#0"},
				"east": {"uv": [0, 4, 2, 7], "texture": "#0"},
				"south": {"uv": [0, 4, 2, 7], "texture": "#0"},
				"west": {"uv": [0, 4, 2, 7], "texture": "#0"},
				"up": {"uv": [0, 4, 2, 7], "texture": "#0"},
				"down": {"uv": [0, 4, 2, 7], "texture": "#0"}
			}
		},
		{
			"name": "cube",
			"from": [7.5, 7.25, 1],
			"to": [9.5, 8.25, 8],
			"faces": {
				"north": {"uv": [9, 1, 11, 4], "texture": "#0"},
				"east": {"uv": [9, 1, 11, 4], "texture": "#0"},
				"south": {"uv": [9, 1, 11, 4], "texture": "#0"},
				"west": {"uv": [9, 1, 11, 4], "texture": "#0"},
				"up": {"uv": [9, 1, 11, 4], "texture": "#0"},
				"down": {"uv": [9, 1, 11, 4], "texture": "#0"}
			}
		},
		{
			"name": "cube",
			"from": [7, 8, 0],
			"to": [10, 11, 7],
			"faces": {
				"north": {"uv": [0, 4, 2, 7], "texture": "#0"},
				"east": {"uv": [0, 4, 2, 7], "texture": "#0"},
				"south": {"uv": [0, 4, 2, 7], "texture": "#0"},
				"west": {"uv": [0, 4, 2, 7], "texture": "#0"},
				"up": {"uv": [0, 4, 2, 7], "texture": "#0"},
				"down": {"uv": [0, 4, 2, 7], "texture": "#0"}
			}
		},
		{
			"name": "cube",
			"from": [5.875, 10.125, 15.75],
			"to": [7.875, 10.875, 16.75],
			"rotation": {
				"angle": 45,
				"axis": "z",
				"origin": [6.875, 10.5, 16.875]
			},
			"faces": {
				"north": {
					"uv": [9, 12, 11, 15],
					"texture": "#0",
					"rotation": 270
				},
				"east": {
					"uv": [9, 12, 11, 15],
					"texture": "#0",
					"rotation": 270
				},
				"south": {
					"uv": [9, 12, 11, 15],
					"texture": "#0",
					"rotation": 270
				},
				"west": {
					"uv": [9, 12, 11, 15],
					"texture": "#0",
					"rotation": 270
				},
				"up": {
					"uv": [9, 12, 11, 15],
					"texture": "#0",
					"rotation": 270
				},
				"down": {
					"uv": [9, 12, 11, 15],
					"texture": "#0",
					"rotation": 270
				}
			}
		},
		{
			"name": "cube",
			"from": [5.875, 10.125, 15.75],
			"to": [7.875, 10.875, 16.75],
			"rotation": {
				"angle": 0,
				"axis": "z",
				"origin": [6.875, 10.5, 16.875]
			},
			"faces": {
				"north": {
					"uv": [9, 12, 11, 15],
					"texture": "#0",
					"rotation": 270
				},
				"east": {
					"uv": [9, 12, 11, 15],
					"texture": "#0",
					"rotation": 270
				},
				"south": {
					"uv": [9, 12, 11, 15],
					"texture": "#0",
					"rotation": 270
				},
				"west": {
					"uv": [9, 12, 11, 15],
					"texture": "#0",
					"rotation": 270
				},
				"up": {
					"uv": [9, 12, 11, 15],
					"texture": "#0",
					"rotation": 270
				},
				"down": {
					"uv": [9, 12, 11, 15],
					"texture": "#0",
					"rotation": 270
				}
			}
		},
		{
			"name": "cube",
			"from": [6.5, 9.5, 15.75],
			"to": [7.25, 11.5, 16.75],
			"rotation": {
				"angle": 45,
				"axis": "z",
				"origin": [6.875, 10.5, 16.875]
			},
			"faces": {
				"north": {"uv": [9, 12, 11, 15], "texture": "#0"},
				"east": {"uv": [9, 12, 11, 15], "texture": "#0"},
				"south": {"uv": [9, 12, 11, 15], "texture": "#0"},
				"west": {"uv": [9, 12, 11, 15], "texture": "#0"},
				"up": {"uv": [9, 12, 11, 15], "texture": "#0"},
				"down": {"uv": [9, 12, 11, 15], "texture": "#0"}
			}
		},
		{
			"name": "cube",
			"from": [6.5, 9.5, 15.75],
			"to": [7.25, 11.5, 16.75],
			"rotation": {
				"angle": 0,
				"axis": "y",
				"origin": [6.875, 10.5, 16.875]
			},
			"faces": {
				"north": {"uv": [9, 12, 11, 15], "texture": "#0"},
				"east": {"uv": [9, 12, 11, 15], "texture": "#0"},
				"south": {"uv": [9, 12, 11, 15], "texture": "#0"},
				"west": {"uv": [9, 12, 11, 15], "texture": "#0"},
				"up": {"uv": [9, 12, 11, 15], "texture": "#0"},
				"down": {"uv": [9, 12, 11, 15], "texture": "#0"}
			}
		},
		{
			"name": "cube",
			"from": [5.875, 10.125, 13.5],
			"to": [7.875, 10.875, 15.75],
			"rotation": {
				"angle": 45,
				"axis": "z",
				"origin": [6.875, 10.5, 14.625]
			},
			"faces": {
				"north": {
					"uv": [9, 8, 11, 11],
					"texture": "#0",
					"rotation": 90
				},
				"east": {
					"uv": [9, 8, 11, 11],
					"texture": "#0",
					"rotation": 270
				},
				"south": {
					"uv": [9, 8, 11, 11],
					"texture": "#0",
					"rotation": 270
				},
				"west": {
					"uv": [9, 8, 11, 11],
					"texture": "#0",
					"rotation": 270
				},
				"up": {
					"uv": [9, 8, 11, 11],
					"texture": "#0",
					"rotation": 270
				},
				"down": {
					"uv": [9, 8, 11, 11],
					"texture": "#0",
					"rotation": 270
				}
			}
		},
		{
			"name": "cube",
			"from": [5.875, 10.125, 13.5],
			"to": [7.875, 10.875, 15.75],
			"rotation": {
				"angle": 0,
				"axis": "z",
				"origin": [6.875, 10.5, 14.625]
			},
			"faces": {
				"north": {
					"uv": [9, 8, 11, 11],
					"texture": "#0",
					"rotation": 90
				},
				"east": {
					"uv": [9, 8, 11, 11],
					"texture": "#0",
					"rotation": 270
				},
				"south": {
					"uv": [9, 8, 11, 11],
					"texture": "#0",
					"rotation": 270
				},
				"west": {
					"uv": [9, 8, 11, 11],
					"texture": "#0",
					"rotation": 270
				},
				"up": {
					"uv": [9, 8, 11, 11],
					"texture": "#0",
					"rotation": 270
				},
				"down": {
					"uv": [9, 8, 11, 11],
					"texture": "#0",
					"rotation": 270
				}
			}
		},
		{
			"name": "cube",
			"from": [6.5, 9.5, 13.5],
			"to": [7.25, 11.5, 15.75],
			"rotation": {
				"angle": 45,
				"axis": "z",
				"origin": [6.875, 10.5, 14.625]
			},
			"faces": {
				"north": {"uv": [9, 8, 11, 11], "texture": "#0"},
				"east": {"uv": [9, 8, 11, 11], "texture": "#0"},
				"south": {"uv": [9, 8, 11, 11], "texture": "#0"},
				"west": {"uv": [9, 8, 11, 11], "texture": "#0"},
				"up": {"uv": [9, 8, 11, 11], "texture": "#0"},
				"down": {"uv": [9, 8, 11, 11], "texture": "#0"}
			}
		},
		{
			"name": "cube",
			"from": [6.5, 9.5, 13.5],
			"to": [7.25, 11.5, 15.75],
			"rotation": {
				"angle": 0,
				"axis": "y",
				"origin": [6.875, 10.5, 14.625]
			},
			"faces": {
				"north": {"uv": [9, 8, 11, 11], "texture": "#0"},
				"east": {"uv": [9, 8, 11, 11], "texture": "#0"},
				"south": {"uv": [9, 8, 11, 11], "texture": "#0"},
				"west": {"uv": [9, 8, 11, 11], "texture": "#0"},
				"up": {"uv": [9, 8, 11, 11], "texture": "#0"},
				"down": {"uv": [9, 8, 11, 11], "texture": "#0"}
			}
		}
	],
	"display": {
		"thirdperson_righthand": {
			"scale": [0.75, 0.75, 0.75],
			"translation": [-1.5, 1, -5.5],
			"rotation": [0, -1, 0]
		},
		"gui": {
			"scale": [0.7, 0.7, 0.7],
			"rotation": [54, 139, 0],
			"translation": [-2, -0.5, 0]
		}
	}
}