{
	"credit": "Made with Blockbench, a free, modern block model editor by JannisX11",
	"textures": {
		"0": "items/dragunov",
		"particle": "items/dragunov"
	},
	"elements": [
		{
			"name": "cube",
			"from": [6.75, 4, 7.5],
			"to": [9.25, 9, 10.75],
			"rotation": {
				"angle": -22.5,
				"axis": "x",
				"origin": [8, 7, 8.5]
			},
			"faces": {
				"north": {"uv": [13, 14, 15, 16], "texture": "#0"},
				"east": {"uv": [13, 14, 15, 16], "texture": "#0"},
				"south": {"uv": [13, 14, 15, 16], "texture": "#0"},
				"west": {"uv": [13, 14, 15, 16], "texture": "#0"},
				"up": {"uv": [13, 14, 15, 16], "texture": "#0"},
				"down": {"uv": [13, 14, 15, 16], "texture": "#0"}
			}
		},
		{
			"name": "cube",
			"from": [7, 7.75, 7],
			"to": [9, 12, 9],
			"rotation": {
				"angle": -22.5,
				"axis": "x",
				"origin": [8, 10.5, 6.5]
			},
			"faces": {
				"north": {"uv": [12, 9, 14, 11], "texture": "#0"},
				"east": {"uv": [12, 9, 14, 11], "texture": "#0"},
				"south": {"uv": [12, 9, 14, 11], "texture": "#0"},
				"west": {"uv": [12, 9, 14, 11], "texture": "#0"},
				"up": {"uv": [12, 9, 14, 11], "texture": "#0"},
				"down": {"uv": [12, 9, 14, 11], "texture": "#0"}
			}
		},
		{
			"name": "Hammer",
			"from": [7.75, 9.75, 9.25],
			"to": [8.5, 10.25, 10.5],
			"rotation": {
				"angle": -22.5,
				"axis": "x",
				"origin": [8.25, 10.5, 6.5]
			},
			"faces": {
				"north": {"uv": [12, 9, 14, 11], "texture": "#0"},
				"east": {"uv": [12, 9, 14, 11], "texture": "#0"},
				"south": {"uv": [12, 9, 14, 11], "texture": "#0"},
				"west": {"uv": [12, 9, 14, 11], "texture": "#0"},
				"up": {"uv": [12, 9, 14, 11], "texture": "#0"},
				"down": {"uv": [12, 9, 14, 11], "texture": "#0"}
			}
		},
		{
			"name": "Hammer",
			"from": [7.75, 9.25, 7],
			"to": [8.5, 11.5, 9.5],
			"rotation": {
				"angle": -22.5,
				"axis": "x",
				"origin": [8.25, 10.5, 6.5]
			},
			"faces": {
				"north": {"uv": [12, 9, 14, 11], "texture": "#0"},
				"east": {"uv": [12, 9, 14, 11], "texture": "#0"},
				"south": {"uv": [12, 9, 14, 11], "texture": "#0"},
				"west": {"uv": [12, 9, 14, 11], "texture": "#0"},
				"up": {"uv": [12, 9, 14, 11], "texture": "#0"},
				"down": {"uv": [12, 9, 14, 11], "texture": "#0"}
			}
		},
		{
			"name": "Aim",
			"from": [8.25, 13.5, 7.75],
			"to": [8.75, 14, 8.25],
			"faces": {
				"north": {"uv": [5, 13, 7, 15], "texture": "#0"},
				"east": {"uv": [5, 13, 7, 15], "texture": "#0"},
				"south": {"uv": [5, 13, 7, 15], "texture": "#0"},
				"west": {"uv": [5, 13, 7, 15], "texture": "#0"},
				"up": {"uv": [5, 13, 7, 15], "texture": "#0"},
				"down": {"uv": [5, 13, 7, 15], "texture": "#0"}
			}
		},
		{
			"name": "Aim",
			"from": [7.25, 13.5, 7.75],
			"to": [7.75, 14, 8.25],
			"faces": {
				"north": {"uv": [5, 13, 7, 15], "texture": "#0"},
				"east": {"uv": [5, 13, 7, 15], "texture": "#0"},
				"south": {"uv": [5, 13, 7, 15], "texture": "#0"},
				"west": {"uv": [5, 13, 7, 15], "texture": "#0"},
				"up": {"uv": [5, 13, 7, 15], "texture": "#0"},
				"down": {"uv": [5, 13, 7, 15], "texture": "#0"}
			}
		},
		{
			"name": "Aim",
			"from": [7.25, 13.5, 7.75],
			"to": [8.75, 13.75, 8.25],
			"faces": {
				"north": {"uv": [5, 13, 7, 15], "texture": "#0"},
				"east": {"uv": [5, 13, 7, 15], "texture": "#0"},
				"south": {"uv": [5, 13, 7, 15], "texture": "#0"},
				"west": {"uv": [5, 13, 7, 15], "texture": "#0"},
				"up": {"uv": [5, 13, 7, 15], "texture": "#0"},
				"down": {"uv": [5, 13, 7, 15], "texture": "#0"}
			}
		},
		{
			"name": "cube",
			"from": [7, 13, 2.5],
			"to": [9, 13.5, 8],
			"faces": {
				"north": {"uv": [12, 9, 14, 11], "texture": "#0"},
				"east": {"uv": [12, 9, 14, 11], "texture": "#0"},
				"south": {"uv": [12, 9, 14, 11], "texture": "#0"},
				"west": {"uv": [12, 9, 14, 11], "texture": "#0"},
				"up": {"uv": [12, 9, 14, 11], "texture": "#0"},
				"down": {"uv": [12, 9, 14, 11], "texture": "#0"}
			}
		},
		{
			"name": "cube",
			"from": [7, 10, 2.5],
			"to": [9, 10.5, 8],
			"faces": {
				"north": {"uv": [13, 9, 15, 11], "texture": "#0"},
				"east": {"uv": [13, 9, 15, 11], "texture": "#0"},
				"south": {"uv": [13, 9, 15, 11], "texture": "#0"},
				"west": {"uv": [13, 9, 15, 11], "texture": "#0"},
				"up": {"uv": [13, 9, 15, 11], "texture": "#0"},
				"down": {"uv": [13, 9, 15, 11], "texture": "#0"}
			}
		},
		{
			"name": "cube",
			"from": [7, 10, 2.25],
			"to": [9, 13, 3.25],
			"faces": {
				"north": {"uv": [13, 9, 15, 11], "texture": "#0"},
				"east": {"uv": [13, 9, 15, 11], "texture": "#0"},
				"south": {"uv": [13, 9, 15, 11], "texture": "#0"},
				"west": {"uv": [13, 9, 15, 11], "texture": "#0"},
				"up": {"uv": [13, 9, 15, 11], "texture": "#0"},
				"down": {"uv": [13, 9, 15, 11], "texture": "#0"}
			}
		},
		{
			"name": "cube",
			"from": [7, 10, 6.5],
			"to": [9, 13, 8.25],
			"faces": {
				"north": {"uv": [13, 9, 15, 11], "texture": "#0"},
				"east": {"uv": [13, 9, 15, 11], "texture": "#0"},
				"south": {"uv": [13, 9, 15, 11], "texture": "#0"},
				"west": {"uv": [13, 9, 15, 11], "texture": "#0"},
				"up": {"uv": [13, 9, 15, 11], "texture": "#0"},
				"down": {"uv": [13, 9, 15, 11], "texture": "#0"}
			}
		},
		{
			"name": "spinner",
			"from": [6.75, 11.25, 3.5],
			"to": [9.25, 12.25, 6.25],
			"rotation": {
				"angle": -22.5,
				"axis": "z",
				"origin": [8, 11.75, 5.375]
			},
			"faces": {
				"north": {
					"uv": [14, 2, 16, 4],
					"texture": "#0",
					"rotation": 180
				},
				"east": {
					"uv": [14, 2, 16, 4],
					"texture": "#0",
					"rotation": 180
				},
				"south": {
					"uv": [14, 2, 16, 4],
					"texture": "#0",
					"rotation": 180
				},
				"west": {
					"uv": [14, 2, 16, 4],
					"texture": "#0",
					"rotation": 180
				},
				"up": {
					"uv": [14, 2, 16, 4],
					"texture": "#0",
					"rotation": 180
				},
				"down": {
					"uv": [14, 2, 16, 4],
					"texture": "#0",
					"rotation": 180
				}
			}
		},
		{
			"name": "spinner",
			"from": [7.5, 10.5, 3.5],
			"to": [8.5, 13, 6.25],
			"rotation": {
				"angle": 45,
				"axis": "z",
				"origin": [8, 11.75, 5.375]
			},
			"faces": {
				"north": {
					"uv": [14, 2, 16, 4],
					"texture": "#0",
					"rotation": 90
				},
				"east": {
					"uv": [14, 2, 16, 4],
					"texture": "#0",
					"rotation": 270
				},
				"south": {
					"uv": [14, 2, 16, 4],
					"texture": "#0",
					"rotation": 270
				},
				"west": {
					"uv": [14, 2, 16, 4],
					"texture": "#0",
					"rotation": 270
				},
				"up": {
					"uv": [14, 2, 16, 4],
					"texture": "#0",
					"rotation": 270
				},
				"down": {
					"uv": [14, 2, 16, 4],
					"texture": "#0",
					"rotation": 270
				}
			}
		},
		{
			"name": "spinner",
			"from": [7.5, 10.5, 3.5],
			"to": [8.5, 13, 6.25],
			"rotation": {
				"angle": 22.5,
				"axis": "z",
				"origin": [8, 11.75, 5.375]
			},
			"faces": {
				"north": {
					"uv": [14, 2, 16, 4],
					"texture": "#0",
					"rotation": 90
				},
				"east": {
					"uv": [14, 2, 16, 4],
					"texture": "#0",
					"rotation": 270
				},
				"south": {
					"uv": [14, 2, 16, 4],
					"texture": "#0",
					"rotation": 270
				},
				"west": {
					"uv": [14, 2, 16, 4],
					"texture": "#0",
					"rotation": 270
				},
				"up": {
					"uv": [14, 2, 16, 4],
					"texture": "#0",
					"rotation": 270
				},
				"down": {
					"uv": [14, 2, 16, 4],
					"texture": "#0",
					"rotation": 270
				}
			}
		},
		{
			"name": "spinner",
			"from": [7.5, 10.5, 3.5],
			"to": [8.5, 13, 6.25],
			"rotation": {
				"angle": 0,
				"axis": "z",
				"origin": [8, 11.75, 5.375]
			},
			"faces": {
				"north": {
					"uv": [14, 2, 16, 4],
					"texture": "#0",
					"rotation": 90
				},
				"east": {
					"uv": [14, 2, 16, 4],
					"texture": "#0",
					"rotation": 270
				},
				"south": {
					"uv": [14, 2, 16, 4],
					"texture": "#0",
					"rotation": 270
				},
				"west": {
					"uv": [14, 2, 16, 4],
					"texture": "#0",
					"rotation": 270
				},
				"up": {
					"uv": [14, 2, 16, 4],
					"texture": "#0",
					"rotation": 270
				},
				"down": {
					"uv": [14, 2, 16, 4],
					"texture": "#0",
					"rotation": 270
				}
			}
		},
		{
			"name": "spinner",
			"from": [7.5, 10.5, 3.5],
			"to": [8.5, 13, 6.25],
			"rotation": {
				"angle": -22.5,
				"axis": "z",
				"origin": [8, 11.75, 5.375]
			},
			"faces": {
				"north": {
					"uv": [14, 2, 16, 4],
					"texture": "#0",
					"rotation": 90
				},
				"east": {
					"uv": [14, 2, 16, 4],
					"texture": "#0",
					"rotation": 270
				},
				"south": {
					"uv": [14, 2, 16, 4],
					"texture": "#0",
					"rotation": 270
				},
				"west": {
					"uv": [14, 2, 16, 4],
					"texture": "#0",
					"rotation": 270
				},
				"up": {
					"uv": [14, 2, 16, 4],
					"texture": "#0",
					"rotation": 270
				},
				"down": {
					"uv": [14, 2, 16, 4],
					"texture": "#0",
					"rotation": 270
				}
			}
		},
		{
			"name": "spinner",
			"from": [6.75, 11.25, 3.5],
			"to": [9.25, 12.25, 6.25],
			"rotation": {
				"angle": 45,
				"axis": "z",
				"origin": [8, 11.75, 5.375]
			},
			"faces": {
				"north": {"uv": [14, 2, 16, 4], "texture": "#0"},
				"east": {"uv": [14, 2, 16, 4], "texture": "#0"},
				"south": {"uv": [14, 2, 16, 4], "texture": "#0"},
				"west": {"uv": [14, 2, 16, 4], "texture": "#0"},
				"up": {"uv": [14, 2, 16, 4], "texture": "#0"},
				"down": {"uv": [14, 2, 16, 4], "texture": "#0"}
			}
		},
		{
			"name": "spinner",
			"from": [6.75, 11.25, 3.5],
			"to": [9.25, 12.25, 6.25],
			"rotation": {
				"angle": 22.5,
				"axis": "z",
				"origin": [8, 11.75, 5.375]
			},
			"faces": {
				"north": {"uv": [14, 2, 16, 4], "texture": "#0"},
				"east": {"uv": [14, 2, 16, 4], "texture": "#0"},
				"south": {"uv": [14, 2, 16, 4], "texture": "#0"},
				"west": {"uv": [14, 2, 16, 4], "texture": "#0"},
				"up": {"uv": [14, 2, 16, 4], "texture": "#0"},
				"down": {"uv": [14, 2, 16, 4], "texture": "#0"}
			}
		},
		{
			"name": "spinner",
			"from": [6.75, 11.25, 3.5],
			"to": [9.25, 12.25, 6.25],
			"rotation": {
				"angle": 0,
				"axis": "y",
				"origin": [8, 11.75, 5.375]
			},
			"faces": {
				"north": {"uv": [14, 2, 16, 4], "texture": "#0"},
				"east": {"uv": [14, 2, 16, 4], "texture": "#0"},
				"south": {"uv": [14, 2, 16, 4], "texture": "#0"},
				"west": {"uv": [14, 2, 16, 4], "texture": "#0"},
				"up": {"uv": [14, 2, 16, 4], "texture": "#0"},
				"down": {"uv": [14, 2, 16, 4], "texture": "#0"}
			}
		},
		{
			"name": "cube",
			"from": [7.5, 8.5, 6],
			"to": [8.5, 10.25, 6.5],
			"rotation": {
				"angle": 22.5,
				"axis": "x",
				"origin": [8, 9.375, 6.25]
			},
			"faces": {
				"north": {"uv": [13, 1, 15, 3], "texture": "#0"},
				"east": {"uv": [13, 1, 15, 3], "texture": "#0"},
				"south": {"uv": [13, 1, 15, 3], "texture": "#0"},
				"west": {"uv": [13, 1, 15, 3], "texture": "#0"},
				"up": {"uv": [13, 1, 15, 3], "texture": "#0"},
				"down": {"uv": [13, 1, 15, 3], "texture": "#0"}
			}
		},
		{
			"name": "cube",
			"from": [7, 8, 4.5],
			"to": [9, 10.5, 5],
			"faces": {
				"north": {"uv": [13, 9, 15, 11], "texture": "#0"},
				"east": {"uv": [13, 9, 15, 11], "texture": "#0"},
				"south": {"uv": [13, 9, 15, 11], "texture": "#0"},
				"west": {"uv": [13, 9, 15, 11], "texture": "#0"},
				"up": {"uv": [13, 9, 15, 11], "texture": "#0"},
				"down": {"uv": [13, 9, 15, 11], "texture": "#0"}
			}
		},
		{
			"name": "cube",
			"from": [7, 8, 5],
			"to": [9, 8.5, 7],
			"faces": {
				"north": {"uv": [13, 9, 15, 11], "texture": "#0"},
				"east": {"uv": [13, 9, 15, 11], "texture": "#0"},
				"south": {"uv": [13, 9, 15, 11], "texture": "#0"},
				"west": {"uv": [13, 9, 15, 11], "texture": "#0"},
				"up": {"uv": [13, 9, 15, 11], "texture": "#0"},
				"down": {"uv": [13, 9, 15, 11], "texture": "#0"}
			}
		},
		{
			"name": "Barrel",
			"from": [7.75, 11.5, -8.5],
			"to": [8.25, 12.75, 3.25],
			"faces": {
				"north": {"uv": [14, 2, 16, 4], "texture": "#0"},
				"east": {"uv": [14, 2, 16, 4], "texture": "#0"},
				"south": {"uv": [14, 2, 16, 4], "texture": "#0"},
				"west": {"uv": [14, 2, 16, 4], "texture": "#0"},
				"up": {"uv": [14, 2, 16, 4], "texture": "#0"},
				"down": {"uv": [14, 2, 16, 4], "texture": "#0"}
			}
		},
		{
			"name": "Barrel",
			"from": [7.5, 12, -8.75],
			"to": [8.5, 13.25, 3.25],
			"faces": {
				"north": {"uv": [13, 10, 15, 12], "texture": "#0"},
				"east": {"uv": [13, 10, 15, 12], "texture": "#0"},
				"south": {"uv": [13, 10, 15, 12], "texture": "#0"},
				"west": {"uv": [13, 10, 15, 12], "texture": "#0"},
				"up": {"uv": [13, 10, 15, 12], "texture": "#0"},
				"down": {"uv": [13, 10, 15, 12], "texture": "#0"}
			}
		},
		{
			"name": "EndIron",
			"from": [7.870000000000001, 13.25, -8.25],
			"to": [8.120000000000001, 13.75, -8],
			"faces": {
				"north": {"uv": [4, 14, 6, 16], "texture": "#0"},
				"east": {"uv": [4, 14, 6, 16], "texture": "#0"},
				"south": {"uv": [4, 14, 6, 16], "texture": "#0"},
				"west": {"uv": [4, 14, 6, 16], "texture": "#0"},
				"up": {"uv": [4, 14, 6, 16], "texture": "#0"},
				"down": {"uv": [4, 14, 6, 16], "texture": "#0"}
			}
		}
	],
	"display": {
		"thirdperson_righthand": {
			"rotation": [-7, -2, -10],
			"translation": [0, 0, -2],
			"scale": [0.7, 0.7, 0.7]
		},
		"thirdperson_lefthand": {
			"rotation": [-7, 1, -9],
			"translation": [-12, -1, 0.5],
			"scale": [0.7, 0.7, 0.7]
		},
		"firstperson_righthand": {
			"rotation": [0, -2, 0],
			"translation": [0, 0, 0]
		},
		"firstperson_lefthand": {
			"rotation": [0, 0, 0],
			"translation": [-9, 2, 0]
		},
		"gui": {
			"rotation": [0, -130, 0],
			"translation": [0, 5, 0]
		},
		"ground": {
			"rotation": [0, 0, -23],
			"translation": [3.59, -0.94, 6.05]
		},
		"fixed": {
			"rotation": [-1, 3, -41],
			"translation": [12.28, 3.4, 10.39],
			"scale": [3.37, 3.37, 3.4]
		}
	}
}