{
	"__comment": "PKP Model made by HUNAJAMELONI",
	"textures": {
		"texture": "items/pkp"
	},
	"elements": [
		{
			"from": [ -8.25, 10.25, 4 ],
			"to": [ 5.25, 11, 4.75 ],
			"faces": {
				"down": { "uv": [ 7, 2.25, 12.25, 3 ], "texture": "#texture" },
				"up": { "uv": [ 7, 2.25, 12.25, 3 ], "texture": "#texture" },
				"north": { "uv": [ 8, 2.5, 13.25, 3.25 ], "texture": "#texture" },
				"south": { "uv": [ 8, 2.5, 13.25, 3.25 ], "texture": "#texture" },
				"west": { "uv": [ 8.25, 2.75, 9, 3.5 ], "texture": "#texture" },
				"east": { "uv": [ 8.25, 2.75, 9, 3.5 ], "texture": "#texture" }
			}
		},
		{
			"from": [ -2.75, 9.25, 4 ],
			"to": [ 5.25, 10, 4.75 ],
			"faces": {
				"down": { "uv": [ 7.5, 2.5, 12.75, 3.25 ], "texture": "#texture" },
				"up": { "uv": [ 7.5, 2.5, 12.75, 3.25 ], "texture": "#texture" },
				"north": { "uv": [ 8, 3, 13.25, 3.75 ], "texture": "#texture" },
				"south": { "uv": [ 8, 3, 13.25, 3.75 ], "texture": "#texture" },
				"west": { "uv": [ 8.75, 2.75, 9.5, 3.5 ], "texture": "#texture" },
				"east": { "uv": [ 8.75, 2.75, 9.5, 3.5 ], "texture": "#texture" }
			}
		},
		{
			"from": [ 0.25, 9, 3.75 ],
			"to": [ 3.75, 10.5, 5 ],
			"faces": {
				"down": { "uv": [ 7.25, 4.5, 10.75, 5 ], "texture": "#texture" },
				"up": { "uv": [ 7.75, 1.5, 11.25, 2 ], "texture": "#texture" },
				"north": { "uv": [ 7, 6.5, 13.5, 9 ], "texture": "#texture" },
				"south": { "uv": [ 7, 6.5, 13.5, 9 ], "texture": "#texture" },
				"west": { "uv": [ 9.5, 2.5, 10.75, 4 ], "texture": "#texture" },
				"east": { "uv": [ 9.5, 2.5, 10.75, 4 ], "texture": "#texture" }
			}
		},
		{
			"from": [ 3.5, 8.75, 3.5 ],
			"to": [ 11, 10.75, 5.25 ],
			"faces": {
				"down": { "uv": [ 7, 4.5, 13, 5 ], "texture": "#texture" },
				"up": { "uv": [ 7.25, 1.5, 13.25, 2 ], "texture": "#texture" },
				"north": { "uv": [ 7, 6.5, 13.5, 9 ], "texture": "#texture" },
				"south": { "uv": [ 7, 6.5, 13.5, 9 ], "texture": "#texture" },
				"west": { "uv": [ 7, 2.25, 8.75, 4.25 ], "texture": "#texture" },
				"east": { "uv": [ 7, 2.25, 8.75, 4.25 ], "texture": "#texture" }
			}
		},
		{
			"from": [ 5.25, 10.75, 3.5 ],
			"to": [ 11, 11.5, 5.25 ],
			"faces": {
				"down": { "uv": [ 7.25, 4.5, 13, 4.75 ], "texture": "#texture" },
				"up": { "uv": [ 7, 1.75, 12.75, 2 ], "texture": "#texture" },
				"north": { "uv": [ 7, 1.75, 12.75, 2.75 ], "texture": "#texture" },
				"south": { "uv": [ 7, 1.75, 12.75, 2.75 ], "texture": "#texture" },
				"west": { "uv": [ 9, 2.25, 10.75, 3 ], "texture": "#texture" },
				"east": { "uv": [ 9, 2.25, 10.75, 3 ], "texture": "#texture" }
			}
		},
		{
			"from": [ -2.75, 9.5, 4 ],
			"to": [ -2, 10.5, 4.75 ],
			"faces": {
				"down": { "uv": [ 9.25, 3.25, 9.75, 4 ], "texture": "#texture" },
				"up": { "uv": [ 9.25, 3.25, 9.75, 4 ], "texture": "#texture" },
				"north": { "uv": [ 11.25, 2.75, 11.75, 3.75 ], "texture": "#texture" },
				"south": { "uv": [ 11.25, 2.75, 11.75, 3.75 ], "texture": "#texture" },
				"west": { "uv": [ 9.75, 3, 10.5, 4 ], "texture": "#texture" },
				"east": { "uv": [ 11, 2.75, 11.75, 3.75 ], "texture": "#texture" }
			}
		},
		{
			"from": [ -7.25, 6.8125, 4 ],
			"to": [ -6.75, 10.5625, 4.5 ],
			"rotation": { "origin": [ -7.25, 10.5625, 4 ], "axis": "x", "angle": 22.5 },
			"faces": {
				"down": { "uv": [ 12, 3.75, 11.25, 3 ], "texture": "#texture" },
				"up": { "uv": [ 12, 3.75, 11.25, 3 ], "texture": "#texture" },
				"north": { "uv": [ 9.75, 2, 10.25, 4.25 ], "texture": "#texture" },
				"south": { "uv": [ 9.75, 2, 10.25, 4.25 ], "texture": "#texture" },
				"west": { "uv": [ 7.5, 2.25, 8.25, 4.25 ], "texture": "#texture" },
				"east": { "uv": [ 7.5, 2.25, 8.25, 4.25 ], "texture": "#texture" }
			}
		},
		{
			"from": [ -7.25, 6.5, 4.25 ],
			"to": [ -6.75, 10.25, 4.75 ],
			"rotation": { "origin": [ -7.25, 10.25, 4.25 ], "axis": "x", "angle": -22.5 },
			"faces": {
				"down": { "uv": [ 8.5, 3, 9.25, 3.75 ], "texture": "#texture" },
				"up": { "uv": [ 8.5, 3, 9.25, 3.75 ], "texture": "#texture" },
				"north": { "uv": [ 8.75, 2.75, 9.5, 4.5 ], "texture": "#texture" },
				"south": { "uv": [ 8.75, 2.75, 9.5, 4.5 ], "texture": "#texture" },
				"west": { "uv": [ 9, 2, 10, 4.25 ], "texture": "#texture" },
				"east": { "uv": [ 9, 2, 10, 4.25 ], "texture": "#texture" }
			}
		},
		{
			"from": [ -7.25, 10.75, 4 ],
			"to": [ -6.75, 11.75, 4.75 ],
			"faces": {
				"down": { "uv": [ 8, 3, 8.5, 3.75 ], "texture": "#texture" },
				"up": { "uv": [ 8, 3, 8.5, 3.75 ], "texture": "#texture" },
				"north": { "uv": [ 11.75, 2.5, 12.25, 3.5 ], "texture": "#texture" },
				"south": { "uv": [ 11.75, 2.5, 12.25, 3.5 ], "texture": "#texture" },
				"west": { "uv": [ 8.75, 2.5, 9.5, 3.5 ], "texture": "#texture" },
				"east": { "uv": [ 8.75, 2.5, 9.5, 3.5 ], "texture": "#texture" }
			}
		},
		{
			"from": [ -0.5, 10.125, 4 ],
			"to": [ -0.1875, 12.25, 4.75 ],
			"rotation": { "origin": [ -0.5, 12.25, 4 ], "axis": "z", "angle": -45 },
			"faces": {
				"down": { "uv": [ 8.5, 2.75, 9, 3.5 ], "texture": "#texture" },
				"up": { "uv": [ 8.5, 2.75, 9, 3.5 ], "texture": "#texture" },
				"north": { "uv": [ 10.75, 2.75, 11.25, 3.75 ], "texture": "#texture" },
				"south": { "uv": [ 10.75, 2.75, 11.25, 3.75 ], "texture": "#texture" },
				"west": { "uv": [ 8.5, 2.75, 9.25, 3.75 ], "texture": "#texture" },
				"east": { "uv": [ 8.5, 2.75, 9.25, 3.75 ], "texture": "#texture" }
			}
		},
		{
			"from": [ -0.4375, 11.875, 4 ],
			"to": [ 3.9375, 12.25, 4.75 ],
			"faces": {
				"down": { "uv": [ 9, 3, 9.5, 3.75 ], "texture": "#texture" },
				"up": { "uv": [ 9, 3, 9.5, 3.75 ], "texture": "#texture" },
				"north": { "uv": [ 10.75, 3, 11.25, 4 ], "texture": "#texture" },
				"south": { "uv": [ 10.75, 3, 11.25, 4 ], "texture": "#texture" },
				"west": { "uv": [ 8.25, 2.75, 9, 3.75 ], "texture": "#texture" },
				"east": { "uv": [ 8.25, 2.75, 9, 3.75 ], "texture": "#texture" }
			}
		},
		{
			"from": [ 3.6875, 11.125, 4 ],
			"to": [ 4.0625, 12.125, 4.75 ],
			"rotation": { "origin": [ 3.6875, 12.125, 4 ], "axis": "z", "angle": 22.5 },
			"faces": {
				"down": { "uv": [ 8, 2.75, 8.5, 3.5 ], "texture": "#texture" },
				"up": { "uv": [ 8, 2.75, 8.5, 3.5 ], "texture": "#texture" },
				"north": { "uv": [ 10.5, 2.75, 11, 3.75 ], "texture": "#texture" },
				"south": { "uv": [ 10.5, 2.75, 11, 3.75 ], "texture": "#texture" },
				"west": { "uv": [ 9.25, 2.5, 10, 3.5 ], "texture": "#texture" },
				"east": { "uv": [ 9.25, 2.5, 10, 3.5 ], "texture": "#texture" }
			}
		},
		{
			"from": [ 4.25, 10.625, 4 ],
			"to": [ 4.625, 11.625, 4.75 ],
			"rotation": { "origin": [ 4.25, 11.625, 4 ], "axis": "z", "angle": -45 },
			"faces": {
				"down": { "uv": [ 8, 3, 8.5, 3.75 ], "texture": "#texture" },
				"up": { "uv": [ 8, 3, 8.5, 3.75 ], "texture": "#texture" },
				"north": { "uv": [ 10.5, 3, 11, 4 ], "texture": "#texture" },
				"south": { "uv": [ 10.5, 3, 11, 4 ], "texture": "#texture" },
				"west": { "uv": [ 8, 2.75, 8.75, 3.75 ], "texture": "#texture" },
				"east": { "uv": [ 8, 2.75, 8.75, 3.75 ], "texture": "#texture" }
			}
		},
		{
			"from": [ 0.5, 10.9375, 4 ],
			"to": [ 0.8125, 12, 4.75 ],
			"faces": {
				"down": { "uv": [ 8, 2.75, 8.5, 3.5 ], "texture": "#texture" },
				"up": { "uv": [ 8, 2.75, 8.5, 3.5 ], "texture": "#texture" },
				"north": { "uv": [ 10.75, 2.75, 11.25, 3.75 ], "texture": "#texture" },
				"south": { "uv": [ 10.75, 2.75, 11.25, 3.75 ], "texture": "#texture" },
				"west": { "uv": [ 7.5, 2.5, 8.25, 3.5 ], "texture": "#texture" },
				"east": { "uv": [ 7.5, 2.5, 8.25, 3.5 ], "texture": "#texture" }
			}
		},
		{
			"from": [ 3.5, 6, 2.5 ],
			"to": [ 5.5, 9, 6.25 ],
			"faces": {
				"down": { "uv": [ 3.75, 14, 9.5, 14.5 ], "texture": "#texture" },
				"up": { "uv": [ 4, 11, 9.75, 11.5 ], "texture": "#texture" },
				"north": { "uv": [ 9.5, 11.5, 10, 14.5 ], "texture": "#texture" },
				"south": { "uv": [ 3, 11.5, 3.5, 14.5 ], "texture": "#texture" },
				"west": { "uv": [ 3.25, 11, 10, 14.5 ], "texture": "#texture" },
				"east": { "uv": [ 3.25, 11, 10, 14.5 ], "texture": "#texture" }
			}
		},
		{
			"from": [ 9, 5.875, 4 ],
			"to": [ 10, 8.75, 4.75 ],
			"rotation": { "origin": [ 9, 8.75, 4 ], "axis": "z", "angle": 22.5 },
			"faces": {
				"down": { "uv": [ 10.75, 3, 11.25, 3.75 ], "texture": "#texture" },
				"up": { "uv": [ 10.75, 3, 11.25, 3.75 ], "texture": "#texture" },
				"north": { "uv": [ 9, 2.75, 9.5, 3.75 ], "texture": "#texture" },
				"south": { "uv": [ 9, 2.75, 9.5, 3.75 ], "texture": "#texture" },
				"west": { "uv": [ 8.5, 2.75, 9.25, 3.75 ], "texture": "#texture" },
				"east": { "uv": [ 8.5, 2.75, 9.25, 3.75 ], "texture": "#texture" }
			}
		},
		{
			"from": [ 7.25, 8.25, 4 ],
			"to": [ 10.5, 9, 4.75 ],
			"faces": {
				"down": { "uv": [ 7.75, 2.75, 8.25, 3.5 ], "texture": "#texture" },
				"up": { "uv": [ 7.75, 2.75, 8.25, 3.5 ], "texture": "#texture" },
				"north": { "uv": [ 7.5, 2.75, 8, 3.75 ], "texture": "#texture" },
				"south": { "uv": [ 7.5, 2.75, 8, 3.75 ], "texture": "#texture" },
				"west": { "uv": [ 8.75, 2.75, 9.5, 3.75 ], "texture": "#texture" },
				"east": { "uv": [ 8.75, 2.75, 9.5, 3.75 ], "texture": "#texture" }
			}
		},
		{
			"from": [ 5.25, 11.5, 3.75 ],
			"to": [ 11, 11.75, 5 ],
			"faces": {
				"down": { "uv": [ 7, 1.5, 13.5, 2 ], "texture": "#texture" },
				"up": { "uv": [ 7, 1.5, 13.5, 2 ], "texture": "#texture" },
				"north": { "uv": [ 7, 1.5, 12.75, 1.75 ], "texture": "#texture" },
				"south": { "uv": [ 7, 1.5, 12.75, 1.75 ], "texture": "#texture" },
				"west": { "uv": [ 8.25, 1.5, 9.5, 1.75 ], "texture": "#texture" },
				"east": { "uv": [ 8.25, 1.5, 9.5, 1.75 ], "texture": "#texture" }
			}
		},
		{
			"from": [ 10.75, 9.5, 3.75 ],
			"to": [ 13, 10.75, 5 ],
			"faces": {
				"down": { "uv": [ 1, 6, 4.5, 6.5 ], "texture": "#texture" },
				"up": { "uv": [ 1, 3, 4.5, 3.5 ], "texture": "#texture" },
				"north": { "uv": [ 1, 3, 4.5, 6.5 ], "texture": "#texture" },
				"south": { "uv": [ 1, 3, 4.5, 6.5 ], "texture": "#texture" },
				"west": { "uv": [ 1, 3, 4.5, 6.25 ], "texture": "#texture" },
				"east": { "uv": [ 1, 3, 4.5, 6.25 ], "texture": "#texture" }
			}
		},
		{
			"from": [ 12.5, 10.25, 3.75 ],
			"to": [ 17.25, 11, 5 ],
			"faces": {
				"down": { "uv": [ 1, 6, 4.5, 6.5 ], "texture": "#texture" },
				"up": { "uv": [ 1, 3, 4.5, 3.5 ], "texture": "#texture" },
				"north": { "uv": [ 1, 3, 4.5, 4.75 ], "texture": "#texture" },
				"south": { "uv": [ 1, 3, 4.5, 4.75 ], "texture": "#texture" },
				"west": { "uv": [ 2.5, 4.75, 3.75, 5.5 ], "texture": "#texture" },
				"east": { "uv": [ 2.5, 4.75, 3.75, 5.5 ], "texture": "#texture" }
			}
		},
		{
			"from": [ 17.25, 8.5, 3.75 ],
			"to": [ 17.75, 11.25, 5 ],
			"faces": {
				"down": { "uv": [ 1.5, 6, 4.5, 6.5 ], "texture": "#texture" },
				"up": { "uv": [ 1.5, 3, 4.5, 3.5 ], "texture": "#texture" },
				"north": { "uv": [ 1, 3, 4.5, 5.25 ], "texture": "#texture" },
				"south": { "uv": [ 1, 3, 4.5, 5.25 ], "texture": "#texture" },
				"west": { "uv": [ 2.5, 3, 4.25, 3.5 ], "texture": "#texture" },
				"east": { "uv": [ 1.75, 3, 3.5, 3.5 ], "texture": "#texture" }
			}
		},
		{
			"from": [ 13, 8.875, 3.75 ],
			"to": [ 15, 10.0625, 5 ],
			"rotation": { "origin": [ 13, 10.0625, 3.75 ], "axis": "z", "angle": -45 },
			"faces": {
				"down": { "uv": [ 2, 6, 4, 6.5 ], "texture": "#texture" },
				"up": { "uv": [ 2.25, 3, 4.25, 3.5 ], "texture": "#texture" },
				"north": { "uv": [ 1, 3.5, 4.5, 6.5 ], "texture": "#texture" },
				"south": { "uv": [ 1, 3.5, 4.5, 6.5 ], "texture": "#texture" },
				"west": { "uv": [ 2.5, 5, 3.75, 5.75 ], "texture": "#texture" },
				"east": { "uv": [ 2.5, 5, 3.75, 5.75 ], "texture": "#texture" }
			}
		},
		{
			"from": [ 13.5, 7.75, 3.75 ],
			"to": [ 15, 8.5, 5 ],
			"rotation": { "origin": [ 13.5, 8.5, 3.75 ], "axis": "z", "angle": 22.5 },
			"faces": {
				"down": { "uv": [ 1, 6, 4.5, 6.25 ], "texture": "#texture" },
				"up": { "uv": [ 1, 3, 4.5, 3.5 ], "texture": "#texture" },
				"north": { "uv": [ 1, 4.25, 4.5, 6.5 ], "texture": "#texture" },
				"south": { "uv": [ 1, 4.25, 4.5, 6.5 ], "texture": "#texture" },
				"west": { "uv": [ 2.5, 4.75, 3.75, 5.5 ], "texture": "#texture" },
				"east": { "uv": [ 2.5, 4.75, 3.75, 5.5 ], "texture": "#texture" }
			}
		},
		{
			"from": [ 14.75, 8.25, 3.75 ],
			"to": [ 17.6875, 9, 5 ],
			"faces": {
				"down": { "uv": [ 1, 5.75, 4.5, 6.25 ], "texture": "#texture" },
				"up": { "uv": [ 1, 3, 4.5, 3.5 ], "texture": "#texture" },
				"north": { "uv": [ 1, 4.25, 4.5, 6.5 ], "texture": "#texture" },
				"south": { "uv": [ 1, 4.25, 4.5, 6.5 ], "texture": "#texture" },
				"west": { "uv": [ 1.75, 4, 3, 4.75 ], "texture": "#texture" },
				"east": { "uv": [ 1.75, 4, 3, 4.75 ], "texture": "#texture" }
			}
		},
		{
			"from": [ 8.25, 7.5, 4 ],
			"to": [ 9.75, 7.75, 4.75 ],
			"faces": {
				"down": { "uv": [ 7.75, 2.75, 8.25, 3.5 ], "texture": "#texture" },
				"up": { "uv": [ 7.75, 2.75, 8.25, 3.5 ], "texture": "#texture" },
				"north": { "uv": [ 7.5, 2.75, 8, 3.75 ], "texture": "#texture" },
				"south": { "uv": [ 7.5, 2.75, 8, 3.75 ], "texture": "#texture" },
				"west": { "uv": [ 8.75, 2.75, 9.5, 3.75 ], "texture": "#texture" },
				"east": { "uv": [ 8.75, 2.75, 9.5, 3.75 ], "texture": "#texture" }
			}
		},
		{
			"from": [ 8.25, 7.5, 4 ],
			"to": [ 8.5, 8.5, 4.75 ],
			"faces": {
				"down": { "uv": [ 7.75, 2.75, 8.25, 3.5 ], "texture": "#texture" },
				"up": { "uv": [ 7.75, 2.75, 8.25, 3.5 ], "texture": "#texture" },
				"north": { "uv": [ 7.5, 2.75, 8, 3.75 ], "texture": "#texture" },
				"south": { "uv": [ 7.5, 2.75, 8, 3.75 ], "texture": "#texture" },
				"west": { "uv": [ 8.75, 2.75, 9.5, 3.75 ], "texture": "#texture" },
				"east": { "uv": [ 8.75, 2.75, 9.5, 3.75 ], "texture": "#texture" }
			}
		}
	],
	"display": {
		"thirdperson_righthand": {
			"rotation":  [ -3, -88, -7 ],
			"translation":  [ -4.91, -1.13, -0.8 ],
			"scale":  [ 1, 1.2, 1.2 ]
		},
		"thirdperson_lefthand": {
			"rotation":  [ -3, 92, 7 ],
			"translation":  [ 3.78, -0.38, 0.38 ],
			"scale":  [ 1, 1.2, 1.2 ]
		},
		"firstperson_righthand": {
			"rotation":  [ 0, -95, 0 ],
			"translation":  [ -6.8, 1.89, 4.54 ],
			"scale":  [ 0.72, 0.98, 1.2 ]
		},
		"firstperson_lefthand": {
			"rotation":  [ 0, 87, 0 ],
			"translation":  [ 2.5995, 2.08, 3.7086 ],
			"scale":  [ 0.79, 1, 1 ]
		},
		"gui": {
			"rotation":  [ 21, 140, -40 ],
			"translation":  [ 0.94, -1.7, 1.7 ],
			"scale":  [ 0.8, 0.8, 0.8 ]
		},
		"head": {
			"rotation":  [ 0, 6, -43 ],
			"translation":  [ 2.46, -21.54, 11.15 ],
			"scale":  [ 2, 2, 2 ]
		},
		"ground": {
			"rotation":  [ 0, 0, -30 ],
			"translation":  [ 0, -1.89, 4.54 ],
			"scale":  [ 0.7, 0.7, 0.7 ]
		},
		"fixed": {
			"rotation":  [ 0, 0, -44 ],
			"translation":  [ 0, -2, 2.4 ]
		}
	}
}