{
	"credit": "Made with Blockbench, a free, modern block model editor by JannisX11",
	"textures": {
		"0": "items/spas",
		"particle": "items/spas"
	},
	"elements": [
		{
			"name": "Silverstuff",
			"from": [5.5, 9.5, 3.75],
			"to": [6.5, 11.25, 4.75],
			"faces": {
				"north": {"uv": [4, 13, 8, 16], "texture": "#0"},
				"east": {"uv": [4, 13, 8, 16], "texture": "#0"},
				"south": {"uv": [4, 13, 8, 16], "texture": "#0"},
				"west": {"uv": [4, 13, 8, 16], "texture": "#0"},
				"up": {"uv": [4, 13, 8, 16], "texture": "#0"},
				"down": {"uv": [4, 13, 8, 16], "texture": "#0"}
			},
			"type": "cube"
		},
		{
			"name": "Silverstuff",
			"from": [5.5, 11.25, 4],
			"to": [11, 11.35, 4.5],
			"faces": {
				"north": {"uv": [0, 13, 4, 16], "texture": "#0"},
				"east": {"uv": [0, 13, 4, 16], "texture": "#0"},
				"south": {"uv": [0, 13, 4, 16], "texture": "#0"},
				"west": {"uv": [0, 13, 4, 16], "texture": "#0"},
				"up": {"uv": [0, 13, 4, 16], "texture": "#0"},
				"down": {"uv": [0, 13, 4, 16], "texture": "#0"}
			},
			"type": "cube"
		},
		{
			"name": "Handle",
			"from": [2.75, 12.4, 4],
			"to": [6, 12.5, 4.5],
			"faces": {
				"north": {"uv": [4, 13, 8, 16], "texture": "#0"},
				"east": {"uv": [4, 13, 8, 16], "texture": "#0"},
				"south": {"uv": [4, 13, 8, 16], "texture": "#0"},
				"west": {"uv": [4, 13, 8, 16], "texture": "#0"},
				"up": {"uv": [4, 13, 8, 16], "texture": "#0"},
				"down": {"uv": [4, 13, 8, 16], "texture": "#0"}
			},
			"type": "cube"
		},
		{
			"name": "Handle",
			"from": [3.5, 12, 4],
			"to": [4, 12.4, 4.5],
			"faces": {
				"north": {"uv": [4, 13, 8, 16], "texture": "#0"},
				"east": {"uv": [4, 13, 8, 16], "texture": "#0"},
				"south": {"uv": [4, 13, 8, 16], "texture": "#0"},
				"west": {"uv": [4, 13, 8, 16], "texture": "#0"},
				"up": {"uv": [4, 13, 8, 16], "texture": "#0"},
				"down": {"uv": [4, 13, 8, 16], "texture": "#0"}
			},
			"type": "cube"
		},
		{
			"name": "Handle",
			"from": [4.5, 12, 4],
			"to": [5, 12.4, 4.5],
			"faces": {
				"north": {"uv": [4, 13, 8, 16], "texture": "#0"},
				"east": {"uv": [4, 13, 8, 16], "texture": "#0"},
				"south": {"uv": [4, 13, 8, 16], "texture": "#0"},
				"west": {"uv": [4, 13, 8, 16], "texture": "#0"},
				"up": {"uv": [4, 13, 8, 16], "texture": "#0"},
				"down": {"uv": [4, 13, 8, 16], "texture": "#0"}
			},
			"type": "cube"
		},
		{
			"name": "Handle",
			"from": [5.5, 12, 4],
			"to": [6, 12.4, 4.5],
			"faces": {
				"north": {"uv": [4, 13, 8, 16], "texture": "#0"},
				"east": {"uv": [4, 13, 8, 16], "texture": "#0"},
				"south": {"uv": [4, 13, 8, 16], "texture": "#0"},
				"west": {"uv": [4, 13, 8, 16], "texture": "#0"},
				"up": {"uv": [4, 13, 8, 16], "texture": "#0"},
				"down": {"uv": [4, 13, 8, 16], "texture": "#0"}
			},
			"type": "cube"
		},
		{
			"name": "Handle",
			"from": [2.75, 12, 4],
			"to": [6, 12.1, 4.5],
			"faces": {
				"north": {"uv": [4, 13, 8, 16], "texture": "#0"},
				"east": {"uv": [4, 13, 8, 16], "texture": "#0"},
				"south": {"uv": [4, 13, 8, 16], "texture": "#0"},
				"west": {"uv": [4, 13, 8, 16], "texture": "#0"},
				"up": {"uv": [4, 13, 8, 16], "texture": "#0"},
				"down": {"uv": [4, 13, 8, 16], "texture": "#0"}
			},
			"type": "cube"
		},
		{
			"name": "Handle",
			"from": [2.25, 14.25, 4],
			"to": [4.25, 14.850000000000001, 4.5],
			"faces": {
				"north": {"uv": [4, 13, 8, 16], "texture": "#0"},
				"east": {"uv": [4, 13, 8, 16], "texture": "#0"},
				"south": {"uv": [4, 13, 8, 16], "texture": "#0"},
				"west": {"uv": [4, 13, 8, 16], "texture": "#0"},
				"up": {"uv": [4, 13, 8, 16], "texture": "#0"},
				"down": {"uv": [4, 13, 8, 16], "texture": "#0"}
			},
			"rotation": {
				"origin": [9.5, 10.25, 8],
				"axis": "z",
				"angle": 22.5
			},
			"type": "cube"
		},
		{
			"name": "Handle",
			"from": [2.8999999999999986, 7.9, 4],
			"to": [3.25, 9.65, 4.5],
			"faces": {
				"north": {
					"uv": [4, 13, 8, 16],
					"texture": "#0",
					"rotation": 90
				},
				"east": {
					"uv": [4, 13, 8, 16],
					"texture": "#0",
					"rotation": 270
				},
				"south": {
					"uv": [4, 13, 8, 16],
					"texture": "#0",
					"rotation": 270
				},
				"west": {
					"uv": [4, 13, 8, 16],
					"texture": "#0",
					"rotation": 270
				},
				"up": {
					"uv": [4, 13, 8, 16],
					"texture": "#0",
					"rotation": 270
				},
				"down": {
					"uv": [4, 13, 8, 16],
					"texture": "#0",
					"rotation": 270
				}
			},
			"rotation": {
				"origin": [7.25, 15.15, 8],
				"axis": "z",
				"angle": -22.5
			},
			"type": "cube"
		},
		{
			"name": "Handle",
			"from": [6, 12, 3.75],
			"to": [8.75, 12.5, 4.75],
			"faces": {
				"north": {"uv": [0, 13, 4, 16], "texture": "#0"},
				"east": {"uv": [0, 13, 4, 16], "texture": "#0"},
				"south": {"uv": [0, 13, 4, 16], "texture": "#0"},
				"west": {"uv": [0, 13, 4, 16], "texture": "#0"},
				"up": {"uv": [0, 13, 4, 16], "texture": "#0"},
				"down": {"uv": [0, 13, 4, 16], "texture": "#0"}
			},
			"type": "cube"
		},
		{
			"name": "Silverstuff",
			"from": [6.5, 10.75, 3.75],
			"to": [11, 11.25, 4.75],
			"faces": {
				"north": {"uv": [0, 13, 4, 16], "texture": "#0"},
				"east": {"uv": [0, 13, 4, 16], "texture": "#0"},
				"south": {"uv": [0, 13, 4, 16], "texture": "#0"},
				"west": {"uv": [0, 13, 4, 16], "texture": "#0"},
				"up": {"uv": [0, 13, 4, 16], "texture": "#0"},
				"down": {"uv": [0, 13, 4, 16], "texture": "#0"}
			},
			"type": "cube"
		},
		{
			"name": "Silverstuff",
			"from": [6.5, 9.25, 3.5],
			"to": [11, 10.75, 5],
			"faces": {
				"north": {"uv": [12, 12, 16, 15], "texture": "#0"},
				"east": {"uv": [12, 12, 16, 15], "texture": "#0"},
				"south": {"uv": [12, 12, 16, 15], "texture": "#0"},
				"west": {"uv": [12, 12, 16, 15], "texture": "#0"},
				"up": {"uv": [12, 12, 16, 15], "texture": "#0"},
				"down": {"uv": [12, 12, 16, 15], "texture": "#0"}
			},
			"type": "cube"
		},
		{
			"name": "barrwel",
			"from": [12.75, 13, 4],
			"to": [13.25, 14.25, 4.5],
			"faces": {
				"north": {"uv": [12, 4, 16, 7], "texture": "#0"},
				"east": {"uv": [12, 4, 16, 7], "texture": "#0"},
				"south": {"uv": [12, 4, 16, 7], "texture": "#0"},
				"west": {"uv": [12, 4, 16, 7], "texture": "#0"},
				"up": {"uv": [12, 4, 16, 7], "texture": "#0"},
				"down": {"uv": [12, 4, 16, 7], "texture": "#0"}
			},
			"rotation": {
				"origin": [8, 8, 8],
				"axis": "z",
				"angle": -22.5
			},
			"type": "cube"
		},
		{
			"name": "barrwel",
			"from": [15, 10.5, 3.75],
			"to": [16, 11.25, 4.75],
			"faces": {
				"north": {"uv": [12, 4, 16, 7], "texture": "#0"},
				"east": {"uv": [12, 4, 16, 7], "texture": "#0"},
				"south": {"uv": [12, 4, 16, 7], "texture": "#0"},
				"west": {"uv": [12, 4, 16, 7], "texture": "#0"},
				"up": {"uv": [12, 4, 16, 7], "texture": "#0"},
				"down": {"uv": [12, 4, 16, 7], "texture": "#0"}
			},
			"type": "cube"
		},
		{
			"name": "barrwel",
			"from": [11, 10.5, 4],
			"to": [15, 11, 4.5],
			"faces": {
				"north": {"uv": [12, 4, 16, 7], "texture": "#0"},
				"east": {"uv": [12, 4, 16, 7], "texture": "#0"},
				"south": {"uv": [12, 4, 16, 7], "texture": "#0"},
				"west": {"uv": [12, 4, 16, 7], "texture": "#0"},
				"up": {"uv": [12, 4, 16, 7], "texture": "#0"},
				"down": {"uv": [12, 4, 16, 7], "texture": "#0"}
			},
			"type": "cube"
		},
		{
			"name": "barrwel",
			"from": [11, 9.5, 4],
			"to": [16, 10, 4.5],
			"faces": {
				"north": {"uv": [12, 4, 16, 7], "texture": "#0"},
				"east": {"uv": [12, 4, 16, 7], "texture": "#0"},
				"south": {"uv": [12, 4, 16, 7], "texture": "#0"},
				"west": {"uv": [12, 4, 16, 7], "texture": "#0"},
				"up": {"uv": [12, 4, 16, 7], "texture": "#0"},
				"down": {"uv": [12, 4, 16, 7], "texture": "#0"}
			},
			"type": "cube"
		},
		{
			"name": "cube",
			"from": [1.75, 9.5, 3.75],
			"to": [5.5, 11.25, 4.75],
			"faces": {
				"north": {"uv": [12, 13, 16, 16], "texture": "#0"},
				"east": {"uv": [12, 13, 16, 16], "texture": "#0"},
				"south": {"uv": [12, 13, 16, 16], "texture": "#0"},
				"west": {"uv": [12, 13, 16, 16], "texture": "#0"},
				"up": {"uv": [12, 13, 16, 16], "texture": "#0"},
				"down": {"uv": [12, 13, 16, 16], "texture": "#0"}
			},
			"type": "cube"
		},
		{
			"name": "cube",
			"from": [-0.6875, 8.4375, 3.75],
			"to": [1.1875, 10.1875, 4.75],
			"faces": {
				"north": {"uv": [12, 13, 16, 16], "texture": "#0"},
				"east": {"uv": [12, 13, 16, 16], "texture": "#0"},
				"south": {"uv": [12, 13, 16, 16], "texture": "#0"},
				"west": {"uv": [12, 13, 16, 16], "texture": "#0"},
				"up": {"uv": [12, 13, 16, 16], "texture": "#0"},
				"down": {"uv": [12, 13, 16, 16], "texture": "#0"}
			},
			"rotation": {
				"origin": [-0.6875, 10.1875, 3.75],
				"axis": "z",
				"angle": 22.5
			},
			"type": "cube"
		},
		{
			"name": "cube",
			"from": [0.9375, 9.125, 3.75],
			"to": [1.875, 10.875, 4.75],
			"faces": {
				"north": {"uv": [12, 12, 16, 15], "texture": "#0"},
				"east": {"uv": [12, 12, 16, 15], "texture": "#0"},
				"south": {"uv": [12, 12, 16, 15], "texture": "#0"},
				"west": {"uv": [12, 12, 16, 15], "texture": "#0"},
				"up": {"uv": [12, 12, 16, 15], "texture": "#0"},
				"down": {"uv": [12, 12, 16, 15], "texture": "#0"}
			},
			"rotation": {
				"origin": [0.9375, 10.875, 3.75],
				"axis": "z",
				"angle": 22.5
			},
			"type": "cube"
		},
		{
			"name": "cube",
			"from": [-2.0625, 7.5625, 3.75],
			"to": [-0.3125, 10.5625, 4.75],
			"faces": {
				"north": {"uv": [12, 13, 16, 16], "texture": "#0"},
				"east": {"uv": [12, 13, 16, 16], "texture": "#0"},
				"south": {"uv": [12, 13, 16, 16], "texture": "#0"},
				"west": {"uv": [12, 13, 16, 16], "texture": "#0"},
				"up": {"uv": [12, 13, 16, 16], "texture": "#0"},
				"down": {"uv": [12, 13, 16, 16], "texture": "#0"}
			},
			"rotation": {
				"origin": [-1.3125, 8.5625, 3.75],
				"axis": "z",
				"angle": -45
			},
			"type": "cube"
		},
		{
			"name": "cube",
			"from": [-0.5, 7.5, 3.75],
			"to": [0.375, 9.125, 4.75],
			"faces": {
				"north": {"uv": [12, 13, 16, 16], "texture": "#0"},
				"east": {"uv": [12, 13, 16, 16], "texture": "#0"},
				"south": {"uv": [12, 13, 16, 16], "texture": "#0"},
				"west": {"uv": [12, 13, 16, 16], "texture": "#0"},
				"up": {"uv": [12, 13, 16, 16], "texture": "#0"},
				"down": {"uv": [12, 13, 16, 16], "texture": "#0"}
			},
			"rotation": {
				"origin": [-0.5, 9.125, 3.75],
				"axis": "z",
				"angle": -45
			},
			"type": "cube"
		},
		{
			"name": "cube",
			"from": [-1.3125, 8.5625, 3.75],
			"to": [-0.375, 9.5625, 4.75],
			"faces": {
				"north": {"uv": [12, 13, 16, 16], "texture": "#0"},
				"east": {"uv": [12, 13, 16, 16], "texture": "#0"},
				"south": {"uv": [12, 13, 16, 16], "texture": "#0"},
				"west": {"uv": [12, 13, 16, 16], "texture": "#0"},
				"up": {"uv": [12, 13, 16, 16], "texture": "#0"},
				"down": {"uv": [12, 13, 16, 16], "texture": "#0"}
			},
			"rotation": {
				"origin": [-1.3125, 9.5625, 3.75],
				"axis": "z",
				"angle": 45
			},
			"type": "cube"
		},
		{
			"name": "cube",
			"from": [1.75, 11.25, 4],
			"to": [5.5, 11.375, 4.5],
			"faces": {
				"north": {"uv": [10, 13, 16, 16], "texture": "#0"},
				"east": {"uv": [10, 12, 16, 15], "texture": "#0"},
				"south": {"uv": [10, 12, 16, 15], "texture": "#0"},
				"west": {"uv": [10, 12, 16, 15], "texture": "#0"},
				"up": {"uv": [10, 12, 16, 15], "texture": "#0"},
				"down": {"uv": [10, 12, 16, 15], "texture": "#0"}
			},
			"type": "cube"
		},
		{
			"name": "cube",
			"from": [-0.5625, 10.1875, 4],
			"to": [2, 10.375, 4.5],
			"faces": {
				"north": {"uv": [10, 13, 16, 16], "texture": "#0"},
				"east": {"uv": [10, 12, 16, 15], "texture": "#0"},
				"south": {"uv": [10, 12, 16, 15], "texture": "#0"},
				"west": {"uv": [10, 12, 16, 15], "texture": "#0"},
				"up": {"uv": [10, 12, 16, 15], "texture": "#0"},
				"down": {"uv": [10, 12, 16, 15], "texture": "#0"}
			},
			"rotation": {
				"origin": [-0.5625, 10.375, 4],
				"axis": "z",
				"angle": 22.5
			},
			"type": "cube"
		}
	],
	"groups": [
		{
			"name": "",
			"isOpen": true,
			"display": {"visibility": true, "autouv": true},
			"children": [
				0,
				1,
				2,
				3,
				4,
				5,
				6,
				7,
				8,
				9,
				10,
				11,
				12,
				13,
				14,
				15,
				16,
				17,
				18,
				19,
				20,
				21,
				22,
				23
			]
		}
	],
	"display": {
		"thirdperson_righthand": {
			"rotation": [-34, 86, 31],
			"translation": [5.29, -3.4, -5.48],
			"scale": [1.17, 1.51, 1.57]
		},
		"thirdperson_lefthand": {
			"rotation": [28, -78, 31],
			"translation": [-8.623, -3.399, -2.697],
			"scale": [1.17, 1.51, 1.57]
		},
		"firstperson_righthand": {
			"rotation": [0, 87, -4],
			"translation": [-1.7, 2.27, 2.27],
			"scale": [1.0347, 0.9651, 1.0347]
		},
		"firstperson_lefthand": {
			"rotation": [0, -103, 3],
			"translation": [-7.56, 2.27, 1.13]
		},
		"gui": {
			"rotation": [-20, -29, 22],
			"translation": [0.4516, 1.13, 0],
			"scale": [0.7913, 1.1273, 0.8755]
		},
		"head": {
			"rotation": [0, -1, 45],
			"translation": [6.43, -14.36, 11.15],
			"scale": [2, 2, 2]
		},
		"ground": {
			"rotation": [18, -37, 18],
			"translation": [0.76, -0.57, 4.91]
		},
		"fixed": {
			"rotation": [0, -180, 40],
			"translation": [-2.65, -0.19, -4.72],
			"scale": [1.23, 1.2, 1.13]
		}
	}
}