{
    "parent": "item/handheld",
    "textures": {
        "layer0": "items/diamond_hoe"
    },
	"overrides": [
		{
		   "predicate": {
		      "damaged": 1,
		      "damage": 0.00
		   },
		   "model": "item/diamond_hoe_org"
		},
		{
		   "predicate": {
		      "damaged": 0,
		      "damage": 0.00128
		   },
		   "model": "item/p30"
		},
		{
		   "predicate": {
		      "damaged": 0,
		      "damage": 0.00192
		   },
		   "model": "item/pkp"
		},
		{
		   "predicate": {
		      "damaged": 0,
		      "damage": 0.0025
		   },
		   "model": "item/mp5"
		},
		{
		   "predicate": {
		      "damaged": 0,
		      "damage": 0.0032
		   },
		   "model": "item/ak47"
		},
		{
		   "predicate": {
		      "damaged": 0,
		      "damage": 0.0038
		   },
		   "model": "item/ak47u"
		},
		{
		   "predicate": {
		      "damaged": 0,
		      "damage": 0.0044
		   },
		   "model": "item/m16"
		},
		{
		   "predicate": {
		      "damaged": 0,
		      "damage": 0.0051
		   },
		   "model": "item/remmington"
		},
		{
		   "predicate": {
		      "damaged": 0,
		      "damage": 0.0057
		   },
		   "model": "item/fnfal"
		},
		{
		   "predicate": {
		      "damaged": 0,
		      "damage": 0.0064
		   },
		   "model": "item/rpg"
		},
		{
		   "predicate": {
		      "damaged": 0,
		      "damage": 0.007
		   },
		   "model": "item/ump"
		},
		{
		   "predicate": {
		      "damaged": 0,
		      "damage": 0.0076
		   },
		   "model": "item/sw1911"
		},
		{
		   "predicate": {
		      "damaged": 0,
		      "damage": 0.0083
		   },
		   "model": "item/m40"
		},
		{
		   "predicate": {
		      "damaged": 0,
		      "damage": 0.0085
		   },
		   "model": "item/ammo556"
		},
		{
		   "predicate": {
		      "damaged": 0,
		      "damage": 0.0091
		   },
		   "model": "item/ammo9mm"
		},
		{
		   "predicate": {
		      "damaged": 0,
		      "damage": 0.0098
		   },
		   "model": "item/ammoshotgun"
		},
		{
		   "predicate": {
		      "damaged": 0,
		      "damage": 0.0104
		   },
		   "model": "item/ammorpg"
		},
		{
		   "predicate": {
		      "damaged": 0,
		      "damage": 0.011
		   },
		   "model": "item/enfield"
		},
		{
		   "predicate": {
		      "damaged": 0,
		      "damage": 0.0120
		   },
		   "model": "item/henry"
		},
		{
		   "predicate": {
		      "damaged": 0,
		      "damage": 0.0126
		   },
		   "model": "item/mouser"
		},
		{
		   "predicate": {
		      "damaged": 0,
		      "damage": 0.0131
		   },
		   "model": "item/aiming"
		},
		{
		   "predicate": {
		      "damaged": 0,
		      "damage": 0.0137
		   },
		   "model": "item/grenade"
		},
		{
		   "predicate": {
		      "damaged": 0,
		      "damage": 0.0143
		   },
		   "model": "item/dragunov"
		},
		{
		   "predicate": {
		      "damaged": 0,
		      "damage": 0.0149
		   },
		   "model": "item/diamond_hoe_org"
		}
	]
}