{
    "__comment": "Model generated using MrCrayfish's Model Creator (http://mrcrayfish.com/modelcreator/)",
    "textures": {
        "0": "items/dragunov"
    },
    "elements": [
        {
            "name": "Cube",
            "from": [ 7.0, 2.0, 7.0 ], 
            "to": [ 9.0, 4.0, 13.0 ], 
            "faces": {
                "north": { "texture": "#0", "uv": [ 0.0, 12.0, 2.0, 14.0 ] },
                "east": { "texture": "#0", "uv": [ 0.0, 14.0, 4.0, 16.0 ] },
                "south": { "texture": "#0", "uv": [ 1.0, 13.0, 3.0, 15.0 ] },
                "west": { "texture": "#0", "uv": [ 0.0, 14.0, 4.0, 16.0 ] },
                "up": { "texture": "#0", "uv": [ 0.0, 16.0, 2.0, 13.0 ] },
                "down": { "texture": "#0", "uv": [ 1.0, 14.0, 3.0, 12.0 ] }
            }
        },
        {
            "name": "ReloadBit",
            "from": [ 9.0, 3.0, 9.0 ], 
            "to": [ 9.1, 3.5, 12.0 ], 
            "faces": {
                "north": { "texture": "#0", "uv": [ 15.0, 2.0, 15.1, 2.5 ] },
                "east": { "texture": "#0", "uv": [ 13.0, 1.0, 16.0, 1.5 ] },
                "south": { "texture": "#0", "uv": [ 13.0, 2.0, 13.1, 2.5 ] },
                "west": { "texture": "#0", "uv": [ 14.0, 2.0, 17.0, 2.5 ] },
                "up": { "texture": "#0", "uv": [ 14.0, 2.0, 14.1, 5.0 ] },
                "down": { "texture": "#0", "uv": [ 14.0, 1.0, 14.1, 4.0 ] }
            }
        },
        {
            "name": "nob",
            "from": [ 9.0, 3.0, 11.0 ], 
            "to": [ 9.5, 3.5, 11.5 ], 
            "faces": {
                "north": { "texture": "#0", "uv": [ 15.0, 6.0, 15.5, 6.5 ] },
                "east": { "texture": "#0", "uv": [ 13.0, 7.0, 13.5, 7.5 ] },
                "south": { "texture": "#0", "uv": [ 14.0, 6.0, 14.5, 6.5 ] },
                "west": { "texture": "#0", "uv": [ 14.0, 6.0, 14.5, 6.5 ] },
                "up": { "texture": "#0", "uv": [ 14.0, 7.0, 14.5, 7.5 ] },
                "down": { "texture": "#0", "uv": [ 14.0, 5.0, 14.5, 5.5 ] }
            }
        },
        {
            "name": "Cube",
            "from": [ 7.1, 2.5, 2.0 ], 
            "to": [ 8.9, 4.0, 7.0 ], 
            "faces": {
                "north": { "texture": "#0", "uv": [ 8.0, 6.0, 9.8, 7.5 ] },
                "east": { "texture": "#0", "uv": [ 9.0, 5.0, 11.0, 7.0 ] },
                "south": { "texture": "#0", "uv": [ 10.0, 5.0, 11.8, 6.5 ] },
                "west": { "texture": "#0", "uv": [ 9.0, 5.0, 11.0, 7.0 ] },
                "up": { "texture": "#0", "uv": [ 8.0, 6.0, 9.8, 8.0 ] },
                "down": { "texture": "#0", "uv": [ 9.0, 5.0, 10.8, 7.0 ] }
            }
        },
        {
            "name": "Cube",
            "from": [ 7.0, 3.0, 2.8 ], 
            "to": [ 7.1, 3.4, 3.5999999999999996 ], 
            "faces": {
                "north": { "texture": "#0", "uv": [ 10.0, 13.0, 10.1, 13.4 ] },
                "east": { "texture": "#0", "uv": [ 9.0, 14.0, 11.0, 16.0 ] },
                "south": { "texture": "#0", "uv": [ 9.0, 14.0, 9.1, 14.4 ] },
                "west": { "texture": "#0", "uv": [ 9.0, 14.0, 11.0, 16.0 ] },
                "up": { "texture": "#0", "uv": [ 9.0, 13.0, 10.8, 15.0 ] },
                "down": { "texture": "#0", "uv": [ 9.0, 13.0, 10.8, 15.0 ] }
            }
        },
        {
            "name": "bottmwood",
            "from": [ 7.1, 2.0, 5.0 ], 
            "to": [ 8.9, 3.5, 7.0 ], 
            "faces": {
                "north": { "texture": "#0", "uv": [ 8.0, 6.0, 9.8, 7.5 ] },
                "east": { "texture": "#0", "uv": [ 9.0, 5.0, 11.0, 7.0 ] },
                "south": { "texture": "#0", "uv": [ 10.0, 5.0, 11.8, 6.5 ] },
                "west": { "texture": "#0", "uv": [ 9.0, 5.0, 11.0, 7.0 ] },
                "up": { "texture": "#0", "uv": [ 8.0, 6.0, 9.8, 8.0 ] },
                "down": { "texture": "#0", "uv": [ 9.0, 5.0, 10.8, 7.0 ] }
            }
        },
        {
            "name": "Cube",
            "from": [ 7.0, 3.0, 3.8 ], 
            "to": [ 7.1, 3.4, 4.6 ], 
            "faces": {
                "north": { "texture": "#0", "uv": [ 10.0, 13.0, 10.1, 13.4 ] },
                "east": { "texture": "#0", "uv": [ 9.0, 14.0, 11.0, 16.0 ] },
                "south": { "texture": "#0", "uv": [ 9.0, 14.0, 9.1, 14.4 ] },
                "west": { "texture": "#0", "uv": [ 9.0, 14.0, 11.0, 16.0 ] },
                "up": { "texture": "#0", "uv": [ 9.0, 13.0, 10.8, 15.0 ] },
                "down": { "texture": "#0", "uv": [ 9.0, 13.0, 10.8, 15.0 ] }
            }
        },
        {
            "name": "Cube",
            "from": [ 7.0, 3.0, 4.8 ], 
            "to": [ 7.1, 3.4, 5.6 ], 
            "faces": {
                "north": { "texture": "#0", "uv": [ 10.0, 13.0, 10.1, 13.4 ] },
                "east": { "texture": "#0", "uv": [ 9.0, 14.0, 11.0, 16.0 ] },
                "south": { "texture": "#0", "uv": [ 9.0, 14.0, 9.1, 14.4 ] },
                "west": { "texture": "#0", "uv": [ 9.0, 14.0, 11.0, 16.0 ] },
                "up": { "texture": "#0", "uv": [ 9.0, 13.0, 10.8, 15.0 ] },
                "down": { "texture": "#0", "uv": [ 9.0, 13.0, 10.8, 15.0 ] }
            }
        },
        {
            "name": "Cube",
            "from": [ 8.9, 3.0, 4.8 ], 
            "to": [ 9.0, 3.4, 5.6 ], 
            "faces": {
                "north": { "texture": "#0", "uv": [ 10.0, 13.0, 10.1, 13.4 ] },
                "east": { "texture": "#0", "uv": [ 9.0, 14.0, 11.0, 16.0 ] },
                "south": { "texture": "#0", "uv": [ 9.0, 14.0, 9.1, 14.4 ] },
                "west": { "texture": "#0", "uv": [ 9.0, 14.0, 11.0, 16.0 ] },
                "up": { "texture": "#0", "uv": [ 9.0, 13.0, 10.8, 15.0 ] },
                "down": { "texture": "#0", "uv": [ 9.0, 13.0, 10.8, 15.0 ] }
            }
        },
        {
            "name": "Cube",
            "from": [ 8.9, 3.0, 3.8 ], 
            "to": [ 9.0, 3.4, 4.6 ], 
            "faces": {
                "north": { "texture": "#0", "uv": [ 10.0, 13.0, 10.1, 13.4 ] },
                "east": { "texture": "#0", "uv": [ 9.0, 14.0, 11.0, 16.0 ] },
                "south": { "texture": "#0", "uv": [ 9.0, 14.0, 9.1, 14.4 ] },
                "west": { "texture": "#0", "uv": [ 9.0, 14.0, 11.0, 16.0 ] },
                "up": { "texture": "#0", "uv": [ 9.0, 13.0, 10.8, 15.0 ] },
                "down": { "texture": "#0", "uv": [ 9.0, 13.0, 10.8, 15.0 ] }
            }
        },
        {
            "name": "Cube",
            "from": [ 8.9, 3.0, 2.8 ], 
            "to": [ 9.0, 3.4, 3.5999999999999996 ], 
            "faces": {
                "north": { "texture": "#0", "uv": [ 10.0, 13.0, 10.1, 13.4 ] },
                "east": { "texture": "#0", "uv": [ 9.0, 14.0, 11.0, 16.0 ] },
                "south": { "texture": "#0", "uv": [ 9.0, 14.0, 9.1, 14.4 ] },
                "west": { "texture": "#0", "uv": [ 9.0, 14.0, 11.0, 16.0 ] },
                "up": { "texture": "#0", "uv": [ 9.0, 13.0, 10.8, 15.0 ] },
                "down": { "texture": "#0", "uv": [ 9.0, 13.0, 10.8, 15.0 ] }
            }
        },
        {
            "name": "NobFor",
            "from": [ 7.8, 4.0, 5.4 ], 
            "to": [ 8.3, 4.2, 7.2 ], 
            "faces": {
                "north": { "texture": "#0", "uv": [ 10.0, 13.0, 10.5, 13.2 ] },
                "east": { "texture": "#0", "uv": [ 9.0, 14.0, 11.0, 16.0 ] },
                "south": { "texture": "#0", "uv": [ 9.0, 14.0, 9.5, 14.2 ] },
                "west": { "texture": "#0", "uv": [ 9.0, 14.0, 11.0, 16.0 ] },
                "up": { "texture": "#0", "uv": [ 9.0, 13.0, 10.8, 15.0 ] },
                "down": { "texture": "#0", "uv": [ 9.0, 13.0, 10.8, 15.0 ] }
            }
        },
        {
            "name": "Cube",
            "from": [ 7.8, 2.7, -4.6 ], 
            "to": [ 8.3, 3.4000000000000004, 2.200000000000001 ], 
            "faces": {
                "north": { "texture": "#0", "uv": [ 10.0, 13.0, 10.5, 13.7 ] },
                "east": { "texture": "#0", "uv": [ 9.0, 14.0, 11.0, 16.0 ] },
                "south": { "texture": "#0", "uv": [ 9.0, 14.0, 9.5, 14.7 ] },
                "west": { "texture": "#0", "uv": [ 9.0, 14.0, 11.0, 16.0 ] },
                "up": { "texture": "#0", "uv": [ 9.0, 13.0, 10.8, 15.0 ] },
                "down": { "texture": "#0", "uv": [ 9.0, 13.0, 10.8, 15.0 ] }
            }
        },
        {
            "name": "Cube",
            "from": [ 7.8, 3.7, -0.5999999999999996 ], 
            "to": [ 8.3, 3.9000000000000004, 2.200000000000001 ], 
            "faces": {
                "north": { "texture": "#0", "uv": [ 10.0, 13.0, 10.5, 13.2 ] },
                "east": { "texture": "#0", "uv": [ 9.0, 14.0, 11.0, 16.0 ] },
                "south": { "texture": "#0", "uv": [ 9.0, 14.0, 9.5, 14.2 ] },
                "west": { "texture": "#0", "uv": [ 9.0, 14.0, 11.0, 16.0 ] },
                "up": { "texture": "#0", "uv": [ 9.0, 13.0, 10.8, 15.0 ] },
                "down": { "texture": "#0", "uv": [ 9.0, 13.0, 10.8, 15.0 ] }
            }
        },
        {
            "name": "Cube",
            "from": [ 7.8, 3.7, -0.5999999999999996 ], 
            "to": [ 8.3, 3.2, -0.19999999999999962 ], 
            "faces": {
                "north": { "texture": "#0", "uv": [ 10.0, 13.0, 10.5, 12.5 ] },
                "east": { "texture": "#0", "uv": [ 9.0, 14.0, 11.0, 16.0 ] },
                "south": { "texture": "#0", "uv": [ 9.0, 14.0, 9.5, 13.5 ] },
                "west": { "texture": "#0", "uv": [ 9.0, 14.0, 11.0, 16.0 ] },
                "up": { "texture": "#0", "uv": [ 9.0, 13.0, 10.8, 15.0 ] },
                "down": { "texture": "#0", "uv": [ 9.0, 13.0, 10.8, 15.0 ] }
            }
        },
        {
            "name": "mag",
            "from": [ 7.1, -0.2999999999999998, 7.4 ], 
            "to": [ 8.9, 2.7, 9.9 ], 
            "faces": {
                "north": { "texture": "#0", "uv": [ 10.0, 13.0, 11.8, 16.0 ] },
                "east": { "texture": "#0", "uv": [ 9.0, 13.0, 11.0, 15.0 ] },
                "south": { "texture": "#0", "uv": [ 9.0, 13.0, 10.8, 16.0 ] },
                "west": { "texture": "#0", "uv": [ 9.0, 14.0, 11.0, 16.0 ] },
                "up": { "texture": "#0", "uv": [ 9.0, 13.0, 10.8, 15.0 ] },
                "down": { "texture": "#0", "uv": [ 9.0, 13.0, 10.8, 15.0 ] }
            }
        },
        {
            "name": "handle",
            "from": [ 7.1, -2.3, 9.4 ], 
            "to": [ 8.9, 1.5, 10.9 ], 
            "rotation": { "origin": [ 8.0, 8.0, 8.0 ], "axis": "x", "angle": -22.5 },
            "faces": {
                "north": { "texture": "#0", "uv": [ 10.0, 4.0, 11.8, 7.8 ] },
                "east": { "texture": "#0", "uv": [ 9.0, 5.0, 11.0, 7.0 ] },
                "south": { "texture": "#0", "uv": [ 9.0, 4.0, 10.8, 7.8 ] },
                "west": { "texture": "#0", "uv": [ 9.0, 5.0, 11.0, 7.0 ] },
                "up": { "texture": "#0", "uv": [ 10.0, 5.0, 11.8, 7.0 ] },
                "down": { "texture": "#0", "uv": [ 10.0, 5.0, 11.8, 7.0 ] }
            }
        },
        {
            "name": "Cube",
            "from": [ 7.1, -0.2999999999999998, 13.4 ], 
            "to": [ 8.9, 0.5, 18.9 ], 
            "faces": {
                "north": { "texture": "#0", "uv": [ 10.0, 5.0, 11.8, 5.8 ] },
                "east": { "texture": "#0", "uv": [ 9.0, 5.0, 11.0, 7.0 ] },
                "south": { "texture": "#0", "uv": [ 9.0, 5.0, 10.8, 5.8 ] },
                "west": { "texture": "#0", "uv": [ 9.0, 5.0, 11.0, 7.0 ] },
                "up": { "texture": "#0", "uv": [ 10.0, 5.0, 11.8, 7.0 ] },
                "down": { "texture": "#0", "uv": [ 10.0, 5.0, 11.8, 7.0 ] }
            }
        },
        {
            "name": "Cube",
            "from": [ 7.1, 2.7, 12.4 ], 
            "to": [ 8.9, 3.5, 19.9 ], 
            "faces": {
                "north": { "texture": "#0", "uv": [ 10.0, 5.0, 11.8, 5.8 ] },
                "east": { "texture": "#0", "uv": [ 9.0, 5.0, 11.0, 7.0 ] },
                "south": { "texture": "#0", "uv": [ 9.0, 5.0, 10.8, 5.8 ] },
                "west": { "texture": "#0", "uv": [ 9.0, 5.0, 11.0, 7.0 ] },
                "up": { "texture": "#0", "uv": [ 10.0, 5.0, 11.8, 7.0 ] },
                "down": { "texture": "#0", "uv": [ 10.0, 5.0, 11.8, 7.0 ] }
            }
        },
        {
            "name": "Cube",
            "from": [ 7.1, -0.2999999999999998, 16.4 ], 
            "to": [ 8.9, 3.5, 18.9 ], 
            "faces": {
                "north": { "texture": "#0", "uv": [ 10.0, 4.0, 11.8, 7.8 ] },
                "east": { "texture": "#0", "uv": [ 9.0, 5.0, 11.0, 7.0 ] },
                "south": { "texture": "#0", "uv": [ 9.0, 4.0, 10.8, 7.8 ] },
                "west": { "texture": "#0", "uv": [ 9.0, 5.0, 11.0, 7.0 ] },
                "up": { "texture": "#0", "uv": [ 10.0, 5.0, 11.8, 7.0 ] },
                "down": { "texture": "#0", "uv": [ 10.0, 5.0, 11.8, 7.0 ] }
            }
        },
        {
            "name": "Cube",
            "from": [ 7.1, -0.2999999999999998, 18.4 ], 
            "to": [ 8.9, 1.5, 19.9 ], 
            "faces": {
                "north": { "texture": "#0", "uv": [ 10.0, 5.0, 11.8, 6.8 ] },
                "east": { "texture": "#0", "uv": [ 9.0, 5.0, 11.0, 7.0 ] },
                "south": { "texture": "#0", "uv": [ 9.0, 5.0, 10.8, 6.8 ] },
                "west": { "texture": "#0", "uv": [ 9.0, 5.0, 11.0, 7.0 ] },
                "up": { "texture": "#0", "uv": [ 10.0, 5.0, 11.8, 7.0 ] },
                "down": { "texture": "#0", "uv": [ 10.0, 5.0, 11.8, 7.0 ] }
            }
        },
        {
            "name": "Cube",
            "from": [ 7.1, -0.2999999999999998, 19.8 ], 
            "to": [ 8.9, 3.5, 21.0 ], 
            "faces": {
                "north": { "texture": "#0", "uv": [ 9.0, 4.0, 10.8, 7.8 ] },
                "east": { "texture": "#0", "uv": [ 9.0, 5.0, 11.0, 7.0 ] },
                "south": { "texture": "#0", "uv": [ 9.0, 4.0, 10.8, 7.8 ] },
                "west": { "texture": "#0", "uv": [ 9.0, 5.0, 11.0, 7.0 ] },
                "up": { "texture": "#0", "uv": [ 10.0, 4.0, 8.8, 6.0 ] },
                "down": { "texture": "#0", "uv": [ 10.0, 5.0, 11.8, 7.0 ] }
            }
        },
        {
            "name": "leffsidereload",
            "from": [ 6.9, 3.0, 9.0 ], 
            "to": [ 7.0, 3.5, 12.0 ], 
            "faces": {
                "north": { "texture": "#0", "uv": [ 10.0, 14.0, 10.1, 14.5 ] },
                "east": { "texture": "#0", "uv": [ 8.0, 15.0, 11.0, 15.5 ] },
                "south": { "texture": "#0", "uv": [ 8.0, 13.0, 8.1, 13.5 ] },
                "west": { "texture": "#0", "uv": [ 9.0, 13.0, 12.0, 13.5 ] },
                "up": { "texture": "#0", "uv": [ 10.0, 13.0, 10.1, 16.0 ] },
                "down": { "texture": "#0", "uv": [ 10.0, 12.0, 10.1, 15.0 ] }
            }
        },
        {
            "name": "MAG-GROVE-START",
            "from": [ 7.0, -0.3, 9.6 ], 
            "to": [ 7.1, 1.9999999999999998, 9.799999999999999 ], 
            "faces": {
                "north": { "texture": "#0", "uv": [ 5.0, 13.0, 5.1, 15.3 ] },
                "east": { "texture": "#0", "uv": [ 7.0, 15.0, 7.2, 15.3 ] },
                "south": { "texture": "#0", "uv": [ 7.0, 13.0, 7.1, 15.3 ] },
                "west": { "texture": "#0", "uv": [ 6.0, 13.0, 6.2, 15.3 ] },
                "up": { "texture": "#0", "uv": [ 6.0, 14.0, 6.1, 14.2 ] },
                "down": { "texture": "#0", "uv": [ 6.0, 13.0, 6.1, 13.2 ] }
            }
        },
        {
            "name": "Cube",
            "from": [ 7.0, -0.3, 9.0 ], 
            "to": [ 7.1, 1.9999999999999998, 9.2 ], 
            "faces": {
                "north": { "texture": "#0", "uv": [ 5.0, 13.0, 5.1, 15.3 ] },
                "east": { "texture": "#0", "uv": [ 7.0, 15.0, 7.2, 15.3 ] },
                "south": { "texture": "#0", "uv": [ 7.0, 13.0, 7.1, 15.3 ] },
                "west": { "texture": "#0", "uv": [ 6.0, 13.0, 6.2, 15.3 ] },
                "up": { "texture": "#0", "uv": [ 6.0, 14.0, 6.1, 14.2 ] },
                "down": { "texture": "#0", "uv": [ 6.0, 13.0, 6.1, 13.2 ] }
            }
        },
        {
            "name": "Cube",
            "from": [ 7.0, -0.3, 8.4 ], 
            "to": [ 7.1, 1.9999999999999998, 8.6 ], 
            "faces": {
                "north": { "texture": "#0", "uv": [ 5.0, 13.0, 5.1, 15.3 ] },
                "east": { "texture": "#0", "uv": [ 7.0, 15.0, 7.2, 15.3 ] },
                "south": { "texture": "#0", "uv": [ 7.0, 13.0, 7.1, 15.3 ] },
                "west": { "texture": "#0", "uv": [ 6.0, 13.0, 6.2, 15.3 ] },
                "up": { "texture": "#0", "uv": [ 6.0, 14.0, 6.1, 14.2 ] },
                "down": { "texture": "#0", "uv": [ 6.0, 13.0, 6.1, 13.2 ] }
            }
        },
        {
            "name": "GROVE-LEFT-END",
            "from": [ 7.0, -0.3, 7.8 ], 
            "to": [ 7.1, 1.9999999999999998, 8.0 ], 
            "faces": {
                "north": { "texture": "#0", "uv": [ 5.0, 13.0, 5.1, 15.3 ] },
                "east": { "texture": "#0", "uv": [ 7.0, 15.0, 7.2, 15.3 ] },
                "south": { "texture": "#0", "uv": [ 7.0, 13.0, 7.1, 15.3 ] },
                "west": { "texture": "#0", "uv": [ 6.0, 13.0, 6.2, 15.3 ] },
                "up": { "texture": "#0", "uv": [ 6.0, 14.0, 6.1, 14.2 ] },
                "down": { "texture": "#0", "uv": [ 6.0, 13.0, 6.1, 13.2 ] }
            }
        },
        {
            "name": "MAG-GROVE-RIGHt-START",
            "from": [ 8.9, -0.3, 7.8 ], 
            "to": [ 9.0, 1.9999999999999998, 8.0 ], 
            "faces": {
                "north": { "texture": "#0", "uv": [ 5.0, 13.0, 5.1, 15.3 ] },
                "east": { "texture": "#0", "uv": [ 7.0, 15.0, 7.2, 15.3 ] },
                "south": { "texture": "#0", "uv": [ 7.0, 13.0, 7.1, 15.3 ] },
                "west": { "texture": "#0", "uv": [ 6.0, 13.0, 6.2, 15.3 ] },
                "up": { "texture": "#0", "uv": [ 6.0, 14.0, 6.1, 14.2 ] },
                "down": { "texture": "#0", "uv": [ 6.0, 13.0, 6.1, 13.2 ] }
            }
        },
        {
            "name": "Cube",
            "from": [ 8.9, -0.3, 8.4 ], 
            "to": [ 9.0, 1.9999999999999998, 8.6 ], 
            "faces": {
                "north": { "texture": "#0", "uv": [ 5.0, 13.0, 5.1, 15.3 ] },
                "east": { "texture": "#0", "uv": [ 7.0, 15.0, 7.2, 15.3 ] },
                "south": { "texture": "#0", "uv": [ 7.0, 13.0, 7.1, 15.3 ] },
                "west": { "texture": "#0", "uv": [ 6.0, 13.0, 6.2, 15.3 ] },
                "up": { "texture": "#0", "uv": [ 6.0, 14.0, 6.1, 14.2 ] },
                "down": { "texture": "#0", "uv": [ 6.0, 13.0, 6.1, 13.2 ] }
            }
        },
        {
            "name": "Cube",
            "from": [ 8.9, -0.3, 9.0 ], 
            "to": [ 9.0, 1.9999999999999998, 9.2 ], 
            "faces": {
                "north": { "texture": "#0", "uv": [ 5.0, 13.0, 5.1, 15.3 ] },
                "east": { "texture": "#0", "uv": [ 7.0, 15.0, 7.2, 15.3 ] },
                "south": { "texture": "#0", "uv": [ 7.0, 13.0, 7.1, 15.3 ] },
                "west": { "texture": "#0", "uv": [ 6.0, 13.0, 6.2, 15.3 ] },
                "up": { "texture": "#0", "uv": [ 6.0, 14.0, 6.1, 14.2 ] },
                "down": { "texture": "#0", "uv": [ 6.0, 13.0, 6.1, 13.2 ] }
            }
        },
        {
            "name": "RIGHT_GROVE_END",
            "from": [ 8.9, -0.3, 9.5 ], 
            "to": [ 9.0, 1.9999999999999998, 9.7 ], 
            "faces": {
                "north": { "texture": "#0", "uv": [ 5.0, 13.0, 5.1, 15.3 ] },
                "east": { "texture": "#0", "uv": [ 7.0, 15.0, 7.2, 15.3 ] },
                "south": { "texture": "#0", "uv": [ 7.0, 13.0, 7.1, 15.3 ] },
                "west": { "texture": "#0", "uv": [ 6.0, 13.0, 6.2, 15.3 ] },
                "up": { "texture": "#0", "uv": [ 6.0, 14.0, 6.1, 14.2 ] },
                "down": { "texture": "#0", "uv": [ 6.0, 13.0, 6.1, 13.2 ] }
            }
        },
        {
            "name": "SightBottom",
            "from": [ 7.5, 4.5, 7.0 ], 
            "to": [ 8.5, 4.6, 13.0 ], 
            "faces": {
                "north": { "texture": "#0", "uv": [ 0.0, 12.0, 1.0, 12.1 ] },
                "east": { "texture": "#0", "uv": [ 0.0, 14.0, 4.0, 16.0 ] },
                "south": { "texture": "#0", "uv": [ 1.0, 13.0, 2.0, 13.1 ] },
                "west": { "texture": "#0", "uv": [ 0.0, 14.0, 4.0, 16.0 ] },
                "up": { "texture": "#0", "uv": [ 0.0, 16.0, 2.0, 13.0 ] },
                "down": { "texture": "#0", "uv": [ 1.0, 14.0, 3.0, 12.0 ] }
            }
        },
        {
            "name": "Cube",
            "from": [ 7.5, 5.5, 7.0 ], 
            "to": [ 8.5, 5.6, 13.0 ], 
            "faces": {
                "north": { "texture": "#0", "uv": [ 0.0, 12.0, 1.0, 12.1 ] },
                "east": { "texture": "#0", "uv": [ 0.0, 14.0, 4.0, 16.0 ] },
                "south": { "texture": "#0", "uv": [ 1.0, 13.0, 2.0, 13.1 ] },
                "west": { "texture": "#0", "uv": [ 0.0, 14.0, 4.0, 16.0 ] },
                "up": { "texture": "#0", "uv": [ 0.0, 16.0, 2.0, 13.0 ] },
                "down": { "texture": "#0", "uv": [ 1.0, 14.0, 3.0, 12.0 ] }
            }
        },
        {
            "name": "Cube",
            "from": [ 8.7, 4.8, 7.0 ], 
            "to": [ 8.799999999999999, 5.3, 13.0 ], 
            "faces": {
                "north": { "texture": "#0", "uv": [ 0.0, 12.0, 0.1, 12.5 ] },
                "east": { "texture": "#0", "uv": [ 0.0, 14.0, 4.0, 16.0 ] },
                "south": { "texture": "#0", "uv": [ 1.0, 13.0, 1.1, 13.5 ] },
                "west": { "texture": "#0", "uv": [ 0.0, 14.0, 4.0, 16.0 ] },
                "up": { "texture": "#0", "uv": [ 0.0, 16.0, 2.0, 13.0 ] },
                "down": { "texture": "#0", "uv": [ 1.0, 14.0, 3.0, 12.0 ] }
            }
        },
        {
            "name": "Cube",
            "from": [ 7.2, 4.8, 7.0 ], 
            "to": [ 7.3, 5.3, 13.0 ], 
            "faces": {
                "north": { "texture": "#0", "uv": [ 0.0, 12.0, 0.1, 12.5 ] },
                "east": { "texture": "#0", "uv": [ 0.0, 14.0, 4.0, 16.0 ] },
                "south": { "texture": "#0", "uv": [ 1.0, 13.0, 1.1, 13.5 ] },
                "west": { "texture": "#0", "uv": [ 0.0, 14.0, 4.0, 16.0 ] },
                "up": { "texture": "#0", "uv": [ 0.0, 16.0, 2.0, 13.0 ] },
                "down": { "texture": "#0", "uv": [ 1.0, 14.0, 3.0, 12.0 ] }
            }
        },
        {
            "name": "Cube",
            "from": [ 9.4, 5.5, 7.0 ], 
            "to": [ 9.5, 6.0, 13.0 ], 
            "rotation": { "origin": [ 8.0, 8.0, 8.0 ], "axis": "z", "angle": -45.0 },
            "faces": {
                "north": { "texture": "#0", "uv": [ 0.0, 12.0, 0.1, 12.5 ] },
                "east": { "texture": "#0", "uv": [ 0.0, 14.0, 4.0, 16.0 ] },
                "south": { "texture": "#0", "uv": [ 1.0, 13.0, 1.1, 13.5 ] },
                "west": { "texture": "#0", "uv": [ 0.0, 14.0, 4.0, 16.0 ] },
                "up": { "texture": "#0", "uv": [ 0.0, 16.0, 2.0, 13.0 ] },
                "down": { "texture": "#0", "uv": [ 1.0, 14.0, 3.0, 12.0 ] }
            }
        },
        {
            "name": "Cube",
            "from": [ 10.7, 5.9, 7.0 ], 
            "to": [ 10.799999999999999, 6.4, 13.0 ], 
            "rotation": { "origin": [ 8.0, 8.0, 8.0 ], "axis": "z", "angle": -45.0 },
            "faces": {
                "north": { "texture": "#0", "uv": [ 0.0, 12.0, 0.1, 12.5 ] },
                "east": { "texture": "#0", "uv": [ 0.0, 14.0, 4.0, 16.0 ] },
                "south": { "texture": "#0", "uv": [ 1.0, 13.0, 1.1, 13.5 ] },
                "west": { "texture": "#0", "uv": [ 0.0, 14.0, 4.0, 16.0 ] },
                "up": { "texture": "#0", "uv": [ 0.0, 16.0, 2.0, 13.0 ] },
                "down": { "texture": "#0", "uv": [ 1.0, 14.0, 3.0, 12.0 ] }
            }
        },
        {
            "name": "Cube",
            "from": [ 6.5, 5.5, 7.0 ], 
            "to": [ 6.6, 6.0, 13.0 ], 
            "rotation": { "origin": [ 8.0, 8.0, 8.0 ], "axis": "z", "angle": 45.0 },
            "faces": {
                "north": { "texture": "#0", "uv": [ 0.0, 12.0, 0.1, 12.5 ] },
                "east": { "texture": "#0", "uv": [ 0.0, 14.0, 4.0, 16.0 ] },
                "south": { "texture": "#0", "uv": [ 1.0, 13.0, 1.1, 13.5 ] },
                "west": { "texture": "#0", "uv": [ 0.0, 14.0, 4.0, 16.0 ] },
                "up": { "texture": "#0", "uv": [ 0.0, 16.0, 2.0, 13.0 ] },
                "down": { "texture": "#0", "uv": [ 1.0, 14.0, 3.0, 12.0 ] }
            }
        },
        {
            "name": "Cube",
            "from": [ 5.2, 5.8, 7.0 ], 
            "to": [ 5.3, 6.3, 13.0 ], 
            "rotation": { "origin": [ 8.0, 8.0, 8.0 ], "axis": "z", "angle": 45.0 },
            "faces": {
                "north": { "texture": "#0", "uv": [ 0.0, 12.0, 0.1, 12.5 ] },
                "east": { "texture": "#0", "uv": [ 0.0, 14.0, 4.0, 16.0 ] },
                "south": { "texture": "#0", "uv": [ 1.0, 13.0, 1.1, 13.5 ] },
                "west": { "texture": "#0", "uv": [ 0.0, 14.0, 4.0, 16.0 ] },
                "up": { "texture": "#0", "uv": [ 0.0, 16.0, 2.0, 13.0 ] },
                "down": { "texture": "#0", "uv": [ 1.0, 14.0, 3.0, 12.0 ] }
            }
        },
        {
            "name": "sight",
            "from": [ 7.9, 4.6, 7.4 ], 
            "to": [ 8.1, 5.0, 7.5 ], 
            "faces": {
                "north": { "texture": "#0", "uv": [ 10.0, 13.0, 10.2, 13.4 ] },
                "east": { "texture": "#0", "uv": [ 9.0, 14.0, 11.0, 16.0 ] },
                "south": { "texture": "#0", "uv": [ 9.0, 14.0, 9.2, 14.4 ] },
                "west": { "texture": "#0", "uv": [ 9.0, 14.0, 11.0, 16.0 ] },
                "up": { "texture": "#0", "uv": [ 9.0, 13.0, 10.8, 15.0 ] },
                "down": { "texture": "#0", "uv": [ 9.0, 13.0, 10.8, 15.0 ] }
            }
        },
        {
            "name": "Cube",
            "from": [ 8.2, 5.0, 7.4 ], 
            "to": [ 8.7, 5.1, 7.5 ], 
            "faces": {
                "north": { "texture": "#0", "uv": [ 10.0, 13.0, 10.5, 13.1 ] },
                "east": { "texture": "#0", "uv": [ 9.0, 14.0, 11.0, 16.0 ] },
                "south": { "texture": "#0", "uv": [ 9.0, 14.0, 9.5, 14.1 ] },
                "west": { "texture": "#0", "uv": [ 9.0, 14.0, 11.0, 16.0 ] },
                "up": { "texture": "#0", "uv": [ 9.0, 13.0, 10.8, 15.0 ] },
                "down": { "texture": "#0", "uv": [ 9.0, 13.0, 10.8, 15.0 ] }
            }
        },
        {
            "name": "Cube",
            "from": [ 7.3, 5.0, 7.4 ], 
            "to": [ 7.8, 5.1, 7.5 ], 
            "faces": {
                "north": { "texture": "#0", "uv": [ 10.0, 13.0, 10.5, 13.1 ] },
                "east": { "texture": "#0", "uv": [ 9.0, 14.0, 11.0, 16.0 ] },
                "south": { "texture": "#0", "uv": [ 9.0, 14.0, 9.5, 14.1 ] },
                "west": { "texture": "#0", "uv": [ 9.0, 14.0, 11.0, 16.0 ] },
                "up": { "texture": "#0", "uv": [ 9.0, 13.0, 10.8, 15.0 ] },
                "down": { "texture": "#0", "uv": [ 9.0, 13.0, 10.8, 15.0 ] }
            }
        },
        {
            "name": "Stand 1",
            "from": [ 7.5, 4.0, 9.0 ], 
            "to": [ 8.5, 4.5, 10.0 ], 
            "faces": {
                "north": { "texture": "#0", "uv": [ 0.0, 12.0, 1.0, 12.5 ] },
                "east": { "texture": "#0", "uv": [ 0.0, 14.0, 4.0, 16.0 ] },
                "south": { "texture": "#0", "uv": [ 1.0, 13.0, 2.0, 13.5 ] },
                "west": { "texture": "#0", "uv": [ 0.0, 14.0, 4.0, 16.0 ] },
                "up": { "texture": "#0", "uv": [ 0.0, 16.0, 2.0, 13.0 ] },
                "down": { "texture": "#0", "uv": [ 1.0, 14.0, 3.0, 12.0 ] }
            }
        },
        {
            "name": "Cube",
            "from": [ 7.5, 4.0, 11.0 ], 
            "to": [ 8.5, 4.5, 12.0 ], 
            "faces": {
                "north": { "texture": "#0", "uv": [ 0.0, 12.0, 1.0, 12.5 ] },
                "east": { "texture": "#0", "uv": [ 0.0, 14.0, 4.0, 16.0 ] },
                "south": { "texture": "#0", "uv": [ 1.0, 13.0, 2.0, 13.5 ] },
                "west": { "texture": "#0", "uv": [ 0.0, 14.0, 4.0, 16.0 ] },
                "up": { "texture": "#0", "uv": [ 0.0, 16.0, 2.0, 13.0 ] },
                "down": { "texture": "#0", "uv": [ 1.0, 14.0, 3.0, 12.0 ] }
            }
        },
        {
            "name": "Scopeswitch",
            "from": [ 9.1, 5.5, 9.0 ], 
            "to": [ 9.5, 6.0, 9.5 ], 
            "rotation": { "origin": [ 8.0, 8.0, 8.0 ], "axis": "z", "angle": -45.0 },
            "faces": {
                "north": { "texture": "#0", "uv": [ 6.0, 14.0, 6.4, 14.5 ] },
                "east": { "texture": "#0", "uv": [ 5.0, 13.0, 9.0, 15.0 ] },
                "south": { "texture": "#0", "uv": [ 7.0, 13.0, 7.4, 13.5 ] },
                "west": { "texture": "#0", "uv": [ 4.0, 13.0, 8.0, 15.0 ] },
                "up": { "texture": "#0", "uv": [ 4.0, 15.0, 6.0, 12.0 ] },
                "down": { "texture": "#0", "uv": [ 5.0, 15.0, 7.0, 13.0 ] }
            }
        }
    ],
	"display": {
		"thirdperson_righthand": {
			"rotation":  [ -7, -2, -10 ],
			"translation":  [ 0, 4, -2 ],
			"scale":  [ 0.7, 0.7, 0.7]
		},
		"thirdperson_lefthand": {
			"rotation":  [ -7, 1, 11 ],
			"translation":  [ -15, 4, -2 ],
			"scale":  [ 0.7,0.7, 0.7]
		},
		"firstperson_righthand": {
			"rotation":  [ 0, -2, 0 ],
			"translation":  [ 0, 12, 0 ],
			"scale":  [2, 2, 2 ]
		},
		"firstperson_lefthand": {
			"rotation":  [ 0, 0, 0 ],
			"translation":  [ -9, 14, 0 ],
			"scale":  [ 2, 2, 2 ]
		},
		"gui": {
			"rotation":  [ 45, -50, 0 ],
			"translation":  [ 0, 3, 0 ],
			"scale":  [ 0.6, 0.6,  0.6 ]
		},
		"ground": {
			"rotation":  [ 0, 0, -23 ],
			"translation":  [ 3.59, -0.94, 6.05 ],
			"scale":  [ 1, 1, 1 ]
		},
		"fixed": {
			"rotation":  [ -1, 3, -41 ],
			"translation":  [ 12.28, 3.4, 10.39 ],
			"scale":  [ 3.37, 3.37, 3.4 ]
		}
	}
}