{
	"credit": "Made with Blockbench, a free, modern block model editor by JannisX11",
	"textures": {
		"0": "items/helitext",
		"particle": "items/helitext"
	},
	"elements": [
		{
			"from": [5.25, 5.75, -7.5],
			"to": [9, 7.25, -6],
			"faces": {
				"north": {"uv": [9, 8, 13, 12], "texture": "#0"},
				"east": {"uv": [9, 8, 13, 12], "texture": "#0"},
				"south": {"uv": [9, 8, 13, 12], "texture": "#0"},
				"west": {"uv": [9, 8, 13, 12], "texture": "#0"},
				"up": {"uv": [9, 8, 13, 12], "texture": "#0"},
				"down": {"uv": [9, 8, 13, 12], "texture": "#0"}
			}
		},
		{
			"from": [-4, 6, -12.5],
			"to": [20, 9.5, -6.75],
			"rotation": {"angle": 0, "axis": "x", "origin": [8, 0.5, 3.5]},
			"faces": {
				"north": {"uv": [12, 0, 16, 4], "texture": "#0"},
				"east": {"uv": [12, 0, 16, 4], "texture": "#0"},
				"south": {"uv": [12, 0, 16, 4], "texture": "#0"},
				"west": {"uv": [12, 0, 16, 4], "texture": "#0"},
				"up": {"uv": [12, 0, 16, 4], "texture": "#0"},
				"down": {"uv": [12, 0, 16, 4], "texture": "#0"}
			}
		},
		{
			"from": [-1.75, 0.5, -8.75],
			"to": [17.5, 9, -6.5],
			"rotation": {"angle": 0, "axis": "x", "origin": [8, 0.5, 3.5]},
			"faces": {
				"north": {"uv": [12, 0, 16, 4], "texture": "#0"},
				"east": {"uv": [12, 0, 16, 4], "texture": "#0"},
				"south": {"uv": [12, 0, 16, 4], "texture": "#0"},
				"west": {"uv": [12, 0, 16, 4], "texture": "#0"},
				"up": {"uv": [12, 0, 16, 4], "texture": "#0"},
				"down": {"uv": [12, 0, 16, 4], "texture": "#0"}
			}
		},
		{
			"from": [0, -7, -12],
			"to": [16, -6, -3],
			"rotation": {"angle": 45, "axis": "x", "origin": [8, 0.5, 3.5]},
			"faces": {
				"north": {"uv": [12, 0, 16, 4], "texture": "#0"},
				"east": {"uv": [12, 0, 16, 4], "texture": "#0"},
				"south": {"uv": [12, 0, 16, 4], "texture": "#0"},
				"west": {"uv": [12, 0, 16, 4], "texture": "#0"},
				"up": {"uv": [12, 0, 16, 4], "texture": "#0"},
				"down": {"uv": [12, 0, 16, 4], "texture": "#0"}
			}
		},
		{
			"from": [-3, -0.5, -7],
			"to": [-2, 10.5, 31],
			"rotation": {"angle": 22.5, "axis": "z", "origin": [-2.5, 7.5, 12.5]},
			"faces": {
				"north": {"uv": [12, 0, 16, 4], "texture": "#0", "rotation": 270},
				"east": {"uv": [12, 0, 16, 4], "texture": "#0", "rotation": 270},
				"south": {"uv": [12, 0, 16, 4], "texture": "#0", "rotation": 270},
				"west": {"uv": [12, 0, 16, 4], "texture": "#0", "rotation": 270},
				"up": {"uv": [12, 0, 16, 4], "texture": "#0", "rotation": 270},
				"down": {"uv": [12, 0, 16, 4], "texture": "#0", "rotation": 270}
			}
		},
		{
			"from": [18.25, -0.5, -7],
			"to": [19.25, 10.5, 31],
			"rotation": {"angle": -22.5, "axis": "z", "origin": [18.75, 7.5, 12.5]},
			"faces": {
				"north": {"uv": [12, 0, 16, 4], "texture": "#0", "rotation": 270},
				"east": {"uv": [12, 0, 16, 4], "texture": "#0", "rotation": 270},
				"south": {"uv": [12, 0, 16, 4], "texture": "#0", "rotation": 270},
				"west": {"uv": [12, 0, 16, 4], "texture": "#0", "rotation": 270},
				"up": {"uv": [12, 0, 16, 4], "texture": "#0", "rotation": 270},
				"down": {"uv": [12, 0, 16, 4], "texture": "#0", "rotation": 270}
			}
		},
		{
			"from": [6, -1.5, 30.25],
			"to": [10, 4.75, 32],
			"faces": {
				"north": {"uv": [4, 4, 8, 8], "texture": "#0", "rotation": 90},
				"east": {"uv": [4, 4, 8, 8], "texture": "#0", "rotation": 90},
				"south": {"uv": [4, 4, 8, 8], "texture": "#0", "rotation": 90},
				"west": {"uv": [4, 4, 8, 8], "texture": "#0", "rotation": 90},
				"up": {"uv": [4, 4, 8, 8], "texture": "#0", "rotation": 90},
				"down": {"uv": [4, 4, 8, 8], "texture": "#0", "rotation": 90}
			}
		},
		{
			"from": [12, 1, 4.75],
			"to": [16.5, 4.75, 28.5],
			"faces": {
				"north": {"uv": [4, 4, 8, 8], "texture": "#0", "rotation": 90},
				"east": {"uv": [4, 4, 8, 8], "texture": "#0", "rotation": 90},
				"south": {"uv": [4, 4, 8, 8], "texture": "#0", "rotation": 90},
				"west": {"uv": [4, 4, 8, 8], "texture": "#0", "rotation": 90},
				"up": {"uv": [4, 4, 8, 8], "texture": "#0", "rotation": 90},
				"down": {"uv": [4, 4, 8, 8], "texture": "#0", "rotation": 90}
			}
		},
		{
			"from": [0.75, 0.5, 4.75],
			"to": [5, 4.75, 28.5],
			"faces": {
				"north": {"uv": [4, 4, 8, 8], "texture": "#0", "rotation": 90},
				"east": {"uv": [4, 4, 8, 8], "texture": "#0", "rotation": 90},
				"south": {"uv": [4, 4, 8, 8], "texture": "#0", "rotation": 90},
				"west": {"uv": [4, 4, 8, 8], "texture": "#0", "rotation": 90},
				"up": {"uv": [4, 4, 8, 8], "texture": "#0", "rotation": 90},
				"down": {"uv": [4, 4, 8, 8], "texture": "#0", "rotation": 90}
			}
		},
		{
			"from": [0, 0, -7],
			"to": [16, 1, 31],
			"faces": {
				"north": {"uv": [12, 0, 16, 4], "texture": "#0"},
				"east": {"uv": [12, 0, 16, 4], "texture": "#0"},
				"south": {"uv": [12, 0, 16, 4], "texture": "#0"},
				"west": {"uv": [12, 0, 16, 4], "texture": "#0"},
				"up": {"uv": [12, 0, 16, 4], "texture": "#0"},
				"down": {"uv": [12, 0, 16, 4], "texture": "#0"}
			}
		},
		{
			"from": [8.5, 1, -2.75],
			"to": [15.5, 5, 3.25],
			"faces": {
				"north": {"uv": [8, 0, 11.5, 2], "texture": "#0"},
				"east": {"uv": [8, 0, 11, 2], "texture": "#0"},
				"south": {"uv": [8, 0, 11.5, 2], "texture": "#0"},
				"west": {"uv": [8, 0, 11, 2], "texture": "#0"},
				"up": {"uv": [8, 0, 11.5, 3], "texture": "#0"},
				"down": {"uv": [8, 0, 11.5, 3], "texture": "#0"}
			}
		},
		{
			"from": [8.5, 1, 3.25],
			"to": [15.5, 11, 4.25],
			"faces": {
				"north": {"uv": [8, 0, 11.5, 5], "texture": "#0"},
				"east": {"uv": [8, 0, 8.5, 5], "texture": "#0"},
				"south": {"uv": [8, 0, 11.5, 5], "texture": "#0"},
				"west": {"uv": [8, 0, 8.5, 5], "texture": "#0"},
				"up": {"uv": [8, 0, 11.5, 0.5], "texture": "#0"},
				"down": {"uv": [8, 0, 11.5, 0.5], "texture": "#0"}
			}
		},
		{
			"from": [0.75, 1, -2.75],
			"to": [7.75, 5, 3.25],
			"faces": {
				"north": {"uv": [8, 0, 11.5, 2], "texture": "#0"},
				"east": {"uv": [8, 0, 11, 2], "texture": "#0"},
				"south": {"uv": [8, 0, 11.5, 2], "texture": "#0"},
				"west": {"uv": [8, 0, 11, 2], "texture": "#0"},
				"up": {"uv": [8, 0, 11.5, 3], "texture": "#0"},
				"down": {"uv": [8, 0, 11.5, 3], "texture": "#0"}
			}
		},
		{
			"from": [0.75, 1, 3.25],
			"to": [7.75, 11, 4.25],
			"faces": {
				"north": {"uv": [8, 0, 11.5, 5], "texture": "#0"},
				"east": {"uv": [8, 0, 8.5, 5], "texture": "#0"},
				"south": {"uv": [8, 0, 11.5, 5], "texture": "#0"},
				"west": {"uv": [8, 0, 8.5, 5], "texture": "#0"},
				"up": {"uv": [8, 0, 11.5, 0.5], "texture": "#0"},
				"down": {"uv": [8, 0, 11.5, 0.5], "texture": "#0"}
			}
		},
		{
			"from": [2.5, 6.5, -7.25],
			"to": [3.5, 7.25, -5.25],
			"faces": {
				"north": {"uv": [12, 0, 12.5, 0.375], "texture": "#0"},
				"east": {"uv": [12, 0, 13, 0.375], "texture": "#0"},
				"south": {"uv": [12, 0, 12.5, 0.375], "texture": "#0"},
				"west": {"uv": [12, 0, 13, 0.375], "texture": "#0"},
				"up": {"uv": [12, 0, 12.5, 1], "texture": "#0"},
				"down": {"uv": [12, 0, 12.5, 1], "texture": "#0"}
			}
		},
		{
			"from": [1.75, 8.25, -5.25],
			"to": [2, 8.5, -4.75],
			"faces": {
				"north": {"uv": [12, 0, 12.125, 0.125], "texture": "#0"},
				"east": {"uv": [12, 0, 12.25, 0.125], "texture": "#0"},
				"south": {"uv": [12, 0, 12.125, 0.125], "texture": "#0"},
				"west": {"uv": [12, 0, 12.25, 0.125], "texture": "#0"},
				"up": {"uv": [12, 0, 12.125, 0.25], "texture": "#0"},
				"down": {"uv": [12, 0, 12.125, 0.25], "texture": "#0"}
			}
		},
		{
			"from": [1.5, 6.25, -5.25],
			"to": [1.75, 8.25, -4.75],
			"faces": {
				"north": {"uv": [12, 0, 12.125, 1], "texture": "#0"},
				"east": {"uv": [12, 0, 12.25, 1], "texture": "#0"},
				"south": {"uv": [12, 0, 12.125, 1], "texture": "#0"},
				"west": {"uv": [12, 0, 12.25, 1], "texture": "#0"},
				"up": {"uv": [12, 0, 12.125, 0.25], "texture": "#0"},
				"down": {"uv": [12, 0, 12.125, 0.25], "texture": "#0"}
			}
		},
		{
			"from": [2, 6.5, -5.25],
			"to": [4, 8, -4.75],
			"faces": {
				"north": {"uv": [12, 0, 13, 0.75], "texture": "#0"},
				"east": {"uv": [12, 0, 12.25, 0.75], "texture": "#0"},
				"south": {"uv": [12, 0, 13, 0.75], "texture": "#0"},
				"west": {"uv": [12, 0, 12.25, 0.75], "texture": "#0"},
				"up": {"uv": [12, 0, 13, 0.25], "texture": "#0"},
				"down": {"uv": [12, 0, 13, 0.25], "texture": "#0"}
			}
		},
		{
			"from": [2, 5.75, -5.25],
			"to": [4, 6, -4.75],
			"faces": {
				"north": {"uv": [12, 0, 13, 0.125], "texture": "#0"},
				"east": {"uv": [12, 0, 12.25, 0.125], "texture": "#0"},
				"south": {"uv": [12, 0, 13, 0.125], "texture": "#0"},
				"west": {"uv": [12, 0, 12.25, 0.125], "texture": "#0"},
				"up": {"uv": [12, 0, 13, 0.25], "texture": "#0"},
				"down": {"uv": [12, 0, 13, 0.25], "texture": "#0"}
			}
		},
		{
			"from": [1.75, 6, -5.25],
			"to": [2, 6.25, -4.75],
			"faces": {
				"north": {"uv": [12, 0, 12.125, 0.125], "texture": "#0"},
				"east": {"uv": [12, 0, 12.25, 0.125], "texture": "#0"},
				"south": {"uv": [12, 0, 12.125, 0.125], "texture": "#0"},
				"west": {"uv": [12, 0, 12.25, 0.125], "texture": "#0"},
				"up": {"uv": [12, 0, 12.125, 0.25], "texture": "#0"},
				"down": {"uv": [12, 0, 12.125, 0.25], "texture": "#0"}
			}
		},
		{
			"from": [4, 6, -5.25],
			"to": [4.25, 6.25, -4.75],
			"faces": {
				"north": {"uv": [12, 0, 12.125, 0.125], "texture": "#0"},
				"east": {"uv": [12, 0, 12.25, 0.125], "texture": "#0"},
				"south": {"uv": [12, 0, 12.125, 0.125], "texture": "#0"},
				"west": {"uv": [12, 0, 12.25, 0.125], "texture": "#0"},
				"up": {"uv": [12, 0, 12.125, 0.25], "texture": "#0"},
				"down": {"uv": [12, 0, 12.125, 0.25], "texture": "#0"}
			}
		},
		{
			"from": [4.25, 6.25, -5.25],
			"to": [4.5, 8.25, -4.75],
			"faces": {
				"north": {"uv": [12, 0, 12.125, 1], "texture": "#0"},
				"east": {"uv": [12, 0, 12.25, 1], "texture": "#0"},
				"south": {"uv": [12, 0, 12.125, 1], "texture": "#0"},
				"west": {"uv": [12, 0, 12.25, 1], "texture": "#0"},
				"up": {"uv": [12, 0, 12.125, 0.25], "texture": "#0"},
				"down": {"uv": [12, 0, 12.125, 0.25], "texture": "#0"}
			}
		},
		{
			"from": [4, 8.25, -5.25],
			"to": [4.25, 8.5, -4.75],
			"faces": {
				"north": {"uv": [12, 0, 12.125, 0.125], "texture": "#0"},
				"east": {"uv": [12, 0, 12.25, 0.125], "texture": "#0"},
				"south": {"uv": [12, 0, 12.125, 0.125], "texture": "#0"},
				"west": {"uv": [12, 0, 12.25, 0.125], "texture": "#0"},
				"up": {"uv": [12, 0, 12.125, 0.25], "texture": "#0"},
				"down": {"uv": [12, 0, 12.125, 0.25], "texture": "#0"}
			}
		},
		{
			"from": [2, 8.5, -5.25],
			"to": [4, 8.75, -4.75],
			"faces": {
				"north": {"uv": [12, 0, 13, 0.125], "texture": "#0"},
				"east": {"uv": [12, 0, 12.25, 0.125], "texture": "#0"},
				"south": {"uv": [12, 0, 13, 0.125], "texture": "#0"},
				"west": {"uv": [12, 0, 12.25, 0.125], "texture": "#0"},
				"up": {"uv": [12, 0, 13, 0.25], "texture": "#0"},
				"down": {"uv": [12, 0, 13, 0.25], "texture": "#0"}
			}
		},
		{
			"from": [-1.75, 0.5, 28.75],
			"to": [17.5, 9, 31],
			"rotation": {"angle": 0, "axis": "x", "origin": [8, 0.5, 41]},
			"faces": {
				"north": {"uv": [12, 0, 16, 4], "texture": "#0"},
				"east": {"uv": [12, 0, 16, 4], "texture": "#0"},
				"south": {"uv": [12, 0, 16, 4], "texture": "#0"},
				"west": {"uv": [12, 0, 16, 4], "texture": "#0"},
				"up": {"uv": [12, 0, 16, 4], "texture": "#0"},
				"down": {"uv": [12, 0, 16, 4], "texture": "#0"}
			}
		}
	],
	"display": {
		"head": {
			"scale": [4, 4, 4],
			"translation": [16, 16, 32]
		}
	},
	"groups": [0, 1, 2, 3, 4, 5, 6, 7, 8, 9,
		{
			"name": "chair",
			"isOpen": false,
			"shade": true,
			"display": {
				"visibility": true,
				"autouv": true
			},
			"children": [10, 11]
		},
		{
			"name": "chair",
			"shade": true,
			"display": {
				"visibility": true,
				"autouv": true
			},
			"children": [12, 13]
		},
		{
			"name": "steeringwheel",
			"isOpen": false,
			"shade": true,
			"display": {
				"visibility": true,
				"autouv": true
			},
			"children": [14, 15, 16, 17, 18, 19, 20, 21, 22, 23]
		}, 24]
}