{
	"credit": "Made with Blockbench, a free, modern block model editor by JannisX11",
	"textures": {
		"0": "items/helitext",
		"1": "items/glasspanetexture",
		"particle": "items/helitext"
	},
	"elements": [
		{
			"from": [3.99, 11, 14.25],
			"to": [4.24, 15.5, 30.25],
			"faces": {
				"north": {"uv": [12, 0, 16, 4], "texture": "#0"},
				"east": {"uv": [12, 0, 16, 4], "texture": "#0"},
				"south": {"uv": [12, 0, 16, 4], "texture": "#0"},
				"west": {"uv": [12, 0, 16, 4], "texture": "#0"},
				"up": {"uv": [12, 0, 16, 4], "texture": "#0"},
				"down": {"uv": [12, 0, 16, 4], "texture": "#0"}
			}
		},
		{
			"from": [4, 1, 4.25],
			"to": [4.25, 8.75, 14.75],
			"faces": {
				"north": {"uv": [12, 0, 16, 4], "texture": "#0"},
				"east": {"uv": [12, 0, 16, 4], "texture": "#0"},
				"south": {"uv": [12, 0, 16, 4], "texture": "#0"},
				"west": {"uv": [12, 0, 16, 4], "texture": "#0"},
				"up": {"uv": [12, 0, 16, 4], "texture": "#0"},
				"down": {"uv": [12, 0, 16, 4], "texture": "#0"}
			}
		},
		{
			"from": [11.75, 1, 4.25],
			"to": [12, 8.75, 14.75],
			"faces": {
				"north": {"uv": [12, 0, 16, 4], "texture": "#0"},
				"east": {"uv": [12, 0, 16, 4], "texture": "#0"},
				"south": {"uv": [12, 0, 16, 4], "texture": "#0"},
				"west": {"uv": [12, 0, 16, 4], "texture": "#0"},
				"up": {"uv": [12, 0, 16, 4], "texture": "#0"},
				"down": {"uv": [12, 0, 16, 4], "texture": "#0"}
			}
		},
		{
			"from": [11.75, 11, 14.25],
			"to": [12, 15.75, 30.75],
			"faces": {
				"north": {"uv": [12, 0, 16, 4], "texture": "#0"},
				"east": {"uv": [12, 0, 16, 4], "texture": "#0"},
				"south": {"uv": [12, 0, 16, 4], "texture": "#0"},
				"west": {"uv": [12, 0, 16, 4], "texture": "#0"},
				"up": {"uv": [12, 0, 16, 4], "texture": "#0"},
				"down": {"uv": [12, 0, 16, 4], "texture": "#0"}
			}
		},
		{
			"from": [3.99, 1, 2],
			"to": [4.24, 15.25, 4.75],
			"faces": {
				"north": {"uv": [12, 0, 16, 4], "texture": "#0"},
				"east": {"uv": [12, 0, 16, 4], "texture": "#0"},
				"south": {"uv": [12, 0, 16, 4], "texture": "#0"},
				"west": {"uv": [12, 0, 16, 4], "texture": "#0"},
				"up": {"uv": [12, 0, 16, 4], "texture": "#0"},
				"down": {"uv": [12, 0, 16, 4], "texture": "#0"}
			}
		},
		{
			"from": [11.75, 1, 2],
			"to": [12, 15.25, 4.75],
			"faces": {
				"north": {"uv": [12, 0, 16, 4], "texture": "#0"},
				"east": {"uv": [12, 0, 16, 4], "texture": "#0"},
				"south": {"uv": [12, 0, 16, 4], "texture": "#0"},
				"west": {"uv": [12, 0, 16, 4], "texture": "#0"},
				"up": {"uv": [12, 0, 16, 4], "texture": "#0"},
				"down": {"uv": [12, 0, 16, 4], "texture": "#0"}
			}
		},
		{
			"from": [3.99, 1, -8.25],
			"to": [4.24, 8.75, 2],
			"faces": {
				"north": {"uv": [12, 0, 16, 4], "texture": "#0"},
				"east": {"uv": [12, 0, 16, 4], "texture": "#0"},
				"south": {"uv": [12, 0, 16, 4], "texture": "#0"},
				"west": {"uv": [12, 0, 16, 4], "texture": "#0"},
				"up": {"uv": [12, 0, 16, 4], "texture": "#0"},
				"down": {"uv": [12, 0, 16, 4], "texture": "#0"}
			}
		},
		{
			"from": [11.75, 1, -8.25],
			"to": [12, 8.75, 2],
			"faces": {
				"north": {"uv": [12, 0, 16, 4], "texture": "#0"},
				"east": {"uv": [12, 0, 16, 4], "texture": "#0"},
				"south": {"uv": [12, 0, 16, 4], "texture": "#0"},
				"west": {"uv": [12, 0, 16, 4], "texture": "#0"},
				"up": {"uv": [12, 0, 16, 4], "texture": "#0"},
				"down": {"uv": [12, 0, 16, 4], "texture": "#0"}
			}
		},
		{
			"from": [4, 1.75, 17.75],
			"to": [12, 6, 26],
			"rotation": {"angle": -45, "axis": "x", "origin": [8, 4.375, 13.375]},
			"faces": {
				"north": {"uv": [12, 0, 16, 4], "texture": "#0"},
				"east": {"uv": [12, 0, 16, 4], "texture": "#0"},
				"south": {"uv": [12, 0, 16, 4], "texture": "#0"},
				"west": {"uv": [12, 0, 16, 4], "texture": "#0"},
				"up": {"uv": [12, 0, 16, 4], "texture": "#0"},
				"down": {"uv": [12, 0, 16, 4], "texture": "#0"}
			}
		},
		{
			"from": [4, -1.5, 12.25],
			"to": [12, 1.75, 32],
			"rotation": {"angle": -45, "axis": "x", "origin": [8, 4.375, 13.375]},
			"faces": {
				"north": {"uv": [12, 0, 16, 4], "texture": "#0"},
				"east": {"uv": [12, 0, 16, 4], "texture": "#0"},
				"south": {"uv": [12, 0, 16, 4], "texture": "#0"},
				"west": {"uv": [12, 0, 16, 4], "texture": "#0"},
				"up": {"uv": [12, 0, 16, 4], "texture": "#0"},
				"down": {"uv": [12, 0, 16, 4], "texture": "#0"}
			}
		},
		{
			"from": [4, 15, -5.25],
			"to": [12, 15.75, 32],
			"faces": {
				"north": {"uv": [12, 0, 16, 4], "texture": "#0"},
				"east": {"uv": [12, 0, 16, 4], "texture": "#0"},
				"south": {"uv": [12, 0, 16, 4], "texture": "#0"},
				"west": {"uv": [12, 0, 16, 4], "texture": "#0"},
				"up": {"uv": [12, 0, 16, 4], "texture": "#0"},
				"down": {"uv": [12, 0, 16, 4], "texture": "#0"}
			}
		},
		{
			"from": [10.75, 5.5, -7],
			"to": [12, 16, -6.5],
			"rotation": {"angle": 22.5, "axis": "x", "origin": [18, 11.5, -6.75]},
			"faces": {
				"north": {"uv": [12, 0, 16, 4], "texture": "#0", "rotation": 180},
				"east": {"uv": [12, 0, 16, 4], "texture": "#0", "rotation": 180},
				"south": {"uv": [12, 0, 16, 4], "texture": "#0", "rotation": 180},
				"west": {"uv": [12, 0, 16, 4], "texture": "#0", "rotation": 180},
				"up": {"uv": [12, 0, 16, 4], "texture": "#0", "rotation": 180},
				"down": {"uv": [12, 0, 16, 4], "texture": "#0", "rotation": 180}
			}
		},
		{
			"from": [5.25, 5.5, -7],
			"to": [10.75, 16, -6.5],
			"rotation": {"angle": 22.5, "axis": "x", "origin": [13.25, 11.5, -6.75]},
			"faces": {
				"north": {"uv": [0, 1, 16, 15], "texture": "#1", "rotation": 180},
				"east": {"uv": [0, 0, 16, 16], "texture": "#1", "rotation": 180},
				"south": {"uv": [0, 0, 16, 16], "texture": "#1", "rotation": 180},
				"west": {"uv": [0, 0, 16, 16], "texture": "#1", "rotation": 180},
				"up": {"uv": [0, 0, 16, 16], "texture": "#1", "rotation": 180},
				"down": {"uv": [0, 0, 16, 16], "texture": "#1", "rotation": 180}
			}
		},
		{
			"from": [4, 5.5, -7],
			"to": [5.25, 16, -6.5],
			"rotation": {"angle": 22.5, "axis": "x", "origin": [12, 11.5, -6.75]},
			"faces": {
				"north": {"uv": [12, 0, 16, 4], "texture": "#0", "rotation": 180},
				"east": {"uv": [12, 0, 16, 4], "texture": "#0", "rotation": 180},
				"south": {"uv": [12, 0, 16, 4], "texture": "#0", "rotation": 180},
				"west": {"uv": [12, 0, 16, 4], "texture": "#0", "rotation": 180},
				"up": {"uv": [12, 0, 16, 4], "texture": "#0", "rotation": 180},
				"down": {"uv": [12, 0, 16, 4], "texture": "#0", "rotation": 180}
			}
		},
		{
			"from": [3.75, 1, 14.5],
			"to": [12.25, 11.25, 18.5],
			"faces": {
				"north": {"uv": [12, 0, 16, 4], "texture": "#0"},
				"east": {"uv": [12, 0, 16, 4], "texture": "#0"},
				"south": {"uv": [12, 0, 16, 4], "texture": "#0"},
				"west": {"uv": [12, 0, 16, 4], "texture": "#0"},
				"up": {"uv": [12, 0, 16, 4], "texture": "#0"},
				"down": {"uv": [12, 0, 16, 4], "texture": "#0"}
			}
		},
		{
			"from": [4, 11, 29.5],
			"to": [12.75, 15.75, 32],
			"faces": {
				"north": {"uv": [12, 0, 16, 4], "texture": "#0"},
				"east": {"uv": [12, 0, 16, 4], "texture": "#0"},
				"south": {"uv": [12, 0, 16, 4], "texture": "#0"},
				"west": {"uv": [12, 0, 16, 4], "texture": "#0"},
				"up": {"uv": [12, 0, 16, 4], "texture": "#0"},
				"down": {"uv": [12, 0, 16, 4], "texture": "#0"}
			}
		},
		{
			"from": [4, 5.5, -11],
			"to": [12, 8, -6.75],
			"faces": {
				"north": {"uv": [12, 0, 16, 4], "texture": "#0"},
				"east": {"uv": [12, 0, 16, 4], "texture": "#0"},
				"south": {"uv": [12, 0, 16, 4], "texture": "#0"},
				"west": {"uv": [12, 0, 16, 4], "texture": "#0"},
				"up": {"uv": [12, 0, 16, 4], "texture": "#0"},
				"down": {"uv": [12, 0, 16, 4], "texture": "#0"}
			}
		},
		{
			"from": [5.25, 5.75, -7.5],
			"to": [9, 7.25, -6],
			"faces": {
				"north": {"uv": [9, 8, 13, 12], "texture": "#0"},
				"east": {"uv": [9, 8, 13, 12], "texture": "#0"},
				"south": {"uv": [9, 8, 13, 12], "texture": "#0"},
				"west": {"uv": [9, 8, 13, 12], "texture": "#0"},
				"up": {"uv": [9, 8, 13, 12], "texture": "#0"},
				"down": {"uv": [9, 8, 13, 12], "texture": "#0"}
			}
		},
		{
			"from": [4.01, 1.75, -14.25],
			"to": [11.99, 7.25, -9.75],
			"rotation": {"angle": -22.5, "axis": "x", "origin": [8.01, 4.25, -12.25]},
			"faces": {
				"north": {"uv": [12, 0, 16, 4], "texture": "#0"},
				"east": {"uv": [12, 0, 16, 4], "texture": "#0"},
				"south": {"uv": [12, 0, 16, 4], "texture": "#0"},
				"west": {"uv": [12, 0, 16, 4], "texture": "#0"},
				"up": {"uv": [12, 0, 16, 4], "texture": "#0"},
				"down": {"uv": [12, 0, 16, 4], "texture": "#0"}
			}
		},
		{
			"from": [4, 0.75, -15.75],
			"to": [12, 5.75, -8.25],
			"faces": {
				"north": {"uv": [12, 0, 16, 4], "texture": "#0"},
				"east": {"uv": [12, 0, 16, 4], "texture": "#0"},
				"south": {"uv": [12, 0, 16, 4], "texture": "#0"},
				"west": {"uv": [12, 0, 16, 4], "texture": "#0"},
				"up": {"uv": [12, 0, 16, 4], "texture": "#0"},
				"down": {"uv": [12, 0, 16, 4], "texture": "#0"}
			}
		},
		{
			"from": [4, 0, -8.75],
			"to": [12, 1, 17],
			"faces": {
				"north": {"uv": [12, 0, 16, 4], "texture": "#0"},
				"east": {"uv": [12, 0, 16, 4], "texture": "#0"},
				"south": {"uv": [12, 0, 16, 4], "texture": "#0"},
				"west": {"uv": [12, 0, 16, 4], "texture": "#0"},
				"up": {"uv": [12, 0, 16, 4], "texture": "#0"},
				"down": {"uv": [12, 0, 16, 4], "texture": "#0"}
			}
		},
		{
			"from": [4.5, 1, 8.25],
			"to": [11.5, 5, 14.25],
			"faces": {
				"north": {"uv": [8, 0, 11.5, 2], "texture": "#0"},
				"east": {"uv": [8, 0, 11, 2], "texture": "#0"},
				"south": {"uv": [8, 0, 11.5, 2], "texture": "#0"},
				"west": {"uv": [8, 0, 11, 2], "texture": "#0"},
				"up": {"uv": [8, 0, 11.5, 3], "texture": "#0"},
				"down": {"uv": [8, 0, 11.5, 3], "texture": "#0"}
			}
		},
		{
			"from": [4.5, 1, 14.25],
			"to": [11.5, 11, 15.25],
			"faces": {
				"north": {"uv": [8, 0, 11.5, 5], "texture": "#0"},
				"east": {"uv": [8, 0, 8.5, 5], "texture": "#0"},
				"south": {"uv": [8, 0, 11.5, 5], "texture": "#0"},
				"west": {"uv": [8, 0, 8.5, 5], "texture": "#0"},
				"up": {"uv": [8, 0, 11.5, 0.5], "texture": "#0"},
				"down": {"uv": [8, 0, 11.5, 0.5], "texture": "#0"}
			}
		},
		{
			"from": [4.5, 1, -2.75],
			"to": [11.5, 5, 3.25],
			"faces": {
				"north": {"uv": [8, 0, 11.5, 2], "texture": "#0"},
				"east": {"uv": [8, 0, 11, 2], "texture": "#0"},
				"south": {"uv": [8, 0, 11.5, 2], "texture": "#0"},
				"west": {"uv": [8, 0, 11, 2], "texture": "#0"},
				"up": {"uv": [8, 0, 11.5, 3], "texture": "#0"},
				"down": {"uv": [8, 0, 11.5, 3], "texture": "#0"}
			}
		},
		{
			"from": [4.5, 1, 3.25],
			"to": [11.5, 11, 4.25],
			"faces": {
				"north": {"uv": [8, 0, 11.5, 5], "texture": "#0"},
				"east": {"uv": [8, 0, 8.5, 5], "texture": "#0"},
				"south": {"uv": [8, 0, 11.5, 5], "texture": "#0"},
				"west": {"uv": [8, 0, 8.5, 5], "texture": "#0"},
				"up": {"uv": [8, 0, 11.5, 0.5], "texture": "#0"},
				"down": {"uv": [8, 0, 11.5, 0.5], "texture": "#0"}
			}
		},
		{
			"from": [9.01, 3, 2],
			"to": [32, 3.5, 8.75],
			"rotation": {"angle": -22.5, "axis": "y", "origin": [21.005, 3.25, 8.375]},
			"faces": {
				"north": {"uv": [12, 0, 16, 4], "texture": "#0"},
				"east": {"uv": [12, 0, 16, 4], "texture": "#0"},
				"south": {"uv": [12, 0, 16, 4], "texture": "#0"},
				"west": {"uv": [12, 0, 16, 4], "texture": "#0"},
				"up": {"uv": [12, 0, 16, 4], "texture": "#0"},
				"down": {"uv": [12, 0, 16, 4], "texture": "#0"}
			}
		},
		{
			"from": [11, 3, 4.75],
			"to": [28.74, 3.25, 14.75],
			"faces": {
				"north": {"uv": [12, 0, 16, 4], "texture": "#0"},
				"east": {"uv": [12, 0, 16, 4], "texture": "#0"},
				"south": {"uv": [12, 0, 16, 4], "texture": "#0"},
				"west": {"uv": [12, 0, 16, 4], "texture": "#0"},
				"up": {"uv": [12, 0, 16, 4], "texture": "#0"},
				"down": {"uv": [12, 0, 16, 4], "texture": "#0"}
			}
		},
		{
			"from": [-16, 3, 2],
			"to": [6.99, 3.5, 8.75],
			"rotation": {"angle": 22.5, "axis": "y", "origin": [-8.005, 3.25, 8.375]},
			"faces": {
				"north": {"uv": [12, 0, 16, 4], "texture": "#0"},
				"east": {"uv": [12, 0, 16, 4], "texture": "#0"},
				"south": {"uv": [12, 0, 16, 4], "texture": "#0"},
				"west": {"uv": [12, 0, 16, 4], "texture": "#0"},
				"up": {"uv": [12, 0, 16, 4], "texture": "#0"},
				"down": {"uv": [12, 0, 16, 4], "texture": "#0"}
			}
		},
		{
			"from": [-14.75, 3, 4],
			"to": [3.99, 3.25, 14.75],
			"faces": {
				"north": {"uv": [12, 0, 16, 4], "texture": "#0"},
				"east": {"uv": [12, 0, 16, 4], "texture": "#0"},
				"south": {"uv": [12, 0, 16, 4], "texture": "#0"},
				"west": {"uv": [12, 0, 16, 4], "texture": "#0"},
				"up": {"uv": [12, 0, 16, 4], "texture": "#0"},
				"down": {"uv": [12, 0, 16, 4], "texture": "#0"}
			}
		},
		{
			"from": [8, 11.01, 27.25],
			"to": [8.5, 27, 32],
			"rotation": {"angle": 45, "axis": "x", "origin": [8.25, 19.005, 30.625]},
			"faces": {
				"north": {"uv": [12, 0, 16, 4], "texture": "#0", "rotation": 90},
				"east": {"uv": [12, 0, 16, 4], "texture": "#0", "rotation": 270},
				"south": {"uv": [12, 0, 16, 4], "texture": "#0", "rotation": 270},
				"west": {"uv": [12, 0, 16, 4], "texture": "#0", "rotation": 270},
				"up": {"uv": [12, 0, 16, 4], "texture": "#0", "rotation": 270},
				"down": {"uv": [12, 0, 16, 4], "texture": "#0", "rotation": 270}
			}
		},
		{
			"from": [4, 8.75, 4.25],
			"to": [4.25, 15, 14.75],
			"faces": {
				"north": {"uv": [0, 1, 16, 15], "texture": "#1"},
				"east": {"uv": [0, 1, 16, 15], "texture": "#1"},
				"south": {"uv": [0, 1, 16, 15], "texture": "#1"},
				"west": {"uv": [0, 1, 16, 15], "texture": "#1"},
				"up": {"uv": [0, 1, 16, 15], "texture": "#1"},
				"down": {"uv": [0, 1, 16, 15], "texture": "#1"}
			}
		},
		{
			"from": [11.75, 8.75, 4.25],
			"to": [12, 15, 14.75],
			"faces": {
				"north": {"uv": [0, 1, 16, 15], "texture": "#1"},
				"east": {"uv": [0, 1, 16, 15], "texture": "#1"},
				"south": {"uv": [0, 1, 16, 15], "texture": "#1"},
				"west": {"uv": [0, 1, 16, 15], "texture": "#1"},
				"up": {"uv": [0, 1, 16, 15], "texture": "#1"},
				"down": {"uv": [0, 1, 16, 15], "texture": "#1"}
			}
		},
		{
			"from": [4, 8.75, -5.25],
			"to": [4.25, 15, 2],
			"faces": {
				"north": {"uv": [0, 1, 16, 15], "texture": "#1"},
				"east": {"uv": [0, 1, 16, 15], "texture": "#1"},
				"south": {"uv": [0, 1, 16, 15], "texture": "#1"},
				"west": {"uv": [1, 1, 16, 15], "texture": "#1"},
				"up": {"uv": [0, 1, 16, 15], "texture": "#1"},
				"down": {"uv": [0, 1, 16, 15], "texture": "#1"}
			}
		},
		{
			"from": [11.75, 8.75, -5.25],
			"to": [12, 15, 2],
			"faces": {
				"north": {"uv": [0, 1, 16, 15], "texture": "#1"},
				"east": {"uv": [0, 1, 16, 15], "texture": "#1"},
				"south": {"uv": [0, 1, 16, 15], "texture": "#1"},
				"west": {"uv": [1, 1, 16, 15], "texture": "#1"},
				"up": {"uv": [0, 1, 16, 15], "texture": "#1"},
				"down": {"uv": [0, 1, 16, 15], "texture": "#1"}
			}
		}
	],
	"display": {
		"head": {
			"scale": [4, 4, 4],
			"translation": [0, 18.5, 29]
		},
		"gui": {
			"scale": [0.3, 0.3, 0.3],
			"rotation": [41, 139, 0]
		}
	},
	"groups": [0, 1, 2, 3, 4, 5, 6, 7, 8, 9, 10, 11, 12, 13, 14, 15, 16, 17, 18, 19, 20,
		{
			"name": "chair",
			"isOpen": false,
			"shade": true,
			"display": {
				"visibility": true,
				"autouv": true
			},
			"children": [21, 22]
		},
		{
			"name": "chair",
			"shade": true,
			"display": {
				"visibility": true,
				"autouv": true
			},
			"children": [23, 24]
		},
		{
			"name": "wing1",
			"isOpen": true,
			"shade": true,
			"display": {
				"visibility": true,
				"autouv": true
			},
			"children": [25, 26]
		},
		{
			"name": "wing1",
			"isOpen": true,
			"shade": true,
			"display": {
				"visibility": true,
				"autouv": true
			},
			"children": [27, 28]
		},
		{
			"name": "wing1",
			"isOpen": true,
			"shade": true,
			"display": {
				"visibility": true,
				"autouv": true
			},
			"children": [29]
		}, 30, 31, 32, 33]
}