{
	"credit": "Made with Blockbench, a free, modern block model editor by JannisX11",
	"textures": {
		"0": "items/helitext",
		"particle": "items/helitext"
	},
	"elements": [
		{
			"from": [3.99, 4.5, 16],
			"to": [4.24, 9, 32],
			"faces": {
				"north": {"uv": [4, 4, 8, 8], "texture": "#0"},
				"east": {"uv": [4, 4, 8, 8], "texture": "#0"},
				"south": {"uv": [4, 4, 8, 8], "texture": "#0"},
				"west": {"uv": [4, 4, 8, 8], "texture": "#0"},
				"up": {"uv": [4, 4, 8, 8], "texture": "#0"},
				"down": {"uv": [4, 4, 8, 8], "texture": "#0"}
			}
		},
		{
			"from": [4, 1, 4.25],
			"to": [4.25, 8.75, 14.75],
			"faces": {
				"north": {"uv": [4, 4, 8, 6], "texture": "#0"},
				"east": {"uv": [4, 4, 8, 6], "texture": "#0"},
				"south": {"uv": [4, 4, 8, 6], "texture": "#0"},
				"west": {"uv": [4, 4, 8, 6], "texture": "#0"},
				"up": {"uv": [4, 4, 8, 6], "texture": "#0"},
				"down": {"uv": [4, 4, 8, 6], "texture": "#0"}
			}
		},
		{
			"from": [11.75, 1, 4.25],
			"to": [12, 8.75, 14.75],
			"faces": {
				"north": {"uv": [4, 4, 8, 6], "texture": "#0"},
				"east": {"uv": [4, 4, 8, 6], "texture": "#0"},
				"south": {"uv": [4, 4, 8, 6], "texture": "#0"},
				"west": {"uv": [4, 4, 8, 6], "texture": "#0"},
				"up": {"uv": [4, 4, 8, 6], "texture": "#0"},
				"down": {"uv": [4, 4, 8, 6], "texture": "#0"}
			}
		},
		{
			"from": [11.75, 4.5, 15.5],
			"to": [12, 9.25, 32],
			"faces": {
				"north": {"uv": [4, 4, 8, 8], "texture": "#0"},
				"east": {"uv": [4, 4, 8, 8], "texture": "#0"},
				"south": {"uv": [4, 4, 8, 8], "texture": "#0"},
				"west": {"uv": [4, 4, 8, 8], "texture": "#0"},
				"up": {"uv": [4, 4, 8, 8], "texture": "#0"},
				"down": {"uv": [4, 4, 8, 8], "texture": "#0"}
			}
		},
		{
			"from": [3.99, 1, 2],
			"to": [4.24, 16.25, 4.75],
			"faces": {
				"north": {"uv": [4, 4, 8, 8], "texture": "#0"},
				"east": {"uv": [4, 4, 8, 8], "texture": "#0"},
				"south": {"uv": [4, 4, 8, 8], "texture": "#0"},
				"west": {"uv": [4, 4, 8, 8], "texture": "#0"},
				"up": {"uv": [4, 4, 8, 8], "texture": "#0"},
				"down": {"uv": [4, 4, 8, 8], "texture": "#0"}
			}
		},
		{
			"from": [11.75, 1, 2],
			"to": [12, 16.25, 4.75],
			"faces": {
				"north": {"uv": [4, 4, 8, 8], "texture": "#0"},
				"east": {"uv": [4, 4, 8, 8], "texture": "#0"},
				"south": {"uv": [4, 4, 8, 8], "texture": "#0"},
				"west": {"uv": [4, 4, 8, 8], "texture": "#0"},
				"up": {"uv": [4, 4, 8, 8], "texture": "#0"},
				"down": {"uv": [4, 4, 8, 8], "texture": "#0"}
			}
		},
		{
			"from": [3.99, 1, -8.25],
			"to": [4.24, 8.75, 2],
			"faces": {
				"north": {"uv": [4, 4, 8, 6], "texture": "#0"},
				"east": {"uv": [4, 4, 8, 6], "texture": "#0"},
				"south": {"uv": [4, 4, 8, 6], "texture": "#0"},
				"west": {"uv": [4, 4, 8, 6], "texture": "#0"},
				"up": {"uv": [4, 4, 8, 6], "texture": "#0"},
				"down": {"uv": [4, 4, 8, 6], "texture": "#0"}
			}
		},
		{
			"from": [11.75, 1, -8.25],
			"to": [12, 8.75, 2],
			"faces": {
				"north": {"uv": [4, 4, 8, 6], "texture": "#0"},
				"east": {"uv": [4, 4, 8, 6], "texture": "#0"},
				"south": {"uv": [4, 4, 8, 6], "texture": "#0"},
				"west": {"uv": [4, 4, 8, 6], "texture": "#0"},
				"up": {"uv": [4, 4, 8, 6], "texture": "#0"},
				"down": {"uv": [4, 4, 8, 6], "texture": "#0"}
			}
		},
		{
			"from": [4, 8.5, 14.75],
			"to": [12, 9.25, 32],
			"faces": {
				"north": {"uv": [4, 4, 8, 8], "texture": "#0"},
				"east": {"uv": [4, 4, 8, 8], "texture": "#0"},
				"south": {"uv": [4, 4, 8, 8], "texture": "#0"},
				"west": {"uv": [4, 4, 8, 8], "texture": "#0"},
				"up": {"uv": [4, 4, 8, 8], "texture": "#0"},
				"down": {"uv": [4, 4, 8, 8], "texture": "#0"}
			}
		},
		{
			"from": [10.75, 5.5, -7],
			"to": [12, 17, -6.5],
			"rotation": {"angle": 22.5, "axis": "x", "origin": [18, 11.5, -6.75]},
			"faces": {
				"north": {"uv": [4, 4, 8, 8], "texture": "#0", "rotation": 180},
				"east": {"uv": [4, 4, 8, 8], "texture": "#0", "rotation": 180},
				"south": {"uv": [4, 4, 8, 8], "texture": "#0", "rotation": 180},
				"west": {"uv": [4, 4, 8, 8], "texture": "#0", "rotation": 180},
				"up": {"uv": [4, 4, 8, 8], "texture": "#0", "rotation": 180},
				"down": {"uv": [4, 4, 8, 8], "texture": "#0", "rotation": 180}
			}
		},
		{
			"from": [4, 5.5, -7],
			"to": [5.25, 17, -6.5],
			"rotation": {"angle": 22.5, "axis": "x", "origin": [12, 11.5, -6.75]},
			"faces": {
				"north": {"uv": [4, 4, 8, 8], "texture": "#0", "rotation": 180},
				"east": {"uv": [4, 4, 8, 8], "texture": "#0", "rotation": 180},
				"south": {"uv": [4, 4, 8, 8], "texture": "#0", "rotation": 180},
				"west": {"uv": [4, 4, 8, 8], "texture": "#0", "rotation": 180},
				"up": {"uv": [4, 4, 8, 8], "texture": "#0", "rotation": 180},
				"down": {"uv": [4, 4, 8, 8], "texture": "#0", "rotation": 180}
			}
		},
		{
			"from": [3.75, 1, 14.5],
			"to": [12.25, 11.25, 18.5],
			"faces": {
				"north": {"uv": [4, 4, 8, 8], "texture": "#0"},
				"east": {"uv": [4, 4, 8, 8], "texture": "#0"},
				"south": {"uv": [4, 4, 8, 8], "texture": "#0"},
				"west": {"uv": [4, 4, 8, 8], "texture": "#0"},
				"up": {"uv": [4, 4, 8, 8], "texture": "#0"},
				"down": {"uv": [4, 4, 8, 8], "texture": "#0"}
			}
		},
		{
			"from": [4, 4.5, 29.5],
			"to": [12.75, 9.25, 32],
			"faces": {
				"north": {"uv": [4, 4, 8, 8], "texture": "#0"},
				"east": {"uv": [4, 4, 8, 8], "texture": "#0"},
				"south": {"uv": [4, 4, 8, 8], "texture": "#0"},
				"west": {"uv": [4, 4, 8, 8], "texture": "#0"},
				"up": {"uv": [4, 4, 8, 8], "texture": "#0"},
				"down": {"uv": [4, 4, 8, 8], "texture": "#0"}
			}
		},
		{
			"from": [4, 5.5, -11],
			"to": [12, 8, -6.75],
			"faces": {
				"north": {"uv": [4, 4, 8, 8], "texture": "#0"},
				"east": {"uv": [4, 4, 8, 8], "texture": "#0"},
				"south": {"uv": [4, 4, 8, 8], "texture": "#0"},
				"west": {"uv": [4, 4, 8, 8], "texture": "#0"},
				"up": {"uv": [4, 4, 8, 8], "texture": "#0"},
				"down": {"uv": [4, 4, 8, 8], "texture": "#0"}
			}
		},
		{
			"from": [5.25, 5.75, -7.5],
			"to": [9, 7.25, -6],
			"faces": {
				"north": {"uv": [9, 8, 13, 12], "texture": "#0"},
				"east": {"uv": [9, 8, 13, 12], "texture": "#0"},
				"south": {"uv": [9, 8, 13, 12], "texture": "#0"},
				"west": {"uv": [9, 8, 13, 12], "texture": "#0"},
				"up": {"uv": [9, 8, 13, 12], "texture": "#0"},
				"down": {"uv": [9, 8, 13, 12], "texture": "#0"}
			}
		},
		{
			"from": [4, 0.75, -12.75],
			"to": [12, 5.75, -8.25],
			"faces": {
				"north": {"uv": [4, 4, 8, 8], "texture": "#0"},
				"east": {"uv": [4, 4, 8, 8], "texture": "#0"},
				"south": {"uv": [4, 4, 8, 8], "texture": "#0"},
				"west": {"uv": [4, 4, 8, 8], "texture": "#0"},
				"up": {"uv": [4, 4, 8, 8], "texture": "#0"},
				"down": {"uv": [4, 4, 8, 8], "texture": "#0"}
			}
		},
		{
			"from": [4, 0, -8.75],
			"to": [12, 1, 17],
			"faces": {
				"north": {"uv": [4, 4, 8, 8], "texture": "#0"},
				"east": {"uv": [4, 4, 8, 8], "texture": "#0"},
				"south": {"uv": [4, 4, 8, 8], "texture": "#0"},
				"west": {"uv": [4, 4, 8, 8], "texture": "#0"},
				"up": {"uv": [4, 4, 8, 8], "texture": "#0"},
				"down": {"uv": [4, 4, 8, 8], "texture": "#0"}
			}
		},
		{
			"from": [4.5, 1, 8.25],
			"to": [11.5, 5, 14.25],
			"faces": {
				"north": {"uv": [8, 0, 11.5, 2], "texture": "#0"},
				"east": {"uv": [8, 0, 11, 2], "texture": "#0"},
				"south": {"uv": [8, 0, 11.5, 2], "texture": "#0"},
				"west": {"uv": [8, 0, 11, 2], "texture": "#0"},
				"up": {"uv": [8, 0, 11.5, 3], "texture": "#0"},
				"down": {"uv": [8, 0, 11.5, 3], "texture": "#0"}
			}
		},
		{
			"from": [4.5, 1, 14.25],
			"to": [11.5, 11, 15.25],
			"faces": {
				"north": {"uv": [8, 0, 11.5, 5], "texture": "#0"},
				"east": {"uv": [8, 0, 8.5, 5], "texture": "#0"},
				"south": {"uv": [8, 0, 11.5, 5], "texture": "#0"},
				"west": {"uv": [8, 0, 8.5, 5], "texture": "#0"},
				"up": {"uv": [8, 0, 11.5, 0.5], "texture": "#0"},
				"down": {"uv": [8, 0, 11.5, 0.5], "texture": "#0"}
			}
		},
		{
			"from": [4.5, 1, -2.75],
			"to": [11.5, 5, 3.25],
			"faces": {
				"north": {"uv": [8, 0, 11.5, 2], "texture": "#0"},
				"east": {"uv": [8, 0, 11, 2], "texture": "#0"},
				"south": {"uv": [8, 0, 11.5, 2], "texture": "#0"},
				"west": {"uv": [8, 0, 11, 2], "texture": "#0"},
				"up": {"uv": [8, 0, 11.5, 3], "texture": "#0"},
				"down": {"uv": [8, 0, 11.5, 3], "texture": "#0"}
			}
		},
		{
			"from": [4.5, 1, 3.25],
			"to": [11.5, 11, 4.25],
			"faces": {
				"north": {"uv": [8, 0, 11.5, 5], "texture": "#0"},
				"east": {"uv": [8, 0, 8.5, 5], "texture": "#0"},
				"south": {"uv": [8, 0, 11.5, 5], "texture": "#0"},
				"west": {"uv": [8, 0, 8.5, 5], "texture": "#0"},
				"up": {"uv": [8, 0, 11.5, 0.5], "texture": "#0"},
				"down": {"uv": [8, 0, 11.5, 0.5], "texture": "#0"}
			}
		},
		{
			"from": [8, 4.51, 27.25],
			"to": [8.5, 20.5, 32],
			"rotation": {"angle": 45, "axis": "x", "origin": [8.25, 12.505, 30.625]},
			"faces": {
				"north": {"uv": [4, 4, 8, 8], "texture": "#0", "rotation": 270},
				"east": {"uv": [4, 4, 8, 8], "texture": "#0", "rotation": 270},
				"south": {"uv": [4, 4, 8, 8], "texture": "#0", "rotation": 270},
				"west": {"uv": [4, 4, 8, 8], "texture": "#0", "rotation": 270},
				"up": {"uv": [4, 4, 8, 8], "texture": "#0", "rotation": 270},
				"down": {"uv": [4, 4, 8, 8], "texture": "#0", "rotation": 270}
			}
		},
		{
			"from": [-16, 1.25, -4.5],
			"to": [3.99, 1.5, 6.25],
			"faces": {
				"north": {"uv": [4, 4, 8, 8], "texture": "#0"},
				"east": {"uv": [4, 4, 8, 8], "texture": "#0"},
				"south": {"uv": [4, 4, 8, 8], "texture": "#0"},
				"west": {"uv": [4, 4, 8, 8], "texture": "#0"},
				"up": {"uv": [4, 4, 8, 8], "texture": "#0"},
				"down": {"uv": [4, 4, 8, 8], "texture": "#0"}
			}
		},
		{
			"from": [-16, 16.25, -4.5],
			"to": [7.99, 16.5, 6.25],
			"faces": {
				"north": {"uv": [4, 4, 8, 8], "texture": "#0"},
				"east": {"uv": [4, 4, 8, 8], "texture": "#0"},
				"south": {"uv": [4, 4, 8, 8], "texture": "#0"},
				"west": {"uv": [4, 4, 8, 8], "texture": "#0"},
				"up": {"uv": [4, 4, 8, 8], "texture": "#0"},
				"down": {"uv": [4, 4, 8, 8], "texture": "#0"}
			}
		},
		{
			"from": [12, 1.25, -4.5],
			"to": [31.99, 1.5, 6.25],
			"faces": {
				"north": {"uv": [4, 4, 8, 8], "texture": "#0"},
				"east": {"uv": [4, 4, 8, 8], "texture": "#0"},
				"south": {"uv": [4, 4, 8, 8], "texture": "#0"},
				"west": {"uv": [4, 4, 8, 8], "texture": "#0"},
				"up": {"uv": [4, 4, 8, 8], "texture": "#0"},
				"down": {"uv": [4, 4, 8, 8], "texture": "#0"}
			}
		},
		{
			"from": [8, 16.25, -4.5],
			"to": [31.99, 16.5, 6.25],
			"faces": {
				"north": {"uv": [4, 4, 8, 8], "texture": "#0"},
				"east": {"uv": [4, 4, 8, 8], "texture": "#0"},
				"south": {"uv": [4, 4, 8, 8], "texture": "#0"},
				"west": {"uv": [4, 4, 8, 8], "texture": "#0"},
				"up": {"uv": [4, 4, 8, 8], "texture": "#0"},
				"down": {"uv": [4, 4, 8, 8], "texture": "#0"}
			}
		},
		{
			"from": [-9.25, 1.5, 2.75],
			"to": [-8, 16.25, 3.25],
			"rotation": {"angle": 0, "axis": "x", "origin": [-2, 11.5, 3]},
			"faces": {
				"north": {"uv": [12, 0, 16, 4], "texture": "#0", "rotation": 180},
				"east": {"uv": [12, 0, 16, 4], "texture": "#0", "rotation": 180},
				"south": {"uv": [12, 0, 16, 4], "texture": "#0", "rotation": 180},
				"west": {"uv": [12, 0, 16, 4], "texture": "#0", "rotation": 180},
				"up": {"uv": [12, 0, 16, 4], "texture": "#0", "rotation": 180},
				"down": {"uv": [12, 0, 16, 4], "texture": "#0", "rotation": 180}
			}
		},
		{
			"from": [-9.25, 1.5, -3.25],
			"to": [-8, 16.25, -2.75],
			"rotation": {"angle": 0, "axis": "x", "origin": [-2, 11.5, -3]},
			"faces": {
				"north": {"uv": [12, 0, 16, 4], "texture": "#0", "rotation": 180},
				"east": {"uv": [12, 0, 16, 4], "texture": "#0", "rotation": 180},
				"south": {"uv": [12, 0, 16, 4], "texture": "#0", "rotation": 180},
				"west": {"uv": [12, 0, 16, 4], "texture": "#0", "rotation": 180},
				"up": {"uv": [12, 0, 16, 4], "texture": "#0", "rotation": 180},
				"down": {"uv": [12, 0, 16, 4], "texture": "#0", "rotation": 180}
			}
		},
		{
			"from": [-9.25, 0.5, -2],
			"to": [-8, 17, -1.5],
			"rotation": {"angle": -22.5, "axis": "x", "origin": [-2, 11.5, -1.75]},
			"faces": {
				"north": {"uv": [12, 0, 16, 4], "texture": "#0", "rotation": 180},
				"east": {"uv": [12, 0, 16, 4], "texture": "#0", "rotation": 180},
				"south": {"uv": [12, 0, 16, 4], "texture": "#0", "rotation": 180},
				"west": {"uv": [12, 0, 16, 4], "texture": "#0", "rotation": 180},
				"up": {"uv": [12, 0, 16, 4], "texture": "#0", "rotation": 180},
				"down": {"uv": [12, 0, 16, 4], "texture": "#0", "rotation": 180}
			}
		},
		{
			"from": [25.75, 1.5, 2.75],
			"to": [27, 16.25, 3.25],
			"rotation": {"angle": 0, "axis": "x", "origin": [33, 11.5, 3]},
			"faces": {
				"north": {"uv": [12, 0, 16, 4], "texture": "#0", "rotation": 180},
				"east": {"uv": [12, 0, 16, 4], "texture": "#0", "rotation": 180},
				"south": {"uv": [12, 0, 16, 4], "texture": "#0", "rotation": 180},
				"west": {"uv": [12, 0, 16, 4], "texture": "#0", "rotation": 180},
				"up": {"uv": [12, 0, 16, 4], "texture": "#0", "rotation": 180},
				"down": {"uv": [12, 0, 16, 4], "texture": "#0", "rotation": 180}
			}
		},
		{
			"from": [25.75, 1.5, -3.25],
			"to": [27, 16.25, -2.75],
			"rotation": {"angle": 0, "axis": "x", "origin": [33, 11.5, -3]},
			"faces": {
				"north": {"uv": [12, 0, 16, 4], "texture": "#0", "rotation": 180},
				"east": {"uv": [12, 0, 16, 4], "texture": "#0", "rotation": 180},
				"south": {"uv": [12, 0, 16, 4], "texture": "#0", "rotation": 180},
				"west": {"uv": [12, 0, 16, 4], "texture": "#0", "rotation": 180},
				"up": {"uv": [12, 0, 16, 4], "texture": "#0", "rotation": 180},
				"down": {"uv": [12, 0, 16, 4], "texture": "#0", "rotation": 180}
			}
		},
		{
			"from": [25.75, 0.5, -2],
			"to": [27, 17, -1.5],
			"rotation": {"angle": -22.5, "axis": "x", "origin": [33, 11.5, -1.75]},
			"faces": {
				"north": {"uv": [12, 0, 16, 4], "texture": "#0", "rotation": 180},
				"east": {"uv": [12, 0, 16, 4], "texture": "#0", "rotation": 180},
				"south": {"uv": [12, 0, 16, 4], "texture": "#0", "rotation": 180},
				"west": {"uv": [12, 0, 16, 4], "texture": "#0", "rotation": 180},
				"up": {"uv": [12, 0, 16, 4], "texture": "#0", "rotation": 180},
				"down": {"uv": [12, 0, 16, 4], "texture": "#0", "rotation": 180}
			}
		}
	],
	"display": {
		"head": {
			"scale": [4, 4, 4],
			"translation": [0, 18.5, 29]
		},
		"gui": {
			"scale": [0.3, 0.3, 0.3],
			"rotation": [61, 54, 0]
		}
	},
	"groups": [0, 1, 2, 3, 4, 5, 6, 7, 8, 9, 10, 11, 12, 13, 14, 15, 16,
		{
			"name": "chair",
			"isOpen": false,
			"shade": true,
			"display": {
				"visibility": true,
				"autouv": true
			},
			"children": [17, 18]
		},
		{
			"name": "chair",
			"shade": true,
			"display": {
				"visibility": true,
				"autouv": true
			},
			"children": [19, 20]
		},
		{
			"name": "wing1",
			"isOpen": true,
			"shade": true,
			"display": {
				"visibility": true,
				"autouv": true
			},
			"children": [21]
		},
		{
			"name": "wing1",
			"isOpen": true,
			"shade": true,
			"display": {
				"visibility": true,
				"autouv": true
			},
			"children": [22, 23]
		},
		{
			"name": "wing1",
			"isOpen": true,
			"shade": true,
			"display": {
				"visibility": true,
				"autouv": true
			},
			"children": [24, 25]
		},
		{
			"name": "struts",
			"isOpen": true,
			"shade": true,
			"display": {
				"visibility": true,
				"autouv": true
			},
			"children": [26, 27, 28]
		},
		{
			"name": "struts",
			"shade": true,
			"display": {
				"visibility": true,
				"autouv": true
			},
			"children": [29, 30, 31]
		}
	]
}