{
    "bulletbig": {
        "replace": false,
        "sounds": [
            "bulletbig"
        ]
    },
    "bulletmedium": {
        "replace": false,
        "sounds": [
            "bulletmedium"
        ]
    },
    "bulletsmall": {
        "replace": false,
        "sounds": [
            "bulletsmall"
        ]
    },
    "bulletauto": {
        "replace": false,
        "sounds": [
            "bulletauto"
        ]
    },
    "reloadbolt": {
        "replace": false,
        "sounds": [
            "reloadbolt"
        ]
    },
    "reloadbullet": {
        "replace": false,
        "sounds": [
            "reloadbullet"
        ]
    },
    "reloadmagin": {
        "replace": false,
        "sounds": [
            "reloadmagin"
        ]
    },
    "reloadmagout": {
        "replace": false,
        "sounds": [
            "reloadmagout"
        ]
    },
    "warheadexplode": {
        "replace": false,
        "sounds": [
            "warheadexplode"
        ]
    },
    "warheadlaunch": {
        "replace": false,
        "sounds": [
            "warheadlaunch"
        ]
    },
    "bulletlazer": {
        "replace": false,
        "sounds": [
            "bulletlazer"
        ]
    }
}