{
	"__comment": "MP5 Model made by HUNAJAMELONI",
	"textures": {
		"texture": "items/mp5"
	},
	"elements": [
		{
			"from": [ 14.5, 8.5, 4 ],
			"to": [ 15.5, 9, 4.5 ],
			"faces": {
				"down": { "uv": [ 5.25, 9, 4.25, 8.5 ], "texture": "#texture" },
				"up": { "uv": [ 3.25, 8.5, 4.25, 9 ], "texture": "#texture" },
				"north": { "uv": [ 5.25, 13, 6.25, 13.5 ], "texture": "#texture" },
				"south": { "uv": [ 5.25, 13, 6.25, 13.5 ], "texture": "#texture" },
				"west": { "uv": [ 5, 14.5, 5.5, 15 ], "texture": "#texture" },
				"east": { "uv": [ 5, 14.5, 5.5, 15 ], "texture": "#texture" }
			}
		},
		{
			"from": [ 14, 8.25, 3.875 ],
			"to": [ 14.5, 9.75, 4.625 ],
			"faces": {
				"down": { "uv": [ 11.5, 4, 12, 5 ], "texture": "#texture" },
				"up": { "uv": [ 11.5, 4, 12, 5 ], "texture": "#texture" },
				"north": { "uv": [ 8.5, 4, 9, 5 ], "texture": "#texture" },
				"south": { "uv": [ 8.5, 4, 9, 5 ], "texture": "#texture" },
				"west": { "uv": [ 9.5, 4, 10, 5 ], "texture": "#texture" },
				"east": { "uv": [ 9.5, 4, 10, 5 ], "texture": "#texture" }
			}
		},
		{
			"from": [ 5.25, 9.25, 4 ],
			"to": [ 14.25, 9.75, 4.5 ],
			"faces": {
				"down": { "uv": [ 10.5, 10, 1.5, 9.5 ], "texture": "#texture" },
				"up": { "uv": [ 1, 8.5, 10, 9 ], "texture": "#texture" },
				"north": { "uv": [ 1, 8.75, 12.5, 10 ], "texture": "#texture" },
				"south": { "uv": [ 1, 8.75, 12.5, 10 ], "texture": "#texture" },
				"west": { "uv": [ 4, 9, 4.5, 9.5 ], "texture": "#texture" },
				"east": { "uv": [ 4, 9, 4.5, 9.5 ], "texture": "#texture" }
			}
		},
		{
			"from": [ 14.25, 9.75, 4.125 ],
			"to": [ 14.5, 10, 4.375 ],
			"faces": {
				"down": { "uv": [ 10.5, 11.75, 10.75, 12 ], "texture": "#texture" },
				"up": { "uv": [ 10.5, 11.75, 10.75, 12 ], "texture": "#texture" },
				"north": { "uv": [ 4.5, 11.5, 4.75, 11.75 ], "texture": "#texture" },
				"south": { "uv": [ 4.5, 11.5, 4.75, 11.75 ], "texture": "#texture" },
				"west": { "uv": [ 5, 11.5, 5.25, 11.75 ], "texture": "#texture" },
				"east": { "uv": [ 5, 11.5, 5.25, 11.75 ], "texture": "#texture" }
			}
		},
		{
			"from": [ 14.25, 10, 4.0625 ],
			"to": [ 14.5, 10.375, 4.4375 ],
			"faces": {
				"down": { "uv": [ 10.75, 11.5, 11, 11.875 ], "texture": "#texture" },
				"up": { "uv": [ 10.75, 11.5, 11, 11.875 ], "texture": "#texture" },
				"north": { "uv": [ 8.5, 11.5, 8.75, 11.875 ], "texture": "#texture" },
				"south": { "uv": [ 8.5, 11.5, 8.75, 11.875 ], "texture": "#texture" },
				"west": { "uv": [ 5, 11.75, 5.375, 12.125 ], "texture": "#texture" },
				"east": { "uv": [ 5, 11.75, 5.375, 12.125 ], "texture": "#texture" }
			}
		},
		{
			"from": [ 12.875, 8.25, 3.75 ],
			"to": [ 14.125, 9.25, 4.75 ],
			"faces": {
				"down": { "uv": [ 7.5, 4.5, 15, 5 ], "texture": "#texture" },
				"up": { "uv": [ 7.5, 3.5, 15, 4 ], "texture": "#texture" },
				"north": { "uv": [ 7.5, 3.5, 15, 5 ], "texture": "#texture" },
				"south": { "uv": [ 7.5, 3.5, 15, 5 ], "texture": "#texture" },
				"west": { "uv": [ 7.75, 4, 8.75, 5 ], "texture": "#texture" },
				"east": { "uv": [ 7.75, 4, 8.75, 5 ], "texture": "#texture" }
			}
		},
		{
			"from": [ 10.125, 8, 3.75 ],
			"to": [ 12.875, 9.25, 4.75 ],
			"faces": {
				"down": { "uv": [ 10.25, 5, 13.25, 5.5 ], "texture": "#texture" },
				"up": { "uv": [ 10, 3.5, 13, 4 ], "texture": "#texture" },
				"north": { "uv": [ 7.5, 3.5, 15, 5.25 ], "texture": "#texture" },
				"south": { "uv": [ 7.5, 3.5, 15, 5.25 ], "texture": "#texture" },
				"west": { "uv": [ 10.25, 3.5, 11.25, 5.25 ], "texture": "#texture" },
				"east": { "uv": [ 10.25, 3.5, 11.25, 5.25 ], "texture": "#texture" }
			}
		},
		{
			"from": [ 10, 7.875, 3.75 ],
			"to": [ 12.25, 9.25, 4.75 ],
			"faces": {
				"down": { "uv": [ 10, 5, 12.25, 5.5 ], "texture": "#texture" },
				"up": { "uv": [ 10, 3.5, 12.25, 4 ], "texture": "#texture" },
				"north": { "uv": [ 7.5, 3.5, 15, 5.5 ], "texture": "#texture" },
				"south": { "uv": [ 7.5, 3.5, 15, 5.5 ], "texture": "#texture" },
				"west": { "uv": [ 7.5, 3.5, 8.5, 5.5 ], "texture": "#texture" },
				"east": { "uv": [ 7.5, 3.5, 8.5, 5.5 ], "texture": "#texture" }
			}
		},
		{
			"from": [ 9.75, 7.75, 3.75 ],
			"to": [ 11.25, 9.25, 4.75 ],
			"faces": {
				"down": { "uv": [ 9.75, 6, 11.25, 6.5 ], "texture": "#texture" },
				"up": { "uv": [ 9.5, 5.5, 11, 5.75 ], "texture": "#texture" },
				"north": { "uv": [ 7.5, 3.5, 15, 5.75 ], "texture": "#texture" },
				"south": { "uv": [ 7.5, 3.5, 15, 5.75 ], "texture": "#texture" },
				"west": { "uv": [ 7.75, 3.5, 9, 5.75 ], "texture": "#texture" },
				"east": { "uv": [ 7.75, 3.5, 9, 5.75 ], "texture": "#texture" }
			}
		},
		{
			"from": [ 5.25, 8, 3.875 ],
			"to": [ 9.75, 9.25, 4.625 ],
			"faces": {
				"down": { "uv": [ 10.25, 15, 6, 14.5 ], "texture": "#texture" },
				"up": { "uv": [ 7, 11.5, 11.5, 12 ], "texture": "#texture" },
				"north": { "uv": [ 3.5, 11.5, 12, 15 ], "texture": "#texture" },
				"south": { "uv": [ 3.5, 11.5, 12, 15 ], "texture": "#texture" },
				"west": { "uv": [ 3.5, 11.5, 4.25, 15 ], "texture": "#texture" },
				"east": { "uv": [ 3.5, 11.5, 4.25, 15 ], "texture": "#texture" }
			}
		},
		{
			"from": [ 5.25, 8.75, 3.75 ],
			"to": [ 9.75, 9, 4.75 ],
			"faces": {
				"down": { "uv": [ 6.5, 14.5, 11, 15 ], "texture": "#texture" },
				"up": { "uv": [ 6.5, 11.5, 11, 12 ], "texture": "#texture" },
				"north": { "uv": [ 3.5, 12.5, 12, 13 ], "texture": "#texture" },
				"south": { "uv": [ 3.5, 12.5, 12, 13 ], "texture": "#texture" },
				"west": { "uv": [ 3.75, 7, 4.75, 7.25 ], "texture": "#texture" },
				"east": { "uv": [ 11.25, 7, 12.25, 7.25 ], "texture": "#texture" }
			}
		},
		{
			"from": [ 6, 7.25, 3.875 ],
			"to": [ 9.5, 8, 4.625 ],
			"faces": {
				"down": { "uv": [ 2.75, 1, 6.25, 1.5 ], "texture": "#texture" },
				"up": { "uv": [ 2.75, 1, 6.25, 1.5 ], "texture": "#texture" },
				"north": { "uv": [ 0, 1, 6.5, 4 ], "texture": "#texture" },
				"south": { "uv": [ 0, 1, 6.5, 4 ], "texture": "#texture" },
				"west": { "uv": [ 4, 1, 5.75, 4 ], "texture": "#texture" },
				"east": { "uv": [ 4, 1, 5.75, 4 ], "texture": "#texture" }
			}
		},
		{
			"from": [ 6, 7, 3.875 ],
			"to": [ 8.75, 7.25, 4.625 ],
			"faces": {
				"down": { "uv": [ 2.5, 1, 5.25, 1.5 ], "texture": "#texture" },
				"up": { "uv": [ 2.5, 1, 5.25, 1.5 ], "texture": "#texture" },
				"north": { "uv": [ 1.25, 1, 4, 1.25 ], "texture": "#texture" },
				"south": { "uv": [ 1.25, 1, 4, 1.25 ], "texture": "#texture" },
				"west": { "uv": [ 3.5, 1.25, 4.25, 1.5 ], "texture": "#texture" },
				"east": { "uv": [ 3.5, 1.25, 4.25, 1.5 ], "texture": "#texture" }
			}
		},
		{
			"from": [ 8.375, 6.875, 3.875 ],
			"to": [ 9.25, 7.8125, 4.625 ],
			"rotation": { "origin": [ 8.375, 7.8125, 3.875 ], "axis": "z", "angle": 22.5 },
			"faces": {
				"down": { "uv": [ 5, 2.5, 5.75, 3.25 ], "texture": "#texture" },
				"up": { "uv": [ 5, 2.5, 5.75, 3.25 ], "texture": "#texture" },
				"north": { "uv": [ 4.25, 2, 5, 4 ], "texture": "#texture" },
				"south": { "uv": [ 4.25, 2, 5, 4 ], "texture": "#texture" },
				"west": { "uv": [ 3.5, 2.25, 4.25, 3.5 ], "texture": "#texture" },
				"east": { "uv": [ 3.5, 2.25, 4.25, 3.5 ], "texture": "#texture" }
			}
		},
		{
			"from": [ 8.625, 5.375, 3.875 ],
			"to": [ 9.375, 7.375, 4.625 ],
			"faces": {
				"down": { "uv": [ 15.25, 10.5, 14.5, 9.75 ], "texture": "#texture" },
				"up": { "uv": [ 14.5, 10, 15.25, 10.75 ], "texture": "#texture" },
				"north": { "uv": [ 13.5, 9.5, 15.5, 15 ], "texture": "#texture" },
				"south": { "uv": [ 13.5, 9.5, 15.5, 15 ], "texture": "#texture" },
				"west": { "uv": [ 13.5, 9.5, 14, 15 ], "texture": "#texture" },
				"east": { "uv": [ 13.5, 9.5, 14, 15 ], "texture": "#texture" }
			}
		},
		{
			"from": [ 8.5625, 4, 3.875 ],
			"to": [ 9.3125, 5.4375, 4.625 ],
			"rotation": { "origin": [ 8.5625, 5.4375, 3.875 ], "axis": "z", "angle": 22.5 },
			"faces": {
				"down": { "uv": [ 15.25, 11.75, 14.5, 11 ], "texture": "#texture" },
				"up": { "uv": [ 14.5, 10, 15.25, 10.75 ], "texture": "#texture" },
				"north": { "uv": [ 13.5, 9.5, 15.25, 15 ], "texture": "#texture" },
				"south": { "uv": [ 13.5, 9.5, 15.25, 15 ], "texture": "#texture" },
				"west": { "uv": [ 14.5, 9.5, 15.25, 10.75 ], "texture": "#texture" },
				"east": { "uv": [ 14.75, 9.5, 15.5, 10.75 ], "texture": "#texture" }
			}
		},
		{
			"from": [ 5.0625, 6.5625, 3.875 ],
			"to": [ 5.9375, 8, 4.625 ],
			"rotation": { "origin": [ 5.0625, 8, 3.875 ], "axis": "z", "angle": 45 },
			"faces": {
				"down": { "uv": [ 5, 2.25, 5.75, 3 ], "texture": "#texture" },
				"up": { "uv": [ 5, 2.25, 5.75, 3 ], "texture": "#texture" },
				"north": { "uv": [ 4.75, 2.25, 5.5, 3.5 ], "texture": "#texture" },
				"south": { "uv": [ 4.75, 2.25, 5.5, 3.5 ], "texture": "#texture" },
				"west": { "uv": [ 4.25, 1.75, 5, 3 ], "texture": "#texture" },
				"east": { "uv": [ 4.25, 1.75, 5, 3 ], "texture": "#texture" }
			}
		},
		{
			"from": [ 5.875, 5.4375, 3.875 ],
			"to": [ 6.875, 7.625, 4.625 ],
			"rotation": { "origin": [ 5.875, 7.625, 3.875 ], "axis": "z", "angle": -22.5 },
			"faces": {
				"down": { "uv": [ 4.25, 1, 5, 1.5 ], "texture": "#texture" },
				"up": { "uv": [ 4.25, 1, 5, 1.5 ], "texture": "#texture" },
				"north": { "uv": [ 4, 1, 4.75, 1.5 ], "texture": "#texture" },
				"south": { "uv": [ 4, 1, 4.75, 1.5 ], "texture": "#texture" },
				"west": { "uv": [ 3.75, 3.5, 4.75, 4 ], "texture": "#texture" },
				"east": { "uv": [ 3.75, 3.5, 4.75, 4 ], "texture": "#texture" }
			}
		},
		{
			"from": [ 6.3125, 6.25, 3.875 ],
			"to": [ 7.625, 6.4375, 4.625 ],
			"faces": {
				"down": { "uv": [ 9.6875, 4.625, 8.375, 3.875 ], "texture": "#texture" },
				"up": { "uv": [ 6.3125, 3.875, 7.625, 4.625 ], "texture": "#texture" },
				"north": { "uv": [ 8.375, 9.5625, 9.6875, 9.75 ], "texture": "#texture" },
				"south": { "uv": [ 6.3125, 9.5625, 7.625, 9.75 ], "texture": "#texture" },
				"west": { "uv": [ 3.875, 9.5625, 4.625, 9.75 ], "texture": "#texture" },
				"east": { "uv": [ 11.375, 9.5625, 12.125, 9.75 ], "texture": "#texture" }
			}
		},
		{
			"from": [ 7.4375, 6.25, 3.875 ],
			"to": [ 7.625, 7, 4.625 ],
			"faces": {
				"down": { "uv": [ 8.5625, 4.625, 8.375, 3.875 ], "texture": "#texture" },
				"up": { "uv": [ 7.4375, 3.875, 7.625, 4.625 ], "texture": "#texture" },
				"north": { "uv": [ 8.375, 9, 8.5625, 9.75 ], "texture": "#texture" },
				"south": { "uv": [ 7.4375, 9, 7.625, 9.75 ], "texture": "#texture" },
				"west": { "uv": [ 3.875, 9, 4.625, 9.75 ], "texture": "#texture" },
				"east": { "uv": [ 11.375, 9, 12.125, 9.75 ], "texture": "#texture" }
			}
		},
		{
			"from": [ 4.5, 7.75, 3.75 ],
			"to": [ 5.25, 9.75, 4.75 ],
			"faces": {
				"down": { "uv": [ 10.75, 12, 10, 11.5 ], "texture": "#texture" },
				"up": { "uv": [ 10.5, 14.5, 11.25, 15 ], "texture": "#texture" },
				"north": { "uv": [ 4.75, 1, 6, 4 ], "texture": "#texture" },
				"south": { "uv": [ 4.75, 1, 6, 4 ], "texture": "#texture" },
				"west": { "uv": [ 10.75, 11.5, 12, 12 ], "texture": "#texture" },
				"east": { "uv": [ 10.75, 11.5, 12, 12 ], "texture": "#texture" }
			}
		},
		{
			"from": [ 4.5, 8.75, 3.75 ],
			"to": [ 5.25, 9.75, 4.75 ],
			"rotation": { "origin": [ 4.5, 9.75, 3.75 ], "axis": "z", "angle": -22.5 },
			"faces": {
				"down": { "uv": [ 9.75, 15, 11.25, 14.5 ], "texture": "#texture" },
				"up": { "uv": [ 9.25, 8.5, 10.75, 9 ], "texture": "#texture" },
				"north": { "uv": [ 2.75, 1, 3.5, 3.5 ], "texture": "#texture" },
				"south": { "uv": [ 2.75, 1, 3.5, 4 ], "texture": "#texture" },
				"west": { "uv": [ 5.75, 11.5, 6.75, 12 ], "texture": "#texture" },
				"east": { "uv": [ 5.75, 11.5, 6.75, 12 ], "texture": "#texture" }
			}
		},
		{
			"from": [ 4.125, 7.75, 3.75 ],
			"to": [ 4.875, 8.8125, 4.75 ],
			"faces": {
				"down": { "uv": [ 8.5, 15, 10.25, 14.5 ], "texture": "#texture" },
				"up": { "uv": [ 6.25, 8.5, 8.5, 9 ], "texture": "#texture" },
				"north": { "uv": [ 3, 1.5, 3.75, 4 ], "texture": "#texture" },
				"south": { "uv": [ 3, 1.5, 3.75, 4 ], "texture": "#texture" },
				"west": { "uv": [ 8, 11.5, 9, 12 ], "texture": "#texture" },
				"east": { "uv": [ 8, 11.5, 9, 12 ], "texture": "#texture" }
			}
		},
		{
			"from": [ -0.25, 8.5, 4 ],
			"to": [ 4.25, 9, 4.5 ],
			"faces": {
				"down": { "uv": [ 11.5, 9.75, 7.25, 9.25 ], "texture": "#texture" },
				"up": { "uv": [ 5.5, 8.5, 9.75, 9 ], "texture": "#texture" },
				"north": { "uv": [ 1, 8.5, 12.5, 10 ], "texture": "#texture" },
				"south": { "uv": [ 1, 8.5, 12.5, 10 ], "texture": "#texture" },
				"west": { "uv": [ 4, 9, 4.5, 9.5 ], "texture": "#texture" },
				"east": { "uv": [ 4, 9, 4.5, 9.5 ], "texture": "#texture" }
			}
		},
		{
			"from": [ -0.25, 8.25, 3.75 ],
			"to": [ 0.75, 9.25, 4.75 ],
			"faces": {
				"down": { "uv": [ 1, 1, 1.75, 1.5 ], "texture": "#texture" },
				"up": { "uv": [ 1, 1, 1.75, 1.5 ], "texture": "#texture" },
				"north": { "uv": [ 4, 1, 4.75, 1.5 ], "texture": "#texture" },
				"south": { "uv": [ 4, 1, 4.75, 1.5 ], "texture": "#texture" },
				"west": { "uv": [ 3.5, 1, 4.5, 1.5 ], "texture": "#texture" },
				"east": { "uv": [ 3.5, 1, 4.5, 1.5 ], "texture": "#texture" }
			}
		},
		{
			"from": [ -0.25, 7, 3.75 ],
			"to": [ 0.25, 8.25, 4.75 ],
			"faces": {
				"down": { "uv": [ 1, 1, 3.25, 1.5 ], "texture": "#texture" },
				"up": { "uv": [ 1, 1, 3.25, 1.5 ], "texture": "#texture" },
				"north": { "uv": [ 4.75, 1, 6, 1.5 ], "texture": "#texture" },
				"south": { "uv": [ 4.75, 1, 6, 1.5 ], "texture": "#texture" },
				"west": { "uv": [ 3.5, 1, 5.25, 1.5 ], "texture": "#texture" },
				"east": { "uv": [ 3.5, 1, 5.25, 1.5 ], "texture": "#texture" }
			}
		},
		{
			"from": [ 5.25, 8.25, 3.75 ],
			"to": [ 9.75, 8.5, 4.75 ],
			"faces": {
				"down": { "uv": [ 4, 12.5, 8.5, 13 ], "texture": "#texture" },
				"up": { "uv": [ 4, 12.5, 8.5, 13 ], "texture": "#texture" },
				"north": { "uv": [ 3.75, 13.5, 8.25, 13.75 ], "texture": "#texture" },
				"south": { "uv": [ 3.75, 13.5, 8.25, 13.75 ], "texture": "#texture" },
				"west": { "uv": [ 5, 12.75, 6, 13 ], "texture": "#texture" },
				"east": { "uv": [ 5, 12.75, 6, 13 ], "texture": "#texture" }
			}
		},
		{
			"from": [ 9, 8.5, 3.75 ],
			"to": [ 9.75, 9, 4.75 ],
			"faces": {
				"down": { "uv": [ 8.75, 12.5, 9.5, 13 ], "texture": "#texture" },
				"up": { "uv": [ 8.75, 12.5, 9.5, 13 ], "texture": "#texture" },
				"north": { "uv": [ 7, 12.5, 7.75, 13 ], "texture": "#texture" },
				"south": { "uv": [ 8, 12.5, 8.75, 13 ], "texture": "#texture" },
				"west": { "uv": [ 10.5, 12, 11.5, 12.5 ], "texture": "#texture" },
				"east": { "uv": [ 10.5, 12, 11.5, 12.5 ], "texture": "#texture" }
			}
		},
		{
			"from": [ 5.25, 8.5, 3.75 ],
			"to": [ 5.5, 9, 4.75 ],
			"faces": {
				"down": { "uv": [ 11, 13, 11.75, 12.5 ], "texture": "#texture" },
				"up": { "uv": [ 11, 13, 11.75, 12.5 ], "texture": "#texture" },
				"north": { "uv": [ 11.25, 12.5, 11.5, 13 ], "texture": "#texture" },
				"south": { "uv": [ 11.25, 12.5, 11.5, 13 ], "texture": "#texture" },
				"west": { "uv": [ 7, 12, 8, 12.5 ], "texture": "#texture" },
				"east": { "uv": [ 7, 12, 8, 12.5 ], "texture": "#texture" }
			}
		}
	],
	"display": {
		"thirdperson_righthand": {
			"rotation":  [ -1, 88, 9 ],
			"translation":  [ 4.35, 1.32, -1.13 ],
			"scale":  [ 1.4, 1.4, 1.4 ]
		},
		"thirdperson_lefthand": {
			"rotation":  [ 17, -99, 9 ],
			"translation":  [ -5.29, 1.32, -1.12 ],
			"scale":  [ 1.4, 1.4, 1.4 ]
		},
		"firstperson_righthand": {
			"rotation":  [ 1, 81, -1 ],
			"translation":  [ 0.19, 2.83, 3.21 ],
			"scale":  [ 1.04, 1.26, 1.13 ]
		},
		"firstperson_lefthand": {
			"rotation":  [ 1, -96, -1 ],
			"translation":  [ -6.8, 3.02, 1.89 ],
			"scale":  [ 1.04, 1.26, 1.12 ]
		},
		"gui": {
			"rotation":  [ -9, -38, 30 ],
			"translation":  [ -1.7, 0.38, 0 ],
			"scale":  [ 1.2, 1.2, 1.2 ]
		},
		"head": {
			"rotation":  [ 1, 6, 33 ],
			"translation":  [ 0.57, -15.31, 12.47 ],
			"scale":  [ 2, 2, 2 ]
		},
		"ground": {
			"rotation":  [ 0, 41, 41 ],
			"translation":  [ 0.19, -0.19, 0 ]
		},
		"fixed": {
			"rotation":  [ 3, -180, 43 ],
			"translation":  [ -1.32, 0, -6.05 ],
			"scale":  [ 1.5, 1.5, 1.5 ]
		}
	}
}